 Address,住所,
 Amount,額,
 BOM,ボム,
 Is Child Table,チャイルドテーブルです,
 Is Subcontracted,下請けされています,
 Item,アイテム,
 Name,名前,
 Rate,レート,
 Raw Material,原材料,
 Reserve Stock,予備株,
 Skip Material Transfer,素材の転送をスキップします,
 Sub Assembly,サブアセンブリ,
 Summary,まとめ,
"""Customer Provided Item"" cannot be Purchase Item also",「顧客提供されたアイテム」も購入することはできません,
"""Customer Provided Item"" cannot have Valuation Rate",「顧客提供されたアイテム」は評価率を持つことはできません,
"""Is Fixed Asset"" cannot be unchecked, as Asset record exists against the item",資産記録がアイテムに対して存在するため、「固定資産」はチェックされません,
"""SN-01::10"" for ""SN-01"" to ""SN-10""",「SN-01」から「SN-10」の「SN-01 :: 10」,
# In Stock,＃ 在庫あり,
# Req'd Items,＃req'dアイテム,
%  Delivered,％配信,
% Amount Billed,請求された％,
% Billed,％請求,
% Complete Method,％完全な方法,
% Completed,％完成,
% Delivered,％配信,
% Finished Item Quantity,％完成したアイテム数量,
% Installed,％インストール,
% Occupied,％占有,
% Of Grand Total,総計の％,
% Ordered,％注文,
% Picked,％を選んだ,
% Process Loss,％プロセス損失,
% Progress,％ 進捗,
% Received,％ 受け取った,
% Returned,返された％,
% of materials billed against this Sales Order,この販売注文に対して請求された資料の％,
% of materials delivered against this Pick List,このピックリストに対して配信された材料の％,
% of materials delivered against this Sales Order,この販売注文に対して提供された資料の％,
'Account' in the Accounting section of Customer {0},顧客の会計セクションの「アカウント」{0},
'Allow Multiple Sales Orders Against a Customer's Purchase Order',「顧客の発注書に対して複数の販売注文を許可する」,
'Based On' and 'Group By' can not be same,「基にして」と「グループ」は同じではありません,
'Days Since Last Order' must be greater than or equal to zero,「最後の注文からの日」はゼロ以上でなければなりません,
'Default {0} Account' in Company {1},会社の「デフォルト{0}アカウント」{1},
'Entries' cannot be empty,「エントリ」は空にすることはできません,
'From Date' is required,「日付から」が必要です,
'From Date' must be after 'To Date',「日付から」は「現在まで」の後になければなりません,
'Has Serial No' can not be 'Yes' for non-stock item,「シリアルいいえ」は、非在庫のアイテムの「はい」ではありません,
"'Inspection Required before Delivery' has disabled for the item {0}, no need to create the QI",「配達前に必要な検査」がアイテムのために無効になっている{0}、qiを作成する必要はありません,
"'Inspection Required before Purchase' has disabled for the item {0}, no need to create the QI",「購入前に必要な検査」がアイテム{0}に対して無効になっているため、QIを作成する必要はありません,
'Opening',「オープニング」,
'To Date' is required,「これまで」が必要です,
'To Package No.' cannot be less than 'From Package No.',「パッケージ番号に」 「パッケージ番号から」以下にすることはできません,
'Update Stock' can not be checked because items are not delivered via {0},{0}経由でアイテムが配信されないため、「在庫の更新」はチェックできません,
'Update Stock' cannot be checked for fixed asset sale,「株式の更新」は、固定資産販売をチェックできません,
'{0}' account is already used by {1}. Use another account.,'{0}'アカウントは{1}で既に使用されています。別のアカウントを使用します。,
'{0}' has been already added.,'{0}'はすでに追加されています。,
'{0}' should be in company currency {1}.,'{0}'は会社の通貨{1}である必要があります。,
(A) Qty After Transaction,（a）トランザクション後の数量,
(B) Expected Qty After Transaction,（b）トランザクション後に予想される数量,
(C) Total Qty in Queue,（c）キューの合計数量,
(C) Total qty in queue,（c）キューの合計数量,
(D) Balance Stock Value,（d）株価のバランス,
(E) Balance Stock Value in Queue,（e）キューの株価のバランス,
(F) Change in Stock Value,（f）株価の変化,
(Forecast),（予報）,
(G) Sum of Change in Stock Value,（g）株価の変化の合計,
(H) Change in Stock Value (FIFO Queue),（h）株価の変更（FIFOキュー）,
(H) Valuation Rate,（h）評価率,
(Hour Rate / 60) * Actual Operation Time,（時間率 / 60） *実際の操作時間,
(I) Valuation Rate,（i）評価率,
(J) Valuation Rate as per FIFO,（j）FIFOごとの評価率,
(K) Valuation = Value (D) ÷ Qty (A),（k）評価=値（d）÷数量（a）,
(Purchase Order + Material Request + Actual Expense),（注文 +マテリアルリクエスト +実際の費用）,
(including),（含む）,
* Will be calculated in the transaction.,*トランザクションで計算されます。,
0 - 30 Days,0〜30日,
0-30,0-30,
0-30 Days,0〜30日,
1 Loyalty Points = How much base currency?,1ロイヤルティポイント=どのくらいの基本通貨ですか？,
1 hr,1時間,
1{0},1 {0},
2 Yearly,2年,
3 Yearly,3年,
30 - 60 Days,30〜60日,
30 mins,30分,
30-60,30-60,
30-60 Days,30〜60日,
6 hrs,6時間,
60 - 90 Days,60〜90日,
60-90,60-90,
60-90 Days,60〜90日,
90 - 120 Days,90〜120日,
90 Above,上記の90,
<b>From Time</b> cannot be later than <b>To Time</b> for {0},<b> </b> {0}の場合は<b> </b>,
"<br>
<h4>Note</h4>
<ul>
<li>
You can use <a href=""https://jinja.palletsprojects.com/en/2.11.x/"" target=""_blank"">Jinja tags</a> in <b>Subject</b> and <b>Body</b> fields for dynamic values.
</li><li>
    All fields in this doctype are available under the <b>doc</b> object and all fields for the customer to whom the mail will go to is available under the  <b>customer</b> object.
</li></ul>
<h4> Examples</h4>
<!-- {% raw %} -->
<ul>
    <li><b>Subject</b>:<br><br><pre><code>Statement Of Accounts for {{ customer.customer_name }}</code></pre><br></li>
    <li><b>Body</b>: <br><br>
<pre><code>Hello {{ customer.customer_name }},<br>PFA your Statement Of Accounts from {{ doc.from_date }} to {{ doc.to_date }}.</code> </pre></li>
</ul>
<!-- {% endraw %} -->","<br>
<h4>注</h4>
<ul>
<li>
<a href = ""https://jinja.palletsprojects.com/en/2.11.x/""ターゲット= ""_ blank""> jinjaタグ</a> <b>件名</b>および<b> body </b>動的値のフィールドを使用できます。
</li> <li>
    このDoctypeのすべてのフィールドは、<b> doc </b>オブジェクトの下で利用でき、メールが送信する顧客のすべてのフィールドは<b> customer </b>オブジェクトの下で利用できます。
</li> </ul>
<h4>例</h4>
<！ -  {％raw％}  - >
<ul>
    <li> <b>件名</b>：<br> <br> <pre> <code> {{customer.customer_name}} </code> </pre> <br> </li>
    <li> <b>ボディ</b>：<br> <br>
<pre> <code> hello {{customer.customer_name}}、<br> pfa {{doc.from_date}}から{{doc.to_date}}}}から{doc.from_date}}からaccounts ofアカウントのステートメント
</ul>
<！ -  {％endraw％}  - >",
"<div class=""columnHeading"">Other Details</div>","<div class = ""columnheading"">その他の詳細</div>",
"<div class=""text-muted text-center"">No Matching Bank Transactions Found</div>","<div class = ""text-muted text-center"">一致する銀行取引は見つかりません</div>",
"<div class=""text-muted text-center"">{0}</div>","<div class = ""text-muted text-center""> {0} </div>",
"<div>
<h3> All dimensions in centimeter only </h3>
</div>","<div>
<h3>センチメートルのすべての寸法のみ</h3>
</div>",
"<h3>About Product Bundle</h3>

<p>Aggregate group of <b>Items</b> into another <b>Item</b>. This is useful if you are bundling a certain <b>Items</b> into a package and you maintain stock of the packed <b>Items</b> and not the aggregate <b>Item</b>.</p>
<p>The package <b>Item</b> will have <code>Is Stock Item</code> as <b>No</b> and <code>Is Sales Item</code> as <b>Yes</b>.</p>
<h4>Example:</h4>
<p>If you are selling Laptops and Backpacks separately and have a special price if the customer buys both, then the Laptop + Backpack will be a new Product Bundle Item.</p>","<h3>製品バンドルについて</h3>

<p> <b>アイテムの集計グループ</b> </b> </b>に</b>。これは、特定の<b>アイテムをパッケージにバンドルし、詰め込まれた<b>アイテムのストックを維持している場合に役立ちます</b>。
<p>パッケージ<b>アイテム</b>には<b> no </b> and </code>は<b> code </code> as <b> yes </b>。</b>。
<h4>例：</h4>
<p>ラップトップとバックパックを個別に販売していて、顧客が両方を購入する場合は特別価格がある場合、ラップトップ +バックパックは新製品のバンドルアイテムになります。</p>",
"<h3>Currency Exchange Settings Help</h3>
<p>There are 3 variables that could be used within the endpoint, result key and in values of the parameter.</p>
<p>Exchange rate between {from_currency} and {to_currency} on {transaction_date} is fetched by the API.</p>
<p>Example: If your endpoint is exchange.com/2021-08-01, then, you will have to input exchange.com/{transaction_date}</p>","<h3>通貨交換設定がヘルプ</h3>
<p>エンドポイント、結果キー、およびパラメーターの値に使用できる3つの変数があります。</p>
<p> {transaction_date}の{from_currency}と{to_currency}の間の為替レートは、api。</p>によってフェッチされます。
<p>例：エンドポイントがExchange.com/2021-08-01の場合、exchange.com/{Transaction_date} </p>を入力する必要があります。",
"<h4>Body Text and Closing Text Example</h4>

<div>We have noticed that you have not yet paid invoice {{sales_invoice}} for {{frappe.db.get_value(""Currency"", currency, ""symbol"")}} {{outstanding_amount}}. This is a friendly reminder that the invoice was due on {{due_date}}. Please pay the amount due immediately to avoid any further dunning cost.</div>

<h4>How to get fieldnames</h4>

<p>The fieldnames you can use in your template are the fields in the document. You can find out the fields of any documents via Setup &gt; Customize Form View and selecting the document type (e.g. Sales Invoice)</p>

<h4>Templating</h4>

<p>Templates are compiled using the Jinja Templating Language. To learn more about Jinja, <a class=""strong"" href=""http://jinja.pocoo.org/docs/dev/templates/"">read this documentation.</a></p>","<h4>ボディテキストとクロージングテキストの例</h4>

<div> {{frappe.db.get_value（ ""currency""、currency、 ""symbol""）}}} {{outstanding_amount}} for {frappe.db.get_value（ ""frappe.db.get_value（"" frappe.db.get_value）に対してまだ請求書{{sales_invoice}}を支払っていないことに気付きました。これは、請求書が{{dec_date}}に支払われたことを思い出してください。それ以上のダニングコストを避けるために、すぐに期限の金額を支払ってください。</div>

<h4>フィールド名を取得する方法</h4>

<p>テンプレートで使用できるフィールド名は、ドキュメント内のフィールドです。セットアップ＆gt;を使用して、ドキュメントのフィールドを見つけることができます。フォームビューをカスタマイズし、ドキュメントタイプの選択（販売請求書など）</p>

<h4>テンプレート</h4>

<p>テンプレートは、Jinjaテンプレート言語を使用してコンパイルされます。 jinjaの詳細については、<a class = ""strong"" href = ""http://jinja.pocoo.org/docs/dev/templates/"">このドキュメントを読む。</a> </p>",
"<h4>Contract Template Example</h4>

<pre>Contract for Customer {{ party_name }}

-Valid From : {{ start_date }} 
-Valid To : {{ end_date }}
</pre>

<h4>How to get fieldnames</h4>

<p>The field names you can use in your Contract Template are the fields in the Contract for which you are creating the template. You can find out the fields of any documents via Setup &gt; Customize Form View and selecting the document type (e.g. Contract)</p>

<h4>Templating</h4>

<p>Templates are compiled using the Jinja Templating Language. To learn more about Jinja, <a class=""strong"" href=""http://jinja.pocoo.org/docs/dev/templates/"">read this documentation.</a></p>","<h4>契約テンプレートの例</h4>

<pre> contract for Customer {{party_name}}

-valid from：{{start_date}} 
-valid to：{{end_date}}
</pre>

<h4>フィールド名を取得する方法</h4>

<p>契約テンプレートで使用できるフィールド名は、テンプレートを作成している契約のフィールドです。セットアップ＆gt;を使用して、ドキュメントのフィールドを見つけることができます。フォームビューをカスタマイズし、ドキュメントタイプの選択（契約など）</p>

<h4>テンプレート</h4>

<p>テンプレートは、Jinjaテンプレート言語を使用してコンパイルされます。 jinjaの詳細については、<a class = ""strong"" href = ""http://jinja.pocoo.org/docs/dev/templates/"">このドキュメントを読む。</a> </p>",
"<h4>Standard Terms and Conditions Example</h4>

<pre>Delivery Terms for Order number {{ name }}

-Order Date : {{ transaction_date }} 
-Expected Delivery Date : {{ delivery_date }}
</pre>

<h4>How to get fieldnames</h4>

<p>The fieldnames you can use in your email template are the fields in the document from which you are sending the email. You can find out the fields of any documents via Setup &gt; Customize Form View and selecting the document type (e.g. Sales Invoice)</p>

<h4>Templating</h4>

<p>Templates are compiled using the Jinja Templating Language. To learn more about Jinja, <a class=""strong"" href=""http://jinja.pocoo.org/docs/dev/templates/"">read this documentation.</a></p>","<h4>標準条件の例</h4>

注文番号の<pre>配送項{{name}}

 - 注文日：{{transaction_date}} 
-Expected Delivery Date：{{delivery_date}}
</pre>

<h4>フィールド名を取得する方法</h4>

<p>メールテンプレートで使用できるフィールド名は、メールを送信するドキュメント内のフィールドです。セットアップ＆gt;を使用して、ドキュメントのフィールドを見つけることができます。フォームビューをカスタマイズし、ドキュメントタイプの選択（販売請求書など）</p>

<h4>テンプレート</h4>

<p>テンプレートは、Jinjaテンプレート言語を使用してコンパイルされます。 jinjaの詳細については、<a class = ""strong"" href = ""http://jinja.pocoo.org/docs/dev/templates/"">このドキュメントを読む。</a> </p>",
"<h5 class=""text-muted uppercase"">Or</h5>","<h5 class = ""テキスト溶布の大文字"">または</h5>",
"<label class=""control-label"" style=""margin-bottom: 0px;"">Account Number Settings</label>","<ラベルclass = ""control-label"" style = ""マージンボトム：0px;"">アカウント番号設定</label>",
"<label class=""control-label"" style=""margin-bottom: 0px;"">Amount In Words</label>","<ラベルclass = ""control-label"" style = ""マージンボトム：0px;"">単語の金額</label>",
"<label class=""control-label"" style=""margin-bottom: 0px;"">Date Settings</label>","<ラベルclass = ""control-label"" style = ""マージンボトム：0px;"">日付設定</label>",
<li>Clearance date must be after cheque date for row(s): {0}</li>,<li>クリアランス日は行のチェック日の後でなければなりません：{0} </li>,
<li>Item {0} in row(s) {1} billed more than {2}</li>,<li>項目{0}行{s）{1} {2} </li>を超えて請求されます,
<li>Payment document required for row(s): {0}</li>,<li>行に必要な支払い文書：{0} </li>,
<p>Cannot overbill for the following Items:</p>,<p>次の項目については過剰billできません：</p>,
"<p>In your <b>Email Template</b>, you can use the following special variables:
</p>
<ul>
        <li>
            <code>{{ update_password_link }}</code>: A link where your supplier can set a new password to log into your portal.
        </li>
        <li>
            <code>{{ portal_link }}</code>: A link to this RFQ in your supplier portal.
        </li>
        <li>
            <code>{{ supplier_name }}</code>: The company name of your supplier.
        </li>
        <li>
            <code>{{ contact.salutation }} {{ contact.last_name }}</code>: The contact person of your supplier.
        </li><li>
            <code>{{ user_fullname }}</code>: Your full name.
        </li>
    </ul>
<p></p>
<p>Apart from these, you can access all values in this RFQ, like <code>{{ message_for_supplier }}</code> or <code>{{ terms }}</code>.</p>","<p> <b>メールテンプレート</b>では、次の特別な変数を使用できます。
</p>
<ul>
        <li>
            <code> {{update_password_link}} </code>：サプライヤーがポータルにログインするために新しいパスワードを設定できるリンク。
        </li>
        <li>
            <code> {{portal_link}} </code>：サプライヤーポータルのこのRFQへのリンク。
        </li>
        <li>
            <Code> {{supplier_name}} </code>：サプライヤーの会社名。
        </li>
        <li>
            <code> {{contact.salution}} {{contact.last_name}} </code>：サプライヤーの連絡先。
        </li> <li>
            <code> {{user_fullname}} </code>：フルネーム。
        </li>
    </ul>
<p> </p>
<p>これらとは別に、<code> {{message_for_supplier}} </code>または<code> {{用語}} </code>。</p>。",
<p>Please correct the following row(s):</p><ul>,<p>次の行を修正してください：</p> <ul>,
<p>Posting Date {0} cannot be before Purchase Order date for the following:</p><ul>,<p>投稿日{0}は、次の場合は注文書の前にできません：</p> <ul>,
"<p>Price List Rate has not been set as editable in Selling Settings. In this scenario, setting <strong>Update Price List Based On</strong> to <strong>Price List Rate</strong> will prevent auto-updation of Item Price.</p>Are you sure you want to continue?",<p>価格表は、販売設定で編集可能として設定されていません。このシナリオでは、</strong>から<strong>の価格リストレートに基づいて<strong>価格表を更新します</strong>アイテム価格の自動補給が妨げられます。</p>続行したいですか？,
"<p>To allow over-billing, please set allowance in Accounts Settings.</p>",<p>過剰請求を許可するには、アカウント設定に許容値を設定してください。</p>,
"<pre><h5>Message Example</h5>

&lt;p&gt; Thank You for being a part of {{ doc.company }}! We hope you are enjoying the service.&lt;/p&gt;

&lt;p&gt; Please find enclosed the E Bill statement. The outstanding amount is {{ doc.grand_total }}.&lt;/p&gt;

&lt;p&gt; We don't want you to be spending time running around in order to pay for your Bill.<br>After all, life is beautiful and the time you have in hand should be spent to enjoy it!<br>So here are our little ways to help you get more time for life! &lt;/p&gt;

&lt;a href=""{{ payment_url }}""&gt; click here to pay &lt;/a&gt;

</pre>
","<pre> <h5>メッセージの例</h5>

＆lt; p＆gt; {{doc.company}}の一員になってくれてありがとう！あなたがサービスを楽しんでいることを願っています。＆lt;/p＆gt;

＆lt; p＆gt; E Bill Statementを同封しているのを見つけてください。未払いの金額は{{doc.grand_total}}。＆lt;/p＆gt;

＆lt; p＆gt;私たちはあなたがあなたの請求書にお金を払うために走り回るのに時間を費やすことを望んでいません。 ＆lt;/p＆gt;

＆lt; a href = ""{{payment_url}}""＆gt; Pay＆lt;/a＆gt;にはここをクリックしてください。

</pre>",
"<pre><h5>Message Example</h5>

&lt;p&gt;Dear {{ doc.contact_person }},&lt;/p&gt;

&lt;p&gt;Requesting payment for {{ doc.doctype }}, {{ doc.name }} for {{ doc.grand_total }}.&lt;/p&gt;

&lt;a href=""{{ payment_url }}""&gt; click here to pay &lt;/a&gt;

</pre>
","<pre> <h5>メッセージの例</h5>

＆lt; p＆gt;親愛なる{{doc.contact_person}}、＆lt;/p＆gt;

＆lt; p＆gt; {{doc.doctype}}、{{doc.name}}の{{doc.grand_total}}}。＆lt;/p＆gt;

＆lt; a href = ""{{payment_url}}""＆gt; Pay＆lt;/a＆gt;にはここをクリックしてください。

</pre>",
<strong>Grand Total:</strong> {0},<strong>総計：</strong> {0},
<strong>Outstanding Amount:</strong> {0},<strong>優れた金額：</strong> {0},
"<table class=""table table-bordered table-condensed"">
<thead>
  <tr>
         <th class=""table-sr"" style=""width: 50%;"">Child Document</th>
         <th class=""table-sr"" style=""width: 50%;"">Non Child Document</th>
   </tr>
</thead>
<tbody>
<tr>
         <td>
                  <p> To access parent document field use parent.fieldname and to access child table document field use doc.fieldname </p>

         </td>
         <td>
                    <p>To access document field use doc.fieldname </p>
         </td>
</tr>
<tr>
        <td>
                   <p><b>Example: </b> parent.doctype == ""Stock Entry"" and doc.item_code == ""Test"" </p>

        </td>
         <td>
                   <p><b>Example: </b> doc.doctype == ""Stock Entry"" and doc.purpose == ""Manufacture""</p>    
          </td>
</tr>

</tbody>
</table>






","<テーブルクラス= ""テーブルテーブルボーダーテーブルコンデンス"">
<thead>
  <tr>
         <th class = ""table-sr"" style = ""width：50％;""> child document </th>
         <th class = ""table-sr"" style = ""width：50％;"">非子供文書</th>
   </tr>
</thead>
<tbody>
<tr>
         <td>
                  <p>親にアクセスするためにフィールドを使用します親。フィールド名。

         </td>
         <td>
                    <p>ドキュメントにアクセスするには、doc.fieldname </p>を使用します
         </td>
</tr>
<tr>
        <td>
                   <p> <b>例：</b> parent.doctype == ""ストックエントリ""およびdoc.item_code == ""test"" </p>

        </td>
         <td>
                   <p> <b>例：</b> doc.doctype == ""stock entry"" and doc.purpose == ""製造"" </p>    
          </td>
</tr>

</tbody>
</table>",
A - B,a -b,
A - C,A -C,
A Customer Group exists with same name please change the Customer name or rename the Customer Group,顧客グループは同じ名前で存在します顧客名を変更するか、顧客グループの名前を変更してください,
A Holiday List can be added to exclude counting these days for the Workstation.,ワークステーションのカウントを除外するために、ホリデーリストを追加できます。,
A Lead requires either a person's name or an organization's name,リードには、人の名前または組織の名前のいずれかが必要です,
A Packing Slip can only be created for Draft Delivery Note.,梱包スリップは、ドラフト配信のためにのみ作成できます。,
"A Price List is a collection of Item Prices either Selling, Buying, or both",価格表は、販売、購入、またはその両方のアイテム価格のコレクションです,
"A Product or a Service that is bought, sold or kept in stock.",購入、販売、または在庫の維持されている製品またはサービス。,
A Reconciliation Job {0} is running for the same filters. Cannot reconcile now,和解ジョブ{0}は、同じフィルターに対して実行されています。今は調整できません,
A Transaction Deletion Document: {0} is triggered for {0},トランザクション削除ドキュメント：{0}は{0}に対してトリガーされます,
A condition for a Shipping Rule,配送ルールの条件,
A customer must have primary contact email.,顧客は主要な連絡先電子メールを持っている必要があります。,
A driver must be set to submit.,ドライバーを提出するように設定する必要があります。,
A logical Warehouse against which stock entries are made.,ストックエントリが作成される論理倉庫。,
A new appointment has been created for you with {0},{0}であなたのために新しい予約が作成されました,
A template with tax category {0} already exists. Only one template is allowed with each tax category,税カテゴリ{0}を備えたテンプレートが既に存在します。各税カテゴリでは、1つのテンプレートのみが許可されています,
A third party distributor / dealer / commission agent / affiliate / reseller who sells the companies products for a commission.,委員会のために企業製品を販売するサードパーティのディストリビューター /ディーラー /コミッションエージェント /アフィリエイト /リセラー。,
A+,A+,
A-,a-,
A4,A4,
AB+,ab+,
AB-,ab-,
ACC-PINV-.YYYY.-,acc-pinv-.yyyy.-,
AMC Expiry Date,AMC有効期限,
API,API,
API Details,APIの詳細,
API Endpoint,APIエンドポイント,
API Key,APIキー,
AWB Number,AWB番号,
Abbr,abbr,
Abbreviation,略語,
Abbreviation already used for another company,略語はすでに別の会社に使用されています,
Abbreviation is mandatory,略語は必須です,
Abbreviation: {0} must appear only once,略語：{0}は一度だけ表示する必要があります,
About,について,
About {0} minute remaining,残りについて{0}分,
About {0} minutes remaining,残り約{0}分,
About {0} seconds remaining,残り約{0}秒,
Above 120 Days,120日以上,
Academics User,アカデミックユーザー,
Acceptance Criteria Formula,受け入れ基準式,
Acceptance Criteria Value,受け入れ基準値,
Accepted,受け入れられました,
Accepted Qty,受け入れられた数量,
Accepted Qty in Stock UOM,在庫のある数量を受け入れました,
Accepted Quantity,受け入れられた数量,
Accepted Warehouse,受け入れられた倉庫,
Access Key,アクセスキー,
Access Key is required for Service Provider: {0},サービスプロバイダーにはアクセスキーが必要です：{0},
According to CEFACT/ICG/2010/IC013 or CEFACT/ICG/2010/IC010,CEFACT/ICG/2010/IC013またはCEFACT/ICG/2010/IC010によると,
"According to the BOM {0}, the Item '{1}' is missing in the stock entry.",BOM {0}によると、在庫エントリには項目 '{1}'がありません。,
Account,アカウント,
Account Balance,アカウント残高,
Account Closing Balance,アカウントの閉鎖残高,
Account Currency,アカウント通貨,
Account Currency (From),アカウント通貨（から）,
Account Currency (To),アカウント通貨（to）,
Account Details,アカウントの詳細,
Account Head,アカウントヘッド,
Account Manager,アカウントマネージャー,
Account Missing,アカウントがありません,
Account Name,アカウント名,
Account Not Found,アカウントが見つかりません,
Account Number,口座番号,
Account Number {0} already used in account {1},アカウント番号{0}既にアカウントで使用されています{1},
Account Opening Balance,アカウントのオープニングバランス,
Account Paid From,アカウントから支払われます,
Account Paid To,に支払われたアカウント,
Account Pay Only,アカウントの支払いのみ,
Account Subtype,アカウントサブタイプ,
Account Type,アカウントタイプ,
Account Value,アカウント値,
"Account balance already in Credit, you are not allowed to set 'Balance Must Be' as 'Debit'",アカウントの残高はすでにクレジットになっています、あなたは「バランスが「デビット」として「バランス」を設定することを許可されていません,
"Account balance already in Debit, you are not allowed to set 'Balance Must Be' as 'Credit'",アカウント残高はすでにデビットしているため、「クレジット」として「残高」を設定することは許可されていません,
Account for Change Amount,変更量を説明します,
Account is mandatory to get payment entries,アカウントは、支払いエントリを取得するために必須です,
Account is not set for the dashboard chart {0},アカウントはダッシュボードチャート{0}に設定されていません,
Account not Found,アカウントが見つかりません,
Account with child nodes cannot be converted to ledger,子ノードを備えたアカウントは、元帳に変換することはできません,
Account with child nodes cannot be set as ledger,子ノードを備えたアカウントは、元帳として設定することはできません,
Account with existing transaction can not be converted to group.,既存のトランザクションのアカウントをグループに変換することはできません。,
Account with existing transaction can not be deleted,既存のトランザクションのアカウントを削除することはできません,
Account with existing transaction cannot be converted to ledger,既存のトランザクションのアカウントを元帳に変換することはできません,
Account {0} added multiple times,アカウント{0}は複数回追加されました,
Account {0} does not belong to company: {1},アカウント{0}は会社に属していません：{1},
Account {0} does not belongs to company {1},アカウント{0}は会社{1}に属していません,
Account {0} does not exist,アカウント{0}は存在しません,
Account {0} does not exists,アカウント{0}は存在しません,
Account {0} does not exists in the dashboard chart {1},アカウント{0}はダッシュボードチャート{1}には存在しません,
Account {0} does not match with Company {1} in Mode of Account: {2},アカウント{0}は、アカウントのモードで会社{1}と一致しません：{2},
Account {0} exists in parent company {1}.,アカウント{0}は親会社{1}に存在します。,
Account {0} has been entered multiple times,アカウント{0}は複数回入力されました,
Account {0} is added in the child company {1},アカウント{0}は子供の会社に追加されます{1},
Account {0} is frozen,アカウント{0}は凍結されています,
Account {0} is invalid. Account Currency must be {1},アカウント{0}は無効です。アカウント通貨は{1}でなければなりません,
Account {0} should be of type Expense,アカウント{0}はタイプの費用でなければなりません,
Account {0}: Parent account {1} can not be a ledger,account {0}：親アカウント{1}は元帳になることはできません,
Account {0}: Parent account {1} does not belong to company: {2},アカウント{0}：親アカウント{1}は会社に属していません：{2},
Account {0}: Parent account {1} does not exist,アカウント{0}：親アカウント{1}は存在しません,
Account {0}: You can not assign itself as parent account,アカウント{0}：親アカウントとして自分自身を割り当てることはできません,
Account: <b>{0}</b> is capital Work in progress and can not be updated by Journal Entry,アカウント：<b> {0} </b>は、進行中のキャピタルワークであり、ジャーナルエントリで更新することはできません,
Account: {0} can only be updated via Stock Transactions,アカウント：{0}は、株式取引を介してのみ更新できます,
Account: {0} is not permitted under Payment Entry,アカウント：{0}は、支払いエントリで許可されていません,
Account: {0} with currency: {1} can not be selected,アカウント：{0}通貨で：{1}は選択できません,
Accounting,会計,
Accounting Details,会計の詳細,
Accounting Dimension,会計次元,
Accounting Dimension <b>{0}</b> is required for 'Balance Sheet' account {1}.,会計次元<b> {0} </b>は、「バランスシート」アカウントに必要です{1}。,
Accounting Dimension <b>{0}</b> is required for 'Profit and Loss' account {1}.,会計次元<b> {0} </b>は、「利益と損失」アカウントに必要です{1}。,
Accounting Dimension Detail,会計次元の詳細,
Accounting Dimension Filter,会計ディメンションフィルター,
Accounting Dimensions,会計次元,
Accounting Dimensions ,会計次元,
Accounting Dimensions Filter,会計寸法フィルター,
Accounting Entries,会計エントリ,
Accounting Entry for Asset,資産の会計エントリ,
Accounting Entry for LCV in Stock Entry {0},在庫エントリにおけるLCVの会計エントリ{0},
Accounting Entry for Landed Cost Voucher for SCR {0},SCR {0}の上陸コストバウチャーの会計エントリ,
Accounting Entry for Service,サービスの会計エントリ,
Accounting Entry for Stock,株式の会計エントリ,
Accounting Entry for {0},{0}の会計エントリ,
Accounting Entry for {0}: {1} can only be made in currency: {2},{0}の会計エントリ：{1}は通貨でのみ作成できます：{2},
Accounting Ledger,会計元帳,
Accounting Period,会計期間,
Accounting Period overlaps with {0},会計期間は{0}と重複しています,
Accounting entries are frozen up to this date. Nobody can create or modify entries except users with the role specified below,会計エントリは、この日付まで凍結されています。以下に指定された役割を持つユーザーを除いて、エントリを作成または変更することはできません,
Accounts,アカウント,
Accounts Closing,アカウントの閉鎖,
Accounts Frozen Till Date,これまで凍結したアカウント,
Accounts Manager,アカウントマネージャー,
Accounts Missing Error,アカウントの欠落エラー,
Accounts Payable,買掛金勘定,
Accounts Payable Summary,アカウントの支払概要,
Accounts Receivable,売掛金,
Accounts Receivable / Payable Tuning,売掛金 /支払い可能なチューニング,
Accounts Receivable Credit Account,売掛金勘定,
Accounts Receivable Discounted Account,売掛金割引口座,
Accounts Receivable Summary,売掛金の要約,
Accounts Receivable Unpaid Account,売掛金の未払いアカウント,
Accounts Receivable/Payable,売掛金/支払い可能,
Accounts Settings,アカウント設定,
Accounts User,アカウントユーザー,
Accounts table cannot be blank.,アカウントテーブルは空白になりません。,
Accounts to Merge,マージするアカウント,
Accumulated Depreciation,蓄積された減価,
Accumulated Depreciation Account,蓄積された減価償却勘定,
Accumulated Depreciation Amount,累積減価償却額,
Accumulated Depreciation as on,蓄積された減価償却,
Accumulated Monthly,毎月蓄積されます,
Accumulated Monthly Budget for Account {0} against {1} {2} is {3}. It will be collectively ({4}) exceeded by {5},{1} {2}に対するアカウント{0}の蓄積された毎月の予算は{3}です。それは{5}によって全体的に（{4}）を超えます,
Accumulated Monthly Budget for Account {0} against {1}: {2} is {3}. It will be exceeded by {4},{1}に対するアカウント{0}の蓄積された毎月の予算：{2}は{3}です。 {4}によって超えられます,
Accumulated Values,蓄積された値,
Accumulated Values in Group Company,グループ会社に蓄積された値,
Achieved ({}),達成 （{}）,
Acquisition Date,取得日,
Action,アクション,
Action If Quality Inspection Is Not Submitted,品質検査が提出されていない場合のアクション,
Action If Quality Inspection Is Rejected,品質検査が拒否された場合のアクション,
Action If Same Rate is Not Maintained,同じレートが維持されていない場合のアクション,
Action Initialised,アクションが初期化されました,
Action if Accumulated Monthly Budget Exceeded on Actual,蓄積された毎月の予算が実際に超えた場合のアクション,
Action if Accumulated Monthly Budget Exceeded on MR,累積月間予算がMRに超えた場合,
Action if Accumulated Monthly Budget Exceeded on PO,蓄積された毎月の予算がPOで上昇した場合のアクション,
Action if Accumulative Monthly Budget Exceeded on Cumulative Expense,累積月額予算が累積費用で上昇した場合のアクション,
Action if Annual Budget Exceeded on Actual,実際の予算を超えた場合のアクション,
Action if Annual Budget Exceeded on MR,MRで年間予算が超えた場合のアクション,
Action if Annual Budget Exceeded on PO,POで年間予算を超えた場合のアクション,
Action if Anual Budget Exceeded on Cumulative Expense,累積費用でAnual予算が超えた場合のアクション,
Action if Same Rate is Not Maintained Throughout  Internal Transaction,内部トランザクション全体で同じレートが維持されていない場合のアクション,
Action if Same Rate is Not Maintained Throughout Sales Cycle,販売サイクル全体で同じレートが維持されていない場合のアクション,
Action on New Invoice,新しい請求書に対するアクション,
Actions,アクション,
Actions performed,実行されたアクション,
Active,アクティブ,
Active Leads,アクティブリード,
Active Status,アクティブステータス,
Activities,活動,
Activity,活動,
Activity Cost,アクティビティコスト,
Activity Cost exists for Employee {0} against Activity Type - {1},アクティビティタイプに対する従業員{0}にはアクティビティコストが存在します -  {1},
Activity Cost per Employee,従業員ごとのアクティビティコスト,
Activity Type,アクティビティタイプ,
Actual,実際の,
Actual Balance Qty,実際のバランス数量,
Actual Batch Quantity,実際のバッチ数量,
Actual Cost,実際のコスト,
Actual Date,実際の日付,
Actual Delivery Date,実際の配達日,
Actual End Date,実際の終了日,
Actual End Date (via Timesheet),実際の終了日（タイムシート経由）,
Actual End Date cannot be before Actual Start Date,実際の終了日は、実際の開始日前にはできません,
Actual End Time,実際の終了時間,
Actual Expense,実費,
Actual Operating Cost,実際の運用コスト,
Actual Operation Time,実際の操作時間,
Actual Posting,実際の投稿,
Actual Qty,実際の数量,
Actual Qty (at source/target),実際の数量（ソース/ターゲットで）,
Actual Qty in Warehouse,倉庫の実際の数量,
Actual Qty is mandatory,実際の数量は必須です,
Actual Qty {0} / Waiting Qty {1},実際のqty {0} / waiting qty {1},
Actual Qty: Quantity available in the warehouse.,実際の数量：倉庫で利用可能な数量。,
Actual Quantity,実際の数量,
Actual Start Date,実際の開始日,
Actual Start Date (via Timesheet),実際の開始日（タイムシート経由）,
Actual Start Time,実際の開始時間,
Actual Time,実際の時間,
Actual Time and Cost,実際の時間とコスト,
Actual Time in Hours (via Timesheet),実際の時間の時間（タイムシート経由）,
Actual qty in stock,実際の数量在庫,
Actual type tax cannot be included in Item rate in row {0},実際のタイプの税は、{0}の行のアイテムレートに含めることができません,
Add,追加,
Add / Edit Prices,価格を追加 /編集します,
Add Child,子供を追加します,
Add Columns in Transaction Currency,トランザクション通貨に列を追加します,
Add Comment,コメントを追加します,
Add Corrective Operation Cost in Finished Good Valuation,完成した良い評価で修正操作コストを追加します,
Add Customers,顧客を追加します,
Add Discount,割引を追加します,
Add Employees,従業員を追加します,
Add Item,アイテムを追加します,
Add Items,アイテムを追加します,
Add Items in the Purpose Table,目的テーブルにアイテムを追加します,
Add Lead to Prospect,見込み客にリードを追加します,
Add Leads,リードを追加します,
Add Local Holidays,地元の休日を追加します,
Add Manually,手動で追加します,
Add Multiple,複数を追加します,
Add Multiple Tasks,複数のタスクを追加します,
Add Or Deduct,追加または控除します,
Add Order Discount,注文割引を追加します,
Add Participants,参加者を追加します,
Add Quote,引用を追加します,
Add Raw Materials,原材料を追加します,
Add Sales Partners,販売パートナーを追加します,
Add Serial / Batch Bundle,シリアル /バッチバンドルを追加します,
Add Serial / Batch No,シリアル /バッチ番号を追加します,
Add Serial / Batch No (Rejected Qty),シリアル /バッチ番号を追加します（拒否された数量）,
Add Stock,ストックを追加します,
Add Sub Assembly,サブアセンブリを追加します,
Add Suppliers,サプライヤーを追加します,
Add Template,テンプレートを追加します,
Add Timesheets,タイムシートを追加します,
Add Weekly Holidays,毎週の休日を追加します,
Add a Note,メモを追加します,
Add details,詳細を追加します,
Add items in the Item Locations table,アイテムの場所にアイテムを追加します,
Add or Deduct,追加または控除します,
Add the rest of your organization as your users. You can also add invite Customers to your portal by adding them from Contacts,組織の残りの部分をユーザーとして追加します。連絡先から追加することで、顧客をポータルに追加することもできます,
Add to Holidays,休日に追加します,
Add to Prospect,見込み客に追加します,
Add to Transit,トランジットに追加します,
Add {0},{0}を追加,
Add/Edit Coupon Conditions,クーポン条件を追加/編集します,
Added By,追加された,
Added On,追加されました,
Added Supplier Role to User {0}.,ユーザー{0}にサプライヤーの役割を追加しました。,
Added {0} ({1}),追加{0}（{1}）,
Added {1} Role to User {0}.,{1}役割をユーザー{0}に追加しました。,
Adding Lead to Prospect...,見込み客にリードを追加...,
Additional,追加,
Additional Asset Cost,追加の資産コスト,
Additional Cost,追加費用,
Additional Cost Per Qty,数量あたりの追加費用,
Additional Costs,追加費用,
Additional Data,追加データ,
Additional Details,追加の詳細,
Additional Discount,追加の割引,
Additional Discount Amount,追加の割引額,
Additional Discount Amount (Company Currency),追加の割引額（会社通貨）,
Additional Discount Percentage,追加の割引率,
Additional Info,追加情報,
Additional Information,追加情報,
Additional Information updated successfully.,追加情報が正常に更新されました。,
Additional Notes,追加のメモ,
Additional Operating Cost,追加の運用コスト,
Additional information regarding the customer.,顧客に関する追加情報。,
Address,住所,
Address & Contact,アドレスと連絡先,
Address & Contacts,アドレスと連絡先,
Address Desc,アドレスDESC,
Address HTML,アドレスHTML,
Address Line 1,住所1,
Address Line 2,アドレス2行2,
Address Name,アドレス名,
Address and Contact,住所と連絡先,
Address and Contacts,アドレスと連絡先,
Address needs to be linked to a Company. Please add a row for Company in the Links table.,住所は会社にリンクする必要があります。リンクテーブルに会社の行を追加してください。,
Address used to determine Tax Category in transactions,取引における税カテゴリを決定するために使用される住所,
Adjust Asset Value,資産価値を調整します,
Adjustment Against,調整,
Adjustment based on Purchase Invoice rate,購入請求書率に基づく調整,
Administrative Expenses,管理費,
Administrator,管理者,
Advance Account,事前のアカウント,
Advance Account: {0} must be in either customer billing currency: {1} or Company default currency: {2},事前アカウント：{0}は、顧客請求通貨のいずれかにある必要があります：{1}または会社のデフォルト通貨：{2},
Advance Amount,前払い金額,
Advance Paid,前払い,
Advance Payment,立替金精算,
Advance Payment Date,前払い日,
Advance Payment Ledger Entry,前払い台帳のエントリ,
Advance Payment Status,前払いステータス,
Advance Payments,前払い,
Advance Tax,事前税,
Advance Taxes and Charges,前払い税と料金,
Advance amount,前払い金額,
Advance amount cannot be greater than {0} {1},前払い金額は{0} {1}より大きくすることはできません,
Advance paid against {0} {1} cannot be greater than Grand Total {2},{0} {1}に対して支払った事前{2}より大きくすることはできません,
Advance payments allocated against orders will only be fetched,注文に対して割り当てられた前払いの支払いは取得のみが取得されます,
Advanced Settings,高度な設定,
Advances,進歩,
Affected Transactions,影響を受けるトランザクション,
Against,に対して,
Against Account,アカウントに対して,
Against Blanket Order,ブランケットオーダーに対して,
Against Customer Order {0},顧客注文に対して{0},
Against Default Supplier,デフォルトのサプライヤーに対して,
Against Delivery Note Item,配達ノートアイテムに対して,
Against Docname,docnameに対して,
Against Doctype,Doctypeに対して,
Against Document Detail No,ドキュメントの詳細NO.,
Against Document No,ドキュメント番号に対して,
Against Expense Account,経費勘定に対して,
Against Income Account,収入口座に対して,
Against Journal Entry {0} does not have any unmatched {1} entry,ジャーナルエントリ{0}に対して比類のない{1}エントリはありません,
Against Journal Entry {0} is already adjusted against some other voucher,ジャーナルエントリに対して{0}はすでに他のバウチャーに対して調整されています,
Against Pick List,ピックリストに対して,
Against Sales Invoice,販売請求書に対して,
Against Sales Invoice Item,販売請求書のアイテムに対して,
Against Sales Order,販売注文に対して,
Against Sales Order Item,販売注文項目に対して,
Against Stock Entry,在庫の入場に対して,
Against Supplier Invoice {0},サプライヤーの請求書{0}に対して,
Against Voucher,バウチャーに対して,
Against Voucher No,バウチャー番号に対して,
Against Voucher Type,バウチャータイプに対して,
Age,年,
Age (Days),年齢（日）,
Age ({0}),年齢（{0}）,
Ageing Based On,に基づいて老化,
Ageing Range,老化範囲,
Ageing Report based on {0} up to {1},{0}から{1}に基づく老化レポート,
Agenda,議題,
Agent Busy Message,エージェントビジーメッセージ,
Agent Details,エージェントの詳細,
Agent Group,エージェントグループ,
Agent Unavailable Message,エージェントは利用できないメッセージ,
Agents,エージェント,
Aggregate a group of Items into another Item. This is useful if you are maintaining the stock of the packed items and not the bundled item,アイテムのグループを別のアイテムに集約します。これは、バンドルされたアイテムではなく、梱包されたアイテムのストックを維持している場合に便利です,
Algorithm,アルゴリズム,
All,全て,
All Accounts,すべてのアカウント,
All Activities,すべてのアクティビティ,
All Activities HTML,すべてのアクティビティHTML,
All BOMs,すべてのボム,
All Contact,すべての連絡先,
All Customer Contact,すべての顧客の連絡先,
All Customer Groups,すべての顧客グループ,
All Day,終日,
All Departments,すべての部門,
All Employee (Active),すべての従業員（アクティブ）,
All Item Groups,すべてのアイテムグループ,
All Items,すべてのアイテム,
All Lead (Open),すべてのリード（オープン）,
All Parties ,すべての関係者,
All Sales Partner Contact,すべての販売パートナーの連絡先,
All Sales Person,すべての営業担当者,
All Sales Transactions can be tagged against multiple Sales Persons so that you can set and monitor targets.,すべての販売トランザクションは、複数の営業担当者に対してタグを付けることができるため、ターゲットを設定および監視できます。,
All Supplier Contact,すべてのサプライヤーの連絡先,
All Supplier Groups,すべてのサプライヤーグループ,
All Territories,すべての領土,
All Warehouses,すべての倉庫,
All allocations have been successfully reconciled,すべての割り当ては正常に調整されています,
All communications including and above this shall be moved into the new Issue,これを含むすべての通信は、新しい問題に移動するものとします,
All items are already requested,すべてのアイテムはすでに要求されています,
All items have already been Invoiced/Returned,すべてのアイテムはすでに請求/返されています,
All items have already been received,すべてのアイテムはすでに受信されています,
All items have already been transferred for this Work Order.,この作業指示のために、すべてのアイテムがすでに転送されています。,
All items in this document already have a linked Quality Inspection.,このドキュメントのすべてのアイテムには、リンクされた品質検査が既にあります。,
All the Comments and Emails will be copied from one document to another newly created document(Lead -> Opportunity -> Quotation) throughout the CRM documents.,すべてのコメントと電子メールは、CRMドキュメント全体で、あるドキュメントから新しく作成された別のドキュメント（Lead-> Opportunity-> Quotation）にコピーされます。,
All the items have been already returned.,すべてのアイテムはすでに返されています。,
"All the required items (raw materials) will be fetched from BOM and populated in this table. Here you can also change the Source Warehouse for any item. And during the production, you can track transferred raw materials from this table.",必要なアイテム（原材料）はすべてBOMから取得され、このテーブルに入力されます。ここでは、任意のアイテムのソースウェアハウスを変更することもできます。また、生産中に、このテーブルから転送された原材料を追跡できます。,
All these items have already been Invoiced/Returned,これらのアイテムはすべて、すでに請求/返されています,
Allocate,割り当てる,
Allocate Advances Automatically (FIFO),アドバンスを自動的に割り当てる（FIFO）,
Allocate Payment Amount,支払い額を割り当てます,
Allocate Payment Based On Payment Terms,支払い条件に基づいて支払いを割り当てます,
Allocate Payment Request,支払いリクエストを割り当てます,
Allocated,割り当てられます,
Allocated Amount,割り当てられた金額,
Allocated Entries,割り当てられたエントリ,
Allocated To:,割り当て：,
Allocated amount,割り当てられた金額,
Allocated amount cannot be greater than unadjusted amount,割り当てられた金額は、調整されていない金額より大きくなることはできません,
Allocated amount cannot be negative,割り当てられた金額を負にすることはできません,
Allocation,割り当て,
Allocations,割り当て,
Allotted Qty,割り当てられた数量,
Allow,許可する,
Allow Account Creation Against Child Company,児童会社に対するアカウントの作成を許可します,
Allow Alternative Item,代替アイテムを許可します,
Allow Alternative Item must be checked on Item {},代替アイテムをアイテムで確認する必要があります{},
Allow Continuous Material Consumption,継続的な材料消費を可能にします,
Allow Excess Material Transfer,余分な材料移動を許可します,
Allow Implicit Pegged Currency Conversion,暗黙のペグ通貨変換を許可します,
Allow In Returns,返品を許可します,
Allow Internal Transfers at Arm's Length Price,ARMの長さの価格で内部転送を許可します,
Allow Item To Be Added Multiple Times in a Transaction,トランザクションでアイテムを複数回追加することを許可します,
Allow Item to Be Added Multiple Times in a Transaction,トランザクションでアイテムを複数回追加することを許可します,
Allow Item to be Added Multiple Times in a Transaction,トランザクションでアイテムを複数回追加することを許可します,
Allow Lead Duplication based on Emails,メールに基づいて鉛の複製を許可します,
Allow Material Transfer from Delivery Note to Sales Invoice,配達紙幣から販売請求書への材料の転送を許可します,
Allow Material Transfer from Purchase Receipt to Purchase Invoice,購入領収書から購入請求書への材料移転を許可します,
Allow Multiple Material Consumption,複数の材料消費を許可します,
Allow Multiple Sales Orders Against a Customer's Purchase Order,顧客の発注書に対して複数の販売注文を許可します,
Allow Negative Stock,負の在庫を許可します,
Allow Negative rates for Items,アイテムの負のレートを許可します,
Allow Or Restrict Dimension,次元を許可または制限します,
Allow Overtime,残業を許可します,
Allow Partial Payment,部分的な支払いを許可します,
Allow Partial Reservation,部分的な予約を許可します,
Allow Production on Holidays,休日に生産を許可します,
Allow Purchase,購入を許可します,
Allow Purchase Invoice Creation Without Purchase Order,注文なしで購入請求書作成を許可します,
Allow Purchase Invoice Creation Without Purchase Receipt,購入領収書なしで購入請求書作成を許可します,
Allow Purchase Order with Zero Quantity,数量がゼロの発注書を許可します,
Allow Quotation with Zero Quantity,ゼロ数量で見積もりを許可します,
Allow Rename Attribute Value,属性値を変更します,
Allow Request for Quotation with Zero Quantity,ゼロ数量で見積のリクエストを許可します,
Allow Resetting Service Level Agreement,サービスレベル契約のリセットを許可します,
Allow Resetting Service Level Agreement from Support Settings.,サポート設定からサービスレベルの契約をリセットすることを許可します。,
Allow Sales,販売を許可します,
Allow Sales Invoice Creation Without Delivery Note,配送なしの販売請求書作成を許可します,
Allow Sales Invoice Creation Without Sales Order,販売注文なしで販売請求書作成を許可します,
Allow Sales Order Creation For Expired Quotation,期限切れの引用のために販売注文の作成を許可します,
Allow Sales Order with Zero Quantity,数量がゼロで販売注文を許可します,
Allow Stale Exchange Rates,古い為替レートを許可します,
Allow Supplier Quotation with Zero Quantity,ゼロ数量でサプライヤーの見積もりを許可します,
Allow UOM with Conversion Rate Defined in Item,アイテムで定義されている変換率でUOMを許可します,
Allow User to Edit Discount,ユーザーが割引を編集できるようにします,
Allow User to Edit Price List Rate in Transactions,ユーザーがトランザクションで価格表レートを編集できるようにします,
Allow User to Edit Rate,ユーザーがレートを編集できるようにします,
Allow Variant UOM to be different from Template UOM,バリアントUOMがテンプレートUOMとは異なることを許可します,
Allow Zero Rate,ゼロレートを許可します,
Allow Zero Valuation Rate,評価率がゼロになります,
Allow existing Serial No to be Manufactured/Received again,既存のシリアル番号を再度製造/受信してください,
Allow material consumptions without immediately manufacturing finished goods against a Work Order,作業注文に対して完成品をすぐに製造せずに材料の消費を許可する,
Allow multi-currency invoices against single party account ,単一の当事者アカウントに対する多通貨請求書を許可します,
Allow to Edit Stock UOM Qty for Purchase Documents,購入書類のために株式UOM Qtyを編集してください,
Allow to Edit Stock UOM Qty for Sales Documents,販売文書については、株式UOM Qtyを編集できます,
Allow to Make Quality Inspection after Purchase / Delivery,購入 /配達後に品質検査を行うことができます,
Allow transferring raw materials even after the Required Quantity is fulfilled,必要な数量が満たされた後でも、原材料を譲渡することを許可します,
Allowed,許可された,
Allowed Dimension,許可された寸法,
Allowed Doctypes,Doctypesを許可しました,
Allowed To Transact With,との取引を許可します,
Allowed primary roles are 'Customer' and 'Supplier'. Please select one of these roles only.,許可されている主要な役割は、「顧客」と「サプライヤー」です。これらの役割の1つのみを選択してください。,
Allows to keep aside a specific quantity of inventory for a particular order.,特定の注文のために特定の量の在庫を脇に置くことができます。,
Allows users to submit Purchase Orders with zero quantity. Useful when rates are fixed but the quantities are not. Eg. Rate Contracts.,ユーザーはゼロの数量で発注書を送信できます。レートが固定されているが、数量がない場合に役立ちます。例えば。レート契約。,
Allows users to submit Quotations with zero quantity. Useful when rates are fixed but the quantities are not. Eg. Rate Contracts.,ユーザーはゼロ数量で見積を送信できます。レートが固定されているが、数量がない場合に役立ちます。例えば。レート契約。,
Allows users to submit Request for Quotations with zero quantity. Useful when rates are fixed but the quantities are not. Eg. Rate Contracts.,ユーザーは、ゼロ数量で見積のリクエストを送信できます。レートが固定されているが、数量がない場合に役立ちます。例えば。レート契約。,
Allows users to submit Sales Orders with zero quantity. Useful when rates are fixed but the quantities are not. Eg. Rate Contracts.,ユーザーはゼロの数量で販売注文を送信できます。レートが固定されているが、数量がない場合に役立ちます。例えば。レート契約。,
Allows users to submit Supplier Quotations with zero quantity. Useful when rates are fixed but the quantities are not. Eg. Rate Contracts.,ユーザーは、ゼロ数量でサプライヤーの見積もりを提出できます。レートが固定されているが、数量がない場合に役立ちます。例えば。レート契約。,
Already Picked,すでに選んだ,
Already record exists for the item {0},すでにアイテムの記録が存在します{0},
"Already set default in pos profile {0} for user {1}, kindly disabled default",ユーザー{1}のPOSプロファイル{0}で既にデフォルトを設定し、親切に無効にしたデフォルト,
Also you can't switch back to FIFO after setting the valuation method to Moving Average for this item.,また、このアイテムの平均を移動するように評価方法を設定した後、FIFOに戻ることはできません。,
Alternate Item,代替アイテム,
Alternative Item Code,代替アイテムコード,
Alternative Item Name,代替アイテム名,
Alternative Items,代替アイテム,
Alternative item must not be same as item code,代替アイテムは、アイテムコードと同じであってはなりません,
"Alternatively, you can download the template and fill your data in.",または、テンプレートをダウンロードしてデータを入力することもできます。,
Always Ask,常に尋ねてください,
Amended From,から修正されました,
Amount,額,
Amount (AED),金額（AED）,
Amount (Company Currency),金額（会社の通貨）,
Amount Delivered,配信された金額,
Amount Difference,量の差,
Amount Difference with Purchase Invoice,購入請求書との量の違い,
Amount Eligible for Commission,手数料の対象となる金額,
Amount In Figure,図の金額,
Amount in Account Currency,アカウント通貨の金額,
Amount in Words,言葉の金額,
Amount in party's bank account currency,当事者の銀行口座通貨の金額,
Amount in transaction currency,取引通貨の金額,
Amount in {0},{0}の金額,
Amount to Bill,請求書に額,
Amount {0} {1} against {2} {3},{2} {3}に対して{0} {1},
Amount {0} {1} deducted against {2},{2}に対して差し引かれた{0} {1},
Amount {0} {1} transferred from {2} to {3},{0} {1} {2}から{3}に転送された,
Amount {0} {1} {2} {3},金額{0} {1} {2} {3},
Amounts,金額,
Amt,amt,
An Item Group is a way to classify items based on types.,アイテムグループは、タイプに基づいてアイテムを分類する方法です。,
An error has been appeared while reposting item valuation via {0},{0}を介してアイテムの評価を再投稿しながらエラーが表示されました,
An error occurred during the update process,更新プロセス中にエラーが発生しました,
An error occurred for certain Items while creating Material Requests based on Re-order level. Please rectify these issues :,再注文レベルに基づいてマテリアルリクエストを作成しながら、特定のアイテムに対してエラーが発生しました。これらの問題を修正してください：,
Analysis Chart,分析チャート,
Analytics,分析,
Annual,年間,
Annual Billing: {0},年次請求：{0},
Annual Budget for Account {0} against {1} {2} is {3}. It will be collectively ({4}) exceeded by {5},{1} {2}に対するアカウント{0}の年間予算は{3}です。それは{5}によって全体的に（{4}）を超えます,
Annual Budget for Account {0} against {1}: {2} is {3}. It will be exceeded by {4},{1}に対するアカウント{0}の年間予算：{2}は{3}です。 {4}によって超えられます,
Annual Expenses,年間費用,
Annual Income,年収,
Annual Revenue,年間収益,
Another Budget record '{0}' already exists against {1} '{2}' and account '{3}' for fiscal year {4},別の予算記録 '{0}'は、会計年度の{1} '{2}'とアカウント '{3}'に対してすでに存在しています{4},
"Another Cost Center Allocation record {0} applicable from {1}, hence this allocation will be applicable upto {2}",別のコストセンター割り当てレコード{0} {1}から適用されるため、この割り当ては{2}まで適用されます,
Another Payment Request is already processed,別の支払いリクエストはすでに処理されています,
Another Sales Person {0} exists with the same Employee id,別の営業担当者{0}が同じ従業員IDに存在します,
"Any one of following filters required: warehouse, Item Code, Item Group",必要な次のフィルターのいずれか：倉庫、アイテムコード、アイテムグループ,
Applicable Charges,該当する料金,
Applicable Dimension,適用可能な次元,
Applicable For,に適用されます,
Applicable Holiday List,適用されるホリデーリスト,
Applicable Modules,適用されるモジュール,
Applicable On Account,アカウントに適用されます,
Applicable To (Designation),（指定）に適用できる,
Applicable To (Employee),（従業員）に適用,
Applicable To (Role),（役割）に適用できる,
Applicable To (User),（ユーザー）に適用,
Applicable for Countries,国に適用されます,
Applicable for Users,ユーザーに適用されます,
Applicable for external driver,外部ドライバーに適用できます,
"Applicable if the company is SpA, SApA or SRL",会社がSPA、SAPA、またはSRLの場合に適用されます,
Applicable if the company is a limited liability company,会社が有限責任会社である場合に適用されます,
Applicable if the company is an Individual or a Proprietorship,会社が個人または所有者である場合に適用可能,
Applicable on Cumulative Expense,累積費用に適用できます,
Applicable on Material Request,重要な要求に応じて適用されます,
Applicable on Purchase Order,発注書に適用できます,
Applicable on booking actual expenses,実際の費用の予約に適用できます,
Application of Funds (Assets),資金の適用（資産）,
Applied Coupon Code,応用クーポンコード,
Applied on each reading.,読み取りごとに適用されます。,
Applied putaway rules.,適用されたプーダウェイルール。,
Applies To,に適用されます,
Apply Additional Discount On,追加の割引を適用します,
Apply Discount On,割引を適用します,
Apply Discount on Discounted Rate,割引料金の割引を適用します,
Apply Discount on Rate,レートの割引を適用します,
Apply Multiple Pricing Rules,複数の価格設定ルールを適用します,
Apply On,申請します,
Apply Putaway Rule,putawayルールを適用します,
Apply Recursion Over (As Per Transaction UOM),再帰を適用する（トランザクションUOMに従って）,
Apply Rule On Brand,ブランドにルールを適用します,
Apply Rule On Item Code,アイテムコードにルールを適用します,
Apply Rule On Item Group,アイテムグループにルールを適用します,
Apply Rule On Other,他のルールを適用します,
Apply SLA for Resolution Time,解像度時間にSLAを適用します,
Apply TDS,TDSを適用します,
Apply Tax Withholding Amount,税金の源泉徴収額を適用します,
Apply Tax Withholding Amount ,税金の源泉徴収額を適用します,
Apply restriction on dimension values,ディメンション値に制限を適用します,
Apply to All Inventory Documents,すべての在庫ドキュメントに適用します,
Apply to Document,ドキュメントに申請します,
Appointment,予定,
Appointment Booking Settings,予約設定の予約,
Appointment Booking Slots,予約の予約スロット,
Appointment Confirmation,予約確認,
Appointment Created Successfully,任命は正常に作成されました,
Appointment Details,予約の詳細,
Appointment Duration (In Minutes),予約期間（分）,
Appointment Scheduling Disabled,予約スケジューリングは無効です,
Appointment Scheduling has been disabled for this site,このサイトの予約スケジューリングは無効になっています,
Appointment With,との予約,
Appointment was created. But no lead was found. Please check the email to confirm,任命が作成されました。しかし、鉛は見つかりませんでした。確認するにはメールを確認してください,
Appraisal Template,評価テンプレート,
Approvers,承認者,
Approving Role (above authorized value),承認役割（上記の認定値）,
Approving Role cannot be same as role the rule is Applicable To,承認の役割は役割と同じであることは、ルールが適用されることと同じではありません,
Approving User  (above authorized value),承認ユーザー（上記の認定値）,
Approving User cannot be same as user the rule is Applicable To,ユーザーを承認することはユーザーと同じではありませんルールは適用可能です,
Approximately match the description/party name against parties,パーティーに対する説明/パーティー名をほぼ一致させます,
Apps,アプリ,
Are you sure you want to clear all demo data?,すべてのデモデータをクリアしたいですか？,
Are you sure you want to delete this Item?,このアイテムを削除したいですか？,
Are you sure you want to delete {0}?<p>This action will also delete all associated Common Code documents.</p>,{0}？<p>このアクションは、関連するすべての一般的なコードドキュメントも削除する必要がありますか？</p>,
Are you sure you want to restart this subscription?,このサブスクリプションを再起動しますか？,
Area,エリア,
Area UOM,エリアUOM,
Arrival Quantity,到着数量,
As On Date,日付のように,
As on Date,日付のように,
As per Stock UOM,株式ごとに,
"As the field {0} is enabled, the field {1} is mandatory.",フィールド{0}が有効になると、フィールド{1}が必須です。,
"As the field {0} is enabled, the value of the field {1} should be more than 1.",フィールド{0}が有効になっているため、フィールド{1}の値は1を超える必要があります。,
"As there are existing submitted transactions against item {0}, you can not change the value of {1}.",アイテム{0}に対する既存の送信トランザクションがあるため、{1}の値を変更することはできません。,
"As there are negative stock, you can not enable {0}.",負の在庫があるため、{0}を有効にすることはできません。,
"As there are reserved stock, you cannot disable {0}.",予約された在庫があるため、{0}を無効にすることはできません。,
"As there are sufficient Sub Assembly Items, Work Order is not required for Warehouse {0}.",十分なサブアセンブリアイテムがあるため、倉庫{0}には作業順序は必要ありません。,
"As there are sufficient raw materials, Material Request is not required for Warehouse {0}.",十分な原材料があるため、倉庫{0}には材料の要求は必要ありません。,
"As {0} is enabled, you can not enable {1}.",{0}が有効になると、{1}を有効にすることはできません。,
Assembly Items,アセンブリアイテム,
Asset,資産,
Asset Account,資産口座,
Asset Activity,資産活動,
Asset Capitalization,資産資本化,
Asset Capitalization Asset Item,資産資本化資産項目,
Asset Capitalization Service Item,資産資本化サービスアイテム,
Asset Capitalization Stock Item,資産大文字の株式項目,
Asset Category,資産カテゴリ,
Asset Category Account,資産カテゴリアカウント,
Asset Category Name,資産カテゴリ名,
Asset Category is mandatory for Fixed Asset item,資産カテゴリは、固定資産項目に必須です,
Asset Depreciation Cost Center,資産減価償却費センター,
Asset Depreciation Ledger,資産減価償却機関,
Asset Depreciation Schedule,資産減価償却スケジュール,
Asset Depreciation Schedule for Asset {0} and Finance Book {1} is not using shift based depreciation,資産の減価償却スケジュール{0}および金融帳{1}は、シフトベースの減価償却を使用していません,
Asset Depreciation Schedule not found for Asset {0} and Finance Book {1},資産の減価償却スケジュールは、資産{0}と財務簿{1}には見つかりません,
Asset Depreciation Schedule {0} for Asset {1} already exists.,Asset {1}の資産減価償却スケジュール{0}既に存在します。,
Asset Depreciation Schedule {0} for Asset {1} and Finance Book {2} already exists.,Asset {1}およびFinance Book {2}の資産減価償却スケジュール{0}既に存在しています。,
"Asset Depreciation Schedules created/updated:<br>{0}<br><br>Please check, edit if needed, and submit the Asset.",作成/更新された資産の減価償却スケジュール：<br> {0} <br> <br>確認、編集する必要がある場合は、資産を送信してください。,
Asset Depreciations and Balances,資産の減価償却と残高,
Asset Details,資産の詳細,
Asset Disposal,資産処理,
Asset Finance Book,資産金融本,
Asset ID,資産ID,
Asset Location,資産の場所,
Asset Maintenance,資産のメンテナンス,
Asset Maintenance Log,資産メンテナンスログ,
Asset Maintenance Task,資産メンテナンスタスク,
Asset Maintenance Team,資産メンテナンスチーム,
Asset Movement,資産運動,
Asset Movement Item,資産運動アイテム,
Asset Movement record {0} created,Asset Movement Record {0}作成,
Asset Name,資産名,
Asset Naming Series,アセットネーミングシリーズ,
Asset Owner,資産所有者,
Asset Owner Company,資産所有者会社,
Asset Quantity,資産数量,
Asset Received But Not Billed,受け取った資産は請求されません,
Asset Repair,資産修理,
Asset Repair Consumed Item,資産修理済みアイテム,
Asset Repair Purchase Invoice,資産修理購入請求書,
Asset Settings,資産設定,
Asset Shift Allocation,資産シフト割り当て,
Asset Shift Factor,資産シフト係数,
Asset Shift Factor {0} is set as default currently. Please change it first.,アセットシフトファクター{0}は、現在デフォルトとして設定されています。最初に変更してください。,
Asset Status,資産ステータス,
Asset Value,資産価値,
Asset Value Adjustment,資産価値調整,
Asset Value Adjustment cannot be posted before Asset's purchase date <b>{0}</b>.,資産価値調整は、Assetの購入日<b> {0} </b>前に投稿することはできません。,
Asset Value Analytics,資産価値分析,
Asset cancelled,資産がキャンセルされました,
"Asset cannot be cancelled, as it is already {0}",資産はすでに{0}であるため、キャンセルすることはできません,
Asset cannot be scrapped before the last depreciation entry.,最後の減価償却の前に資産を廃棄することはできません。,
Asset capitalized after Asset Capitalization {0} was submitted,資産大文字{0}が提出された後に資本化されました,
Asset created,作成された資産,
Asset created after being split from Asset {0},アセットから分割された後に作成された資産{0},
Asset deleted,削除された資産,
Asset issued to Employee {0},従業員に発行された資産{0},
Asset out of order due to Asset Repair {0},資産の修理による資産の故障{0},
Asset received at Location {0} and issued to Employee {1},場所{0}で受け取った資産と従業員に発行された{1},
Asset restored,資産が復元されました,
Asset restored after Asset Capitalization {0} was cancelled,資産大文字{0}がキャンセルされた後に復元された資産,
Asset returned,資産が返されました,
Asset scrapped,資産廃棄,
Asset scrapped via Journal Entry {0},ジャーナルエントリを介して廃棄された資産{0},
Asset sold,販売された資産,
Asset submitted,提出された資産,
Asset transferred to Location {0},場所に転送された資産{0},
Asset updated after being split into Asset {0},アセット{0}に分割された後に資産が更新されました,
Asset updated due to Asset Repair {0} {1}.,資産修理{0} {1}のために資産が更新されました。,
"Asset {0} cannot be scrapped, as it is already {1}",Asset {0}はすでに{1}であるため、廃棄することはできません,
Asset {0} does not belong to Item {1},Asset {0}はアイテム{1}に属していません,
Asset {0} does not belong to company {1},Asset {0}は会社{1}に属していません,
Asset {0} does not belongs to the custodian {1},Asset {0}はカストディアンに属していません{1},
Asset {0} does not belongs to the location {1},Asset {0}は場所に属していません{1},
Asset {0} does not exist,Asset {0}は存在しません,
Asset {0} has been updated. Please set the depreciation details if any and submit it.,Asset {0}が更新されました。減価償却の詳細を設定して提出してください。,
Asset {0} is in {1} status and cannot be repaired.,Asset {0}は{1}ステータスであり、修理できません。,
Asset {0} must be submitted,Asset {0}は提出する必要があります,
Asset {assets_link} created for {item_code},{item_code}用に作成されたasset {assets_link},
Asset's depreciation schedule updated after Asset Shift Allocation {0},資産の減価償却スケジュールは、資産シフト割り当ての後に更新されました{0},
Asset's value adjusted after cancellation of Asset Value Adjustment {0},資産価値調整のキャンセル後に調整された資産の価値{0},
Asset's value adjusted after submission of Asset Value Adjustment {0},資産価値調整後に調整された資産の価値{0},
Assets,資産,
Assets not created for {item_code}. You will have to create asset manually.,{item_code}用に作成されていない資産。手動で資産を作成する必要があります。,
Assets {assets_link} created for {item_code},{item_code}用に作成されたAssets {assets_link},
Assign Job to Employee,従業員にジョブを割り当てます,
Assign To,に割り当てます,
Assign to Name,名前に割り当てます,
Assigned To,に割り当てられます,
Assignment,割り当て,
Assignment Conditions,割り当て条件,
At Row #{0}: The picked quantity {1} for the item {2} is greater than available stock {3} for the batch {4} in the warehouse {5}. Please restock the item.,行＃{0}で：アイテム{2}の選択された数量{1}は、ウェアハウス{5}のバッチ{4}の利用可能なストック{3}よりも大きくなります。アイテムを補充してください。,
At Row #{0}: The picked quantity {1} for the item {2} is greater than available stock {3} in the warehouse {4}.,行＃{0}で：アイテム{2}の選択された数量{1}は、ウェアハウス{4}で利用可能なストック{3}よりも大きい。,
At least one account with exchange gain or loss is required,交換利益または損失を伴う少なくとも1つのアカウントが必要です,
At least one asset has to be selected.,少なくとも1つの資産を選択する必要があります。,
At least one invoice has to be selected.,少なくとも1つの請求書を選択する必要があります。,
At least one item should be entered with negative quantity in return document,少なくとも1つのアイテムは、返信文書に負の数量で入力する必要があります,
At least one mode of payment is required for POS invoice.,POS請求書には、少なくとも1つの支払いモードが必要です。,
At least one of the Applicable Modules should be selected,該当するモジュールの少なくとも1つを選択する必要があります,
At least one of the Selling or Buying must be selected,販売または購入の少なくとも1つを選択する必要があります,
At least one warehouse is mandatory,少なくとも1つの倉庫が必須です,
"At row #{0}: the Difference Account must not be a Stock type account, please change the Account Type for the account {1} or select a different account",行＃{0}で：差分アカウントが株式タイプのアカウントであってはなりません。アカウント{1}のアカウントタイプを変更するか、別のアカウントを選択してください,
At row #{0}: the sequence id {1} cannot be less than previous row sequence id {2},行＃{0}で：シーケンスID {1}は、以前の行シーケンスID {2}よりも小さいことはできません,
"At row #{0}: you have selected the Difference Account {1}, which is a Cost of Goods Sold type account. Please select a different account",行＃{0}で：selection qualth salls cost of of of sally typeアカウントである差異アカウント{1}を選択しました。別のアカウントを選択してください,
At row {0}: Batch No is mandatory for Item {1},atow {0}：batch noはアイテム{1}に対して必須です,
At row {0}: Parent Row No cannot be set for item {1},row {0}：親の列は項目{1}に設定できません,
At row {0}: Qty is mandatory for the batch {1},row {0}で：数量はバッチ{1}に必須です,
At row {0}: Serial No is mandatory for Item {1},atow {0}：シリアル番号はアイテム{1}に必須です,
At row {0}: Serial and Batch Bundle {1} has already created. Please remove the values from the serial no or batch no fields.,row {0}で：シリアルおよびバッチバンドル{1}はすでに作成されています。シリアル番号またはバッチNOフィールドから値を削除してください。,
At row {0}: set Parent Row No for item {1},row {0}：アイテムの親の列を設定{1},
"Attach .csv file with two columns, one for the old name and one for the new name",.csvファイルを2つの列に添付します。1つは古い名前と新しい名前用です,
Attach CSV File,CSVファイルを添付します,
Attach custom Chart of Accounts file,アカウントファイルのカスタムチャートを添付します,
Attachment,添付ファイル,
Attachments,添付ファイル,
Attendance & Leaves,出席者と休暇,
Attendance Device ID (Biometric/RF tag ID),出席デバイスID（Biometric/RFタグID）,
Attribute,属性,
Attribute Name,属性名,
Attribute Value,属性値,
Attribute table is mandatory,属性テーブルは必須です,
Attribute value: {0} must appear only once,属性値：{0}は一度だけ表示する必要があります,
Attribute {0} selected multiple times in Attributes Table,属性{0}属性テーブルで複数回選択しました,
Attributes,属性,
Auditor,監査人,
Authentication Failed,認証に失敗しました,
Authorised By,承認,
Authorization Control,承認管理,
Authorization Rule,承認ルール,
Authorized Signatory,認定署名,
Authorized Value,承認された価値,
Auto Create Assets on Purchase,Auto購入時に資産を作成します,
Auto Create Exchange Rate Revaluation,Auto CREATE為替レートの再評価,
Auto Create Purchase Receipt,購入領収書を自動作成します,
Auto Create Serial and Batch Bundle For Outward,Auto外側にシリアルおよびバッチバンドルを作成します,
Auto Create Subcontracting Order,自動下請け順序を作成します,
Auto Created,作成されたオート,
Auto Created Serial and Batch Bundle,Auto作成されたシリアルおよびバッチバンドル,
Auto Creation of Contact,連絡先の自動作成,
Auto Fetch,オートフェッチ,
Auto Fetch Serial Numbers,シリアル番号をオートフェッチします,
Auto Insert Item Price If Missing,欠落している場合はアイテムの価格を自動挿入します,
Auto Material Request,オートマテリアルリクエスト,
Auto Material Requests Generated,生成された自動材料リクエスト,
Auto Name,自動名,
Auto Opt In (For all customers),自動オプトイン（すべての顧客向け）,
Auto Reconcile,自動調整,
Auto Reconcile Payments,Autoは支払いを調整します,
Auto Reconciliation,自動調整,
Auto Reconciliation Job Trigger,自動調整ジョブトリガー,
Auto Reconciliation has started in the background,自動和解がバックグラウンドで開始されました,
Auto Reconciliation of Payments has been disabled. Enable it through {0},支払いの自動調整は無効になっています。 {0}を介して有効にします,
Auto Repeat,自動繰り返し,
Auto Repeat Detail,自動繰り返し詳細,
Auto Reserve Serial and Batch Nos,オートリザーブシリアルおよびバッチ番号,
Auto Reserve Stock,オートリザーブストック,
Auto Reserve Stock for Sales Order on Purchase,購入時の販売注文のためのオートリザーブストック,
Auto Tax Settings Error,自動税の設定エラー,
Auto close Opportunity Replied after the no. of days mentioned above,NOの後に自動近密着機会が返信しました。上記の日の,
Auto match and set the Party in Bank Transactions,銀行取引でパーティーを自動させ、設定します,
Auto re-order,自動再注文,
Auto repeat document updated,自動繰り返しドキュメントが更新されました,
Auto write off precision loss while consolidation,統合中は、自動化された精密損失を書き留めます,
Automatically Add Filtered Item To Cart,ろ過されたアイテムをカートに自動的に追加します,
Automatically Add Taxes and Charges from Item Tax Template,アイテム税テンプレートから税金と料金を自動的に追加します,
Automatically Add Taxes from Taxes and Charges Template,税金と請求テンプレートから税金を自動的に追加します,
Automatically Create New Batch,自動的に新しいバッチを作成します,
Automatically Fetch Payment Terms from Order,注文から支払い条件を自動的に取得します,
Automatically Process Deferred Accounting Entry,繰延会計エントリを自動的に処理します,
Automatically post balancing accounting entry,バランスのとれた会計エントリを自動的に投稿します,
Availability Of Slots,スロットの可用性,
Available,利用可能,
Available Batch Qty at From Warehouse,From Warehouseで利用可能なバッチ数量,
Available Batch Qty at Warehouse,倉庫で利用可能なバッチ数量,
Available Batch Report,利用可能なバッチレポート,
Available For Use Date,使用日に利用できます,
Available Qty,利用可能な数量,
Available Qty For Consumption,消費のために利用可能な数量,
Available Qty at Company,会社で利用可能な数量,
Available Qty at Source Warehouse,ソースウェアハウスで利用可能な数量,
Available Qty at Target Warehouse,ターゲットウェアハウスで利用可能な数量,
Available Qty at WIP Warehouse,WIPウェアハウスで利用可能な数量,
Available Qty at Warehouse,倉庫で利用可能な数量,
Available Qty to Reserve,予約するために利用可能な数量,
Available Quantity,利用可能な数量,
Available Serial No,利用可能なシリアル番号,
Available Stock,利用可能な在庫,
Available Stock for Packing Items,アイテムの梱包に利用可能な在庫,
Available for use date is required,使用日が必要です,
"Available quantity is {0}, you need {1}",利用可能な数量は{0}、{1}が必要です,
Available {0},利用可能{0},
Available-for-use Date,利用可能な日付,
Available-for-use Date should be after purchase date,利用可能な日付は、購入日以降である必要があります,
Average Age,平均年齢,
Average Completion,平均完了,
Average Discount,平均割引,
Average Rate,平均レート,
Average Response Time,平均応答時間,
Average time taken by the supplier to deliver,サプライヤーが配信するために取った平均時間,
Avg Daily Outgoing,平均的な毎日の発信,
Avg Rate,平均レート,
Avg Rate (Balance Stock),AVGレート（バランスストック）,
Avg. Buying Price List Rate,平均。購入価格表,
Avg. Selling Price List Rate,平均。販売価格表,
Avg. Selling Rate,平均。販売料金,
B+,B+,
B-,b-,
BFS,BFS,
BIN Qty,ビン数量,
BOM,ボム,
BOM 1,BOM 1,
BOM 1 {0} and BOM 2 {1} should not be same,bom 1 {0}およびbom 2 {1}は同じではないはずです,
BOM 2,BOM 2,
BOM Comparison Tool,BOM比較ツール,
BOM Created,作成されたbom,
BOM Creator,BOM CREATOR,
BOM Creator Item,BOM CREATORアイテム,
BOM Detail No,BOM詳細番号,
BOM Explorer,Bom Explorer,
BOM Explosion Item,爆発アイテム,
BOM ID,BOM ID,
BOM Info,BOM情報,
BOM Item,ボムアイテム,
BOM Level,BOMレベル,
BOM No,bom no,
BOM No (For Semi-Finished Goods),BOM NO（半フィニッシュ商品用）,
BOM No. for a Finished Good Item,完成した良いアイテムのためにボム番号,
BOM Operation,BOM操作,
BOM Operations Time,BOM操作時間,
BOM Qty,bom quty,
BOM Rate,BOMレート,
BOM Scrap Item,ボムスクラップアイテム,
BOM Search,BOM検索,
BOM Stock Calculated,BOM株式が計算されました,
BOM Stock Report,BOMストックレポート,
BOM Tree,爆弾木,
BOM UoM,bom uom,
BOM Update Batch,BOMアップデートバッチ,
BOM Update Initiated,BOMアップデートが開始されました,
BOM Update Log,BOM更新ログ,
BOM Update Tool,BOM更新ツール,
BOM Update Tool Log with job status maintained,ジョブステータスが維持されたBOM更新ツールログ,
BOM Updation already in progress. Please wait until {0} is complete.,すでに進行中のBOM更新。 {0}が完了するまで待ってください。,
BOM Updation is queued and may take a few minutes. Check {0} for progress.,BOMの更新はキューに登録されており、数分かかる場合があります。 {0}を確認してください。,
BOM Variance Report,BOM分散レポート,
BOM Website Item,BOM Webサイトアイテム,
BOM Website Operation,BOM Webサイト操作,
BOM and Manufacturing Quantity are required,BOMと製造量が必要です,
BOM and Production,生産と生産,
BOM does not contain any stock item,BOMにはストックアイテムが含まれていません,
BOM recursion: {0} cannot be child of {1},BOM再帰：{0}は{1}の子になることはできません,
BOM recursion: {1} cannot be parent or child of {0},BOM再帰：{1}は{0}の親または子になることはできません,
BOM {0} does not belong to Item {1},bom {0}はアイテム{1}に属していません,
BOM {0} must be active,bom {0}はアクティブでなければなりません,
BOM {0} must be submitted,bom {0}は提出する必要があります,
BOM {0} not found for the item {1},bom {0}アイテムには見つかりません{1},
BOMs Updated,BOMが更新されました,
BOMs created successfully,BOMSは正常に作成されました,
BOMs creation failed,Bomsの作成は失敗しました,
"BOMs creation has been enqueued, kindly check the status after some time",BOMSの作成はエンキューされています、しばらくしてからステータスを親切に確認してください,
Backdated Stock Entry,背景の在庫エントリ,
Backflush Materials From WIP Warehouse,WIPウェアハウスのバックフラッシュ素材,
Backflush Raw Materials,バックフラッシュ原材料,
Backflush Raw Materials Based On,に基づいたバックフラッシュ原材料,
Backflush Raw Materials From Work-in-Progress Warehouse,進行中の倉庫からのバックフラッシュ原材料,
Backflush Raw Materials of Subcontract Based On,に基づく下請けのバックフラッシュ原材料,
Balance,バランス,
Balance (Dr - Cr),バランス（DR -CR）,
Balance ({0}),バランス（{0}）,
Balance In Account Currency,アカウント通貨のバランス,
Balance In Base Currency,基本通貨のバランス,
Balance Qty,数量のバランス,
Balance Qty (Stock),バランス数量（在庫）,
Balance Serial No,バランスシリアル番号,
Balance Sheet,バランスシート,
Balance Sheet Summary,バランスシートの概要,
Balance Stock Qty,バランスストック数量,
Balance Stock Value,株価のバランス,
Balance Value,バランス値,
Balance for Account {0} must always be {1},アカウントの残高{0}は常に{1}でなければなりません,
Balance must be,バランスはなければなりません,
Bank,銀行,
Bank / Cash Account,銀行 /現金口座,
Bank A/C No.,銀行A/Cいいえ。,
Bank Account,銀行口座,
Bank Account Details,銀行口座の詳細,
Bank Account Info,銀行口座情報,
Bank Account No,銀行口座番号,
Bank Account Subtype,銀行口座のサブタイプ,
Bank Account Type,銀行口座タイプ,
Bank Account {} in Bank Transaction {} is not matching with Bank Account {},銀行口座{}銀行取引{}は銀行口座と一致していません{},
Bank Accounts,銀行口座,
Bank Balance,銀行残高,
Bank Charges,銀行料金,
Bank Charges Account,銀行料金口座,
Bank Clearance,銀行クリアランス,
Bank Clearance Detail,銀行クリアランスの詳細,
Bank Clearance Summary,銀行クリアランスの概要,
Bank Credit Balance,銀行の信用残高,
Bank Details,銀行の詳細,
Bank Draft,銀行ドラフト,
Bank Entry,銀行の入場,
Bank Guarantee,銀行保証,
Bank Guarantee Number,銀行保証番号,
Bank Guarantee Type,銀行保証タイプ,
Bank Name,銀行名,
Bank Overdraft Account,銀行当座貸越アカウント,
Bank Reconciliation Statement,銀行和解声明,
Bank Reconciliation Tool,銀行和解ツール,
Bank Statement Import,銀行取引明細書のインポート,
Bank Statement balance as per General Ledger,総勘定元帳に従って銀行の明細書の残高,
Bank Transaction,銀行取引,
Bank Transaction Mapping,銀行取引マッピング,
Bank Transaction Payments,銀行取引の支払い,
Bank Transaction {0} Matched,銀行取引{0}一致しました,
Bank Transaction {0} added as Journal Entry,銀行取引{0}はジャーナルエントリとして追加されました,
Bank Transaction {0} added as Payment Entry,銀行取引{0}は、支払いエントリとして追加されました,
Bank Transaction {0} is already fully reconciled,銀行取引{0}はすでに完全に調整されています,
Bank Transaction {0} updated,銀行取引{0}更新,
Bank account cannot be named as {0},銀行口座に{0}と命名することはできません,
Bank account {0} already exists and could not be created again,銀行口座{0}はすでに存在し、再び作成できませんでした,
Bank accounts added,銀行口座が追加されました,
Bank transaction creation error,銀行取引の作成エラー,
Bank/Cash Account,銀行/現金口座,
Bank/Cash Account {0} doesn't belong to company {1},銀行/キャッシュアカウント{0}は会社{1}に属していません,
Banking,銀行,
Barcode,バーコード,
Barcode Type,バーコードタイプ,
Barcode {0} already used in Item {1},barcode {0}既にアイテム{1}で使用されています,
Barcode {0} is not a valid {1} code,Barcode {0}は有効な{1}コードではありません,
Barcodes,バーコード,
Base Amount,基本額,
Base Amount (Company Currency),基本金額（会社の通貨）,
Base Change Amount (Company Currency),基本変更額（会社の通貨）,
Base Cost Per Unit,ユニットあたりの基本コスト,
Base Hour Rate(Company Currency),基本時間レート（会社通貨）,
Base Rate,基本レート,
Base Tax Withholding Net Total,基本税の源泉徴収純合計,
Base Total,ベース合計,
Base Total Billable Amount,ベースの合計請求可能な金額,
Base Total Billed Amount,基本総額請求額,
Base Total Costing Amount,基本総原価計算額,
Base URL,ベースURL,
Based On,に基づく,
Based On Data ( in years ),データに基づいて（年に）,
Based On Document,ドキュメントに基づいています,
Based On Payment Terms,支払い条件に基づいています,
Based On Price List,価格表に基づいています,
Based On Value,値に基づいています,
"Based on your HR Policy, select your leave allocation period's end date",HRポリシーに基づいて、休暇の割り当て期間の終了日を選択してください,
"Based on your HR Policy, select your leave allocation period's start date",HRポリシーに基づいて、休暇の割り当て期間の開始日を選択してください,
Basic Amount,基本量,
Basic Amount (Company Currency),基本額（会社の通貨）,
Basic Rate (Company Currency),基本レート（会社の通貨）,
Basic Rate (as per Stock UOM),基本レート（株式ごと）,
Batch,バッチ,
Batch Description,バッチ説明,
Batch Details,バッチの詳細,
Batch Expiry Date,バッチ有効期限,
Batch ID,バッチID,
Batch ID is mandatory,バッチIDは必須です,
Batch Item Expiry Status,バッチアイテムの有効期限ステータス,
Batch No,バッチいいえ,
Batch No is mandatory,バッチ番号は必須です,
Batch No {0} does not exists,batch no {0}は存在しません,
Batch No {0} is linked with Item {1} which has serial no. Please scan serial no instead.,batch no {0}は、シリアル番号を備えたアイテム{1}にリンクされています。代わりにシリアルNOをスキャンしてください。,
"Batch No {0} is not present in the original {1} {2}, hence you can't return it against the {1} {2}",バッチなし{0}は元の{1} {2}には存在しないため、{1} {2}に対して返すことはできません,
Batch No.,バッチいいえ,
Batch Nos,バッチNos,
Batch Nos are created successfully,バッチNOSは正常に作成されます,
Batch Not Available for Return,バッチは返品には利用できません,
Batch Number Series,バッチ番号シリーズ,
Batch Qty,バッチ数量,
Batch Quantity,バッチ数量,
Batch Size,バッチサイズ,
Batch UOM,バッチUOM,
Batch and Serial No,バッチとシリアル番号,
Batch not created for item {} since it does not have a batch series.,バッチシリーズがないため、アイテム{}用に作成されていません。,
Batch {0} and Warehouse,バッチ{0}と倉庫,
Batch {0} is not available in warehouse {1},バッチ{0}は倉庫では利用できません{1},
Batch {0} of Item {1} has expired.,アイテム{1}のバッチ{0}が有効期限が切れています。,
Batch {0} of Item {1} is disabled.,アイテム{1}のバッチ{0}は無効です。,
Batch-Wise Balance History,バッチごとのバランス履歴,
Batchwise Valuation,バッチワイズ評価,
Before reconciliation,和解の前,
Begin On (Days),（日）に始まる,
Beginning of the current subscription period,現在のサブスクリプション期間の始まり,
Below Subscription Plans are of different currency to the party default billing currency/Company currency: {0},下のサブスクリプションプランは、当事者との異なる通貨のデフォルトの請求通貨/会社通貨です：{0},
Bill Date,請求日,
Bill No,法案番号,
Bill for Rejected Quantity in Purchase Invoice,購入請求書の拒否数量の請求書,
Bill of Materials,材料の手形,
Billed,請求されました,
Billed Amount,請求額,
Billed Amt,請求amt,
Billed Items To Be Received,請求されるアイテムを受け取る,
Billed Qty,請求された数量,
"Billed, Received & Returned",請求、受け取り、返されました,
Billing Address,請求先住所,
Billing Address Details,請求先住所の詳細,
Billing Address Name,請求住所名,
Billing Address does not belong to the {0},請求先住所は{0}に属していません,
Billing Amount,請求額,
Billing City,請求都市,
Billing Country,請求国,
Billing County,請求郡,
Billing Currency,請求通貨,
Billing Date,請求日,
Billing Details,請求の詳細,
Billing Email,請求メール,
Billing Hours,請求時間,
Billing Interval,請求間隔,
Billing Interval Count,請求間隔カウント,
Billing Interval Count cannot be less than 1,請求間隔カウントは1未満ではありません,
Billing Interval in Subscription Plan must be Month to follow calendar months,サブスクリプションプランの請求間隔は、暦月に従うために月でなければなりません,
Billing Rate,請求レート,
Billing State,請求状態,
Billing Status,請求ステータス,
Billing Zipcode,請求zipcode,
Billing currency must be equal to either default company's currency or party account currency,請求通貨は、デフォルトの会社の通貨または当事者口座通貨のいずれかに等しくなければなりません,
Bin,ビン,
Bin Qty Recalculated,ビン数量再計算,
Bio / Cover Letter,バイオ /カバーレター,
Bisect Accounting Statements,会計声明を二等分します,
Bisect Left,左に二等分します,
Bisect Nodes,ノードを二等分します,
Bisect Right,右に二等分します,
Bisecting From,からの二等分,
Bisecting Left ...,左に二等分...,
Bisecting Right ...,右に二等分...,
Bisecting To,に二等分します,
Black,黒,
Blanket Order,ブランケットオーダー,
Blanket Order Allowance (%),ブランケット注文手当（％）,
Blanket Order Item,ブランケット注文アイテム,
Blanket Order Rate,ブランケットオーダーレート,
Block Invoice,請求書をブロックします,
Block Supplier,ブロックサプライヤー,
Blog Subscriber,ブログサブスクライバー,
Blood Group,血液型,
Blue,青,
Body,体,
Body Text,ボディテキスト,
Body and Closing Text Help,ボディとクロージングテキストのヘルプ,
Bom No,bom no,
Book Advance Payments as Liability option is chosen. Paid From account changed from {0} to {1}.,責任オプションとしての事前支払いを選択します。アカウントから支払われたのは、{0}から{1}に変更されました。,
Book Advance Payments in Separate Party Account,別々のパーティーアカウントで事前の支払いを予約します,
Book Appointment,予約,
Book Asset Depreciation Entry Automatically,資産の減価償却エントリを自動的に予約してください,
Book Deferred Entries Based On,に基づいて延期されたエントリを予約します,
Book Deferred Entries Via Journal Entry,ジャーナルエントリを介して延期されたエントリを予約します,
Book Tax Loss on Early Payment Discount,早期支払い割引に関する税務上の損失,
Book an appointment,予約を予約してください,
Booked,予約,
Booked Fixed Asset,予約された固定資産,
Booking stock value across multiple accounts will make it harder to track stock and account value.,複数のアカウントで株価を予約すると、株式と口座価値を追跡することが難しくなります。,
Books have been closed till the period ending on {0},{0}で終わる期間まで本は閉じられています,
Both,両方,
Both Payable Account: {0} and Advance Account: {1} must be of same currency for company: {2},両方の支払勘定：{0}と事前のアカウント：{1}は会社にとって同じ通貨でなければなりません：{2},
Both Receivable Account: {0} and Advance Account: {1} must be of same currency for company: {2},両方の売掛金勘定：{0}および事前アカウント：{1}は会社の場合と同じ通貨でなければなりません：{2},
Both Trial Period Start Date and Trial Period End Date must be set,試用期間開始日と試用期間の終了日は設定する必要があります,
Both {0} Account: {1} and Advance Account: {2} must be of same currency for company: {3},両方の{0}アカウント：{1}および事前アカウント：{2}は会社の場合と同じ通貨でなければなりません：{3},
Branch,支店,
Branch Code,ブランチコード,
Brand,ブランド,
Brand Defaults,ブランドのデフォルト,
Brand Name,ブランド名,
Breakdown,壊す,
Browse BOM,BOMを閲覧します,
Budget,予算,
Budget Account,予算口座,
Budget Accounts,予算口座,
Budget Against,反対の予算,
Budget Amount,予算額,
Budget Detail,予算の詳細,
Budget Exceeded,予算を超えました,
Budget List,予算リスト,
Budget Variance Report,予算の差異レポート,
Budget cannot be assigned against Group Account {0},グループアカウント{0}に対して予算を割り当てることはできません,
"Budget cannot be assigned against {0}, as it's not an Income or Expense account",収入または経費勘定ではないため、{0}に対して予算を割り当てることはできません,
Budgets,予算,
Buffered Cursor,バッファーカーソル,
Build All?,すべてを構築しますか？,
Build Tree,ツリーを構築します,
Buildable Qty,ビルド可能な数量,
Buildings,建物,
Bulk Rename Jobs,バルクの名前変更ジョブ,
Bulk Transaction Log,バルクトランザクションログ,
Bulk Transaction Log Detail,バルクトランザクションログの詳細,
Bundle Items,バンドルアイテム,
Bundle Qty,バンドル数量,
Busy,忙しい,
Buy,買う,
Buyer of Goods and Services.,商品とサービスの購入者。,
Buying,購入,
Buying & Selling Settings,設定の売買,
Buying Amount,購入金額,
Buying Price List,購入価格表,
Buying Rate,購入料金,
Buying Settings,購入設定,
Buying and Selling,売買,
"Buying must be checked, if Applicable For is selected as {0}",該当する場合は、{0}として該当する場合はチェックする必要があります。,
"By default, the Supplier Name is set as per the Supplier Name entered. If you want Suppliers to be named by a <a href='https://docs.erpnext.com/docs/user/manual/en/setting-up/settings/naming-series' target='_blank'>Naming Series</a> choose the 'Naming Series' option.",デフォルトでは、サプライヤー名は入力されたサプライヤー名に従って設定されます。サプライヤーがa <a href = 'https：//docs.erpnext.com/docs/user/manual/en/setting-up/settings/naming-series' target = '_ blank'> namingシリーズ</a>「ネーミングシリーズ」オプションを選択します。,
Bypass Credit Limit Check at Sales Order,販売注文時のクレジット制限チェックをバイパスします,
Bypass credit check at Sales Order,販売注文時にクレジットチェックをバイパスします,
CANCELLED,キャンセル,
CC,CC,
CC To,cc to,
CODE-39,コード39,
COGS By Item Group,アイテムグループによるコグ,
COGS Debit,コグのデビット,
CRM,CRM,
CRM Note,CRMノート,
CRM Settings,CRM設定,
CWIP Account,CWIPアカウント,
Calculate Ageing With,で老化を計算します,
Calculate Based On,に基づいて計算します,
Calculate Depreciation,減価償却を計算します,
Calculate Estimated Arrival Times,推定到着時間を計算します,
Calculate Product Bundle Price based on Child Items' Rates,子アイテムの料金に基づいて製品バンドル価格を計算します,
Calculate daily depreciation using total days in depreciation period,減価償却期間の合計日を使用して、毎日の減価償却を計算します,
Calculated Bank Statement balance,計算された銀行声明の残高,
Calculations,計算,
Calendar Event,カレンダーイベント,
Calibration,較正,
Call Again,もう一度お電話ください,
Call Connected,接続に電話します,
Call Details,詳細を呼び出します,
Call Duration in seconds,秒単位で呼び出します,
Call Ended,呼び出しが終了しました,
Call Handling Schedule,処理スケジュールを呼び出します,
Call Log,ログを呼び出します,
Call Missed,逃した電話,
Call Received By,通話を受け取った,
Call Receiving Device,受信デバイスを呼び出します,
Call Routing,ルーティングを呼び出します,
Call Schedule Row {0}: To time slot should always be ahead of From time slot.,スケジュールrow {0}を呼び出します：時間スロットは常に時刻スロットよりも先にある必要があります。,
Call Summary,要約を呼び出します,
Call Summary Saved,コールサマリーを保存します,
Call Type,呼び出しタイプ,
Callback,折り返し電話,
Campaign,キャンペーン,
Campaign Efficiency,キャンペーン効率,
Campaign Email Schedule,キャンペーンメールスケジュール,
Campaign Item,キャンペーンアイテム,
Campaign Name,キャンペーン名,
Campaign Naming By,別名のキャンペーン,
Campaign Schedules,キャンペーンスケジュール,
Can be approved by {0},{0}で承認できます,
Can not close Work Order. Since {0} Job Cards are in Work In Progress state.,労働順序を閉鎖することはできません。 {0}ジョブカードは進行中の仕事中です。,
"Can not filter based on Cashier, if grouped by Cashier",キャッシャーによってグループ化された場合、キャッシャーに基づいてフィルタリングできません,
"Can not filter based on Child Account, if grouped by Account",アカウントによってグループ化されている場合、子アカウントに基づいてフィルタリングできません,
"Can not filter based on Customer, if grouped by Customer",顧客によってグループ化された場合、顧客に基づいてフィルタリングできません,
"Can not filter based on POS Profile, if grouped by POS Profile",POプロファイルによってグループ化されている場合、POプロファイルに基づいてフィルタリングできません,
"Can not filter based on Payment Method, if grouped by Payment Method",支払い方法によってグループ化された場合、支払い方法に基づいてフィルタリングできません,
"Can not filter based on Voucher No, if grouped by Voucher",バウチャーによってグループ化されている場合、バウチャーいいえに基づいてフィルタリングできません,
Can only make payment against unbilled {0},未請求{0}に対してのみ支払いを行うことができます,
Can refer row only if the charge type is 'On Previous Row Amount' or 'Previous Row Total',充電タイプが「前の行の金額」または「前の行合計」の場合にのみ行を参照できます,
"Can't change the valuation method, as there are transactions against some items which do not have its own valuation method",独自の評価方法を持っていないいくつかの項目に対するトランザクションがあるため、評価方法を変更することはできません,
Cancel,キャンセル,
Cancel At End Of Period,期間の終わりにキャンセルします,
Cancel Material Visit {0} before cancelling this Warranty Claim,この保証請求をキャンセルする前に、マテリアルにアクセスしてください{0}にアクセスしてください,
Cancel Material Visits {0} before cancelling this Maintenance Visit,このメンテナンス訪問をキャンセルする前に、マテリアル訪問{0}をキャンセルします,
Cancel Subscription,キャンセルサブスクリプション,
Cancel Subscription After Grace Period,Grace期間後にサブスクリプションをキャンセルします,
Cancelation Date,キャンセル日,
Canceled,キャンセル,
Cancelled,キャンセル,
Cannot Assign Cashier,キャッシャーを割り当てることはできません,
Cannot Calculate Arrival Time as Driver Address is Missing.,ドライバーアドレスが欠落しているため、到着時間を計算できません。,
Cannot Create Return,リターンを作成できません,
Cannot Merge,マージできません,
Cannot Optimize Route as Driver Address is Missing.,ドライバーアドレスが欠落しているため、ルートを最適化できません。,
Cannot Relieve Employee,従業員を緩和することはできません,
Cannot Resubmit Ledger entries for vouchers in Closed fiscal year.,クローズド会計年度にバウチャーの元帳エントリを再送信することはできません。,
"Cannot amend {0} {1}, please create a new one instead.",{0} {1}を修正することはできません。代わりに新しいものを作成してください。,
Cannot apply TDS against multiple parties in one entry,1つのエントリで複数の関係者に対してTDを適用することはできません,
Cannot be a fixed asset item as Stock Ledger is created.,ストック台帳が作成されているため、固定資産項目になることはできません。,
Cannot cancel POS Closing Entry,POSクロージングエントリをキャンセルすることはできません,
Cannot cancel as processing of cancelled documents is pending.,キャンセルされたドキュメントの処理が保留中であるためキャンセルできません。,
Cannot cancel because submitted Stock Entry {0} exists,提出された在庫エントリ{0}が存在するため、キャンセルできません,
Cannot cancel the transaction. Reposting of item valuation on submission is not completed yet.,トランザクションをキャンセルできません。提出時のアイテム評価の再投稿はまだ完了していません。,
Cannot cancel this document as it is linked with the submitted asset {asset_link}. Please cancel the asset to continue.,提出されたアセット{asset_link}にリンクされているため、このドキュメントをキャンセルすることはできません。継続するために資産をキャンセルしてください。,
Cannot cancel transaction for Completed Work Order.,完了した作業注文のためにトランザクションをキャンセルすることはできません。,
Cannot change Attributes after stock transaction. Make a new Item and transfer stock to the new Item,在庫取引後に属性を変更することはできません。新しいアイテムを作成し、ストックを新しいアイテムに転送する,
Cannot change Fiscal Year Start Date and Fiscal Year End Date once the Fiscal Year is saved.,会計年度が節約されると、会計年度の開始日と会計年度終了日を変更することはできません。,
Cannot change Reference Document Type.,参照ドキュメントタイプを変更できません。,
Cannot change Service Stop Date for item in row {0},{0}のアイテムのサービス停止日を変更できません,
Cannot change Variant properties after stock transaction. You will have to make a new Item to do this.,ストックトランザクション後にバリアントプロパティを変更できません。これを行うには、新しいアイテムを作成する必要があります。,
"Cannot change company's default currency, because there are existing transactions. Transactions must be cancelled to change the default currency.",既存のトランザクションがあるため、会社のデフォルト通貨を変更することはできません。デフォルトの通貨を変更するには、トランザクションをキャンセルする必要があります。,
Cannot complete task {0} as its dependant task {1} are not completed / cancelled.,その依存タスク{1}が完了 /キャンセルされていないため、タスク{0}を完了できません。,
Cannot convert Cost Center to ledger as it has child nodes,子ノードがあるため、コストセンターを元帳に変換できません,
Cannot convert Task to non-group because the following child Tasks exist: {0}.,次の子タスクが存在するため、タスクを非グループに変換することはできません：{0}。,
Cannot convert to Group because Account Type is selected.,アカウントタイプが選択されているため、グループに変換できません。,
Cannot covert to Group because Account Type is selected.,アカウントの種類が選択されているため、グループに隠すことはできません。,
Cannot create Stock Reservation Entries for future dated Purchase Receipts.,将来の日付の購入領収書の在庫予約エントリを作成することはできません。,
Cannot create a pick list for Sales Order {0} because it has reserved stock. Please unreserve the stock in order to create a pick list.,在庫が予約されているため、販売注文{0}のピックリストを作成できません。ピックリストを作成するために、在庫の予約を解除してください。,
Cannot create accounting entries against disabled accounts: {0},無効なアカウントに対する会計エントリを作成できません：{0},
Cannot create return for consolidated invoice {0}.,統合請求書{0}のリターンを作成できません。,
Cannot deactivate or cancel BOM as it is linked with other BOMs,他のBOMとリンクしているため、BOMを無効またはキャンセルすることはできません,
"Cannot declare as lost, because Quotation has been made.",引用がなされたため、失われたと宣言することはできません。,
Cannot deduct when category is for 'Valuation' or 'Valuation and Total',カテゴリが「評価」または「評価と合計」の場合は控除できません,
Cannot delete Exchange Gain/Loss row,Exchange Gain/Loss Rowを削除できません,
"Cannot delete Serial No {0}, as it is used in stock transactions",在庫トランザクションで使用されているため、シリアル番号{0}を削除できません,
Cannot disassemble more than produced quantity.,生成された量以上のものを分解することはできません。,
Cannot enqueue multi docs for one company. {0} is already queued/running for company: {1},1つの会社のマルチドキュメントをenceueできません。 {0}はすでに会社のためにキューに巻き込まれています：{1},
Cannot ensure delivery by Serial No as Item {0} is added with and without Ensure Delivery by Serial No.,シリアル{0}がシリアル番号で配達されずに追加されると、シリアルNOによる配信を確保することはできません,
Cannot find Item with this Barcode,このバーコードでアイテムが見つかりません,
Cannot find a default warehouse for item {0}. Please set one in the Item Master or in Stock Settings.,アイテム{0}のデフォルトの倉庫が見つかりません。アイテムマスターまたは在庫設定に1つを設定してください。,
Cannot make any transactions until the deletion job is completed,削除ジョブが完了するまで取引を行うことはできません,
Cannot produce more Item {0} than Sales Order quantity {1},販売注文数量{1}よりも多くのアイテム{0}を作成できません,
Cannot produce more item for {0},{0}のためにこれ以上のアイテムを作成できません,
Cannot produce more than {0} items for {1},{1}の{0}項目以上の項目を作成することはできません,
Cannot receive from customer against negative outstanding,顧客からネガティブな未払いから受け取ることはできません,
Cannot refer row number greater than or equal to current row number for this Charge type,この充電タイプの現在の行番号以上を参照できません,
Cannot retrieve link token for update. Check Error Log for more information,更新のためにリンクトークンを取得できません。詳細については、エラーログを確認してください,
Cannot retrieve link token. Check Error Log for more information,リンクトークンを取得できません。詳細については、エラーログを確認してください,
Cannot select charge type as 'On Previous Row Amount' or 'On Previous Row Total' for first row,最初の行の「前の行の金額」または「前の行の合計」として充電タイプを選択できません,
Cannot set as Lost as Sales Order is made.,販売注文が行われたように失われたように設定することはできません。,
Cannot set authorization on basis of Discount for {0},{0}の割引に基づいて承認を設定することはできません,
Cannot set multiple Item Defaults for a company.,会社の複数のアイテムのデフォルトを設定することはできません。,
Cannot set quantity less than delivered quantity,配信量より少ない量を設定することはできません,
Cannot set quantity less than received quantity,受信数量より少ない数量を設定することはできません,
Cannot set the field <b>{0}</b> for copying in variants,バリアントにコピーするためにフィールド<b> {0} </b>を設定できません,
Cannot {0} from {1} without any negative outstanding invoice,負の発行請求書なしで{1}から{0}できません,
Canonical URI,標準的なURI,
Capacity,容量,
Capacity (Stock UOM),容量（ストックUOM）,
Capacity Planning,容量計画,
"Capacity Planning Error, planned start time can not be same as end time",容量計画エラー、計画された開始時間は終了時間と同じではありません,
Capacity Planning For (Days),（日）の能力計画,
Capacity in Stock UOM,在庫の容量uom,
Capacity must be greater than 0,容量は0より大きくなければなりません,
Capital Equipment,資本設備,
Capital Stock,資本ストック,
Capital Work In Progress Account,進行中のキャピタルワークアカウント,
Capital Work in Progress,進行中の資本労働,
Capitalize Asset,資産を大文字にします,
Capitalize Repair Cost,修理コストを大文字にします,
Capitalized,大文字,
Carrier,キャリア,
Carrier Service,キャリアサービス,
Carry Forward Communication and Comments,コミュニケーションとコメントを前進させます,
Cash,現金,
Cash Entry,キャッシュエントリ,
Cash Flow,キャッシュフロー,
Cash Flow Statement,キャッシュフローステートメント,
Cash Flow from Financing,資金調達からのキャッシュフロー,
Cash Flow from Investing,投資からのキャッシュフロー,
Cash Flow from Operations,運用からのキャッシュフロー,
Cash In Hand,手に現金,
Cash or Bank Account is mandatory for making payment entry,現金または銀行口座は、支払いを行うために必須です,
Cash/Bank Account,現金/銀行口座,
Cashier,キャッシャー,
Cashier Closing,キャッシャークロージング,
Cashier Closing Payments,キャッシャーの閉鎖支払い,
Cashier is currently assigned to another POS.,キャッシャーは現在、別のPOSに割り当てられています。,
Catch All,すべてをキャッチします,
Categorize By,分類します,
Categorize by,分類します,
Categorize by Account,アカウントで分類します,
Categorize by Item,アイテムごとに分類します,
Categorize by Party,パーティーで分類します,
Categorize by Supplier,サプライヤーによって分類されます,
Categorize by Voucher,バウチャーで分類します,
Categorize by Voucher (Consolidated),バウチャーによる分類（統合）,
Category,カテゴリ,
Category Details,カテゴリの詳細,
Category Name,カテゴリ名,
Category-wise Asset Value,カテゴリごとの資産価値,
Caution,注意,
Caution: This might alter frozen accounts.,注意：これにより、凍結アカウントが変更される場合があります。,
Cellphone Number,携帯電話番号,
Certificate,証明書,
Certificate Details,証明書の詳細,
Certificate Limit,証明書制限,
Certificate No,証明書番号,
Certificate Required,必要な証明書,
Change Amount,変更額,
Change Release Date,リリース日を変更します,
Change in Stock Value,株価の変更,
Change the account type to Receivable or select a different account.,アカウントタイプを売掛金に変更するか、別のアカウントを選択します。,
Change this date manually to setup the next synchronization start date,この日付を手動で変更して、次の同期開始日をセットアップします,
Changed customer name to '{}' as '{}' already exists.,顧客名は「{}」に変更されました。,
Changes,変更,
Changes in {0},{0}の変更,
Changing Customer Group for the selected Customer is not allowed.,選択した顧客の顧客グループを変更することは許可されていません。,
"Changing the valuation method to Moving Average will affect new transactions. If backdated entries are added, earlier FIFO-based entries will be reposted, which may change closing balances.",評価方法を移動平均に変更すると、新しいトランザクションに影響します。背景のエントリが追加されると、以前のFIFOベースのエントリが再投稿され、閉鎖残高が変更される場合があります。,
Channel Partner,チャネルパートナー,
Charge of type 'Actual' in row {0} cannot be included in Item Rate or Paid Amount,行の「実際の」タイプの請求{0}は、アイテムレートまたは有料金額に含めることができません,
Chargeable,課金可能,
Charges Incurred,発生した料金,
Charges are updated in Purchase Receipt against each item,料金は、各アイテムに対して購入領収書で更新されます,
"Charges will be distributed proportionately based on item qty or amount, as per your selection",選択に従って、アイテムの数量または金額に基づいて、料金は比例して配布されます,
Chart,チャート,
Chart Of Accounts,アカウントのチャート,
Chart Of Accounts Template,アカウントテンプレートのチャート,
Chart Preview,チャートプレビュー,
Chart Tree,チャートツリー,
Chart of Accounts,アカウントのチャート,
Chart of Accounts Importer,アカウント輸入業者のチャート,
Chart of Cost Centers,コストセンターのチャート,
Charts Based On,に基づくチャート,
Chassis No,シャーシいいえ,
Chat,チャット,
Check Supplier Invoice Number Uniqueness,サプライヤーの請求書番号の一意性を確認してください,
Check if it is a hydroponic unit,水耕ユニットのかどうかを確認してください,
Check if material transfer entry is not required,材料の転送入力が不要かどうかを確認してください,
Check in (group),チェックイン（グループ）,
Check this to disallow fractions. (for Nos),これを確認して、分数を許可してください。 （NOSの場合）,
Checked On,チェックオン,
Checking this will round off the tax amount to the nearest integer,これをチェックすると、税額が最寄りの整数に除外されます,
Checkout,チェックアウト,
Checkout Order / Submit Order / New Order,注文のチェックアウト /注文 /新しい注文を送信します,
Cheque,チェック,
Cheque Date,日付を確認してください,
Cheque Height,高さを確認してください,
Cheque Number,番号を確認してください,
Cheque Print Template,印刷テンプレートを確認してください,
Cheque Size,サイズを確認します,
Cheque Width,幅を確認します,
Cheque/Reference Date,確認/参照日,
Cheque/Reference No,チェック/リファレンス番号,
Cheques Required,チェックが必要です,
Cheques and Deposits Incorrectly cleared,チェックと預金は誤ってクリアされました,
Cheques and Deposits incorrectly cleared,チェックと預金は誤ってクリアされました,
Child Docname,チャイルドドキュメント,
Child Row Reference,チャイルドロウリファレンス,
Child Task exists for this Task. You can not delete this Task.,このタスクには子供のタスクが存在します。このタスクを削除することはできません。,
Child nodes can be only created under 'Group' type nodes,子ノードは、「グループ」タイプノードの下でのみ作成できます,
Child warehouse exists for this warehouse. You can not delete this warehouse.,この倉庫には児童倉庫があります。この倉庫を削除することはできません。,
Circular Reference Error,円形の参照エラー,
City,市,
Class / Percentage,クラス /パーセンテージ,
Classification of Customers by region,地域ごとの顧客の分類,
Clauses and Conditions,条項と条件,
Clear,クリア,
Clear Demo Data,デモデータをクリアします,
Clear Notifications,明確な通知,
Clear Table,クリアテーブル,
Clearance Date,クリアランス日,
Clearance Date not mentioned,クリアランス日は言及されていません,
Clearance Date updated,クリアランス日が更新されました,
Clearing Demo Data...,デモデータのクリア...,
Click on 'Get Finished Goods for Manufacture' to fetch the items from the above Sales Orders. Items only for which a BOM is present will be fetched.,「製造用に完成品を入手」をクリックして、上記の販売注文からアイテムを取得します。 BOMが存在するアイテムのみがフェッチされます。,
Click on Add to Holidays. This will populate the holidays table with all the dates that fall on the selected weekly off. Repeat the process for populating the dates for all your weekly holidays,Holidaysに追加をクリックしてください。これにより、選択された毎週の日付がすべての日付がオフになるすべての日付に、ホリデーのテーブルに登場します。毎週すべての休日の日付を埋めるプロセスを繰り返します,
Click on Get Sales Orders to fetch sales orders based on the above filters.,上記のフィルターに基づいて販売注文を取得するには、販売注文の取得をクリックします。,
Click on Import Invoices button once the zip file has been attached to the document. Any errors related to processing will be shown in the Error Log.,zipファイルがドキュメントに添付されたら、[請求書のインポート]ボタンをクリックします。処理に関連するエラーは、エラーログに表示されます。,
Click on the link below to verify your email and confirm the appointment,以下のリンクをクリックしてメールを確認し、予約を確認してください,
Click to add email / phone,クリックして電子メール /電話を追加します,
Client,クライアント,
Close,近い,
Close Issue After Days,数日後に閉鎖された問題,
Close Loan,クローズローン,
Close Replied Opportunity After Days,数日後に閉ざされた機会,
Close the POS,POSを閉じます,
Closed,閉じた,
Closed Document,閉じたドキュメント,
Closed Documents,閉じた文書,
Closed Work Order can not be stopped or Re-opened,閉鎖作業注文は停止したり再開したりすることはできません,
Closed order cannot be cancelled. Unclose to cancel.,閉じた注文はキャンセルできません。キャンセルするために削除します。,
Closing,閉鎖,
Closing (Cr),クロージング（cr）,
Closing (Dr),クロージング（DR）,
Closing (Opening + Total),クロージング（オープニング +合計）,
Closing Account Head,アカウントヘッドを閉じます,
Closing Account {0} must be of type Liability / Equity,クロージングアカウント{0}はタイプの責任 /株式でなければなりません,
Closing Amount,閉鎖額,
Closing Balance,クローズバランス,
Closing Balance as per Bank Statement,銀行の明細書に従って、閉鎖残高,
Closing Balance as per ERP,ERPごとのクローズバランス,
Closing Date,締め切り,
Closing Text,テキストを閉じます,
Closing [Opening + Total] ,閉じる[オープニング +合計],
Code,コード,
Code List,コードリスト,
Collapse All,すべて崩壊します,
Collect Outstanding Amount,未払いの金額を収集します,
Collect Progress,進捗を収集します,
Collection Factor (=1 LP),収集係数（= 1 lp）,
Collection Rules,収集ルール,
Collection Tier,コレクション層,
Color,色,
Colour,色,
Column in Bank File,銀行ファイルの列,
Column {0},列{0},
Columns are not according to template. Please compare the uploaded file with standard template,列はテンプレートによるものではありません。アップロードされたファイルを標準テンプレートと比較してください,
Combined invoice portion must equal 100%,結合された請求書部分は100％等しくなければなりません,
Comments,コメント,
Commercial,コマーシャル,
Commission,手数料,
Commission Rate,手数料率,
Commission Rate %,手数料率％,
Commission Rate (%),手数料（％）,
Commission on Sales,販売委員会,
Common Code,一般的なコード,
Communication,コミュニケーション,
Communication Channel,通信チャネル,
Communication Medium,通信媒体,
Communication Medium Timeslot,通信ミディアムタイムスロット,
Communication Medium Type,通信ミディアムタイプ,
Compact Item Print,コンパクトなアイテムプリント,
Companies,企業,
Company,会社,
Company Abbreviation,会社の略語,
Company Abbreviation cannot have more than 5 characters,会社の略語は5文字以上を持つことはできません,
Company Account,会社アカウント,
Company Address,会社の住所,
Company Address Display,会社アドレスディスプレイ,
Company Address Name,会社の住所名,
Company Bank Account,会社の銀行口座,
Company Billing Address,会社の請求先住所,
Company Contact Person,会社の連絡先,
Company Description,会社の説明,
Company Details,会社の詳細,
Company Email,会社の電子メール,
Company Logo,会社のロゴ,
Company Name,会社名,
Company Name cannot be Company,会社名は会社にすることはできません,
Company Not Linked,リンクされていない会社,
Company Shipping Address,会社の配送先住所,
Company Tax ID,会社税ID,
Company and Posting Date is mandatory,会社と投稿日は必須です,
Company currencies of both the companies should match for Inter Company Transactions.,両社の会社の通貨は、会社間取引に一致する必要があります。,
Company field is required,会社のフィールドが必要です,
Company is mandatory,会社は必須です,
Company is mandatory for company account,会社は会社のアカウントに必須です,
Company is mandatory for generating an invoice. Please set a default company in Global Defaults.,会社は請求書を生成するために必須です。グローバルデフォルトでデフォルト企業を設定してください。,
Company name not same,会社名は同じではありません,
Company of asset {0} and purchase document {1} doesn't matches.,Asset {0}の会社と購入ドキュメント{1}を購入することは一致しません。,
Company registration numbers for your reference. Tax numbers etc.,参照のための会社の登録番号。税番号など,
Company which internal customer represents,内部顧客が表す会社,
Company which internal customer represents.,内部顧客が表す会社。,
Company which internal supplier represents,内部サプライヤーが代表する会社,
Company {0} added multiple times,会社{0}は複数回追加しました,
Company {0} does not exist,会社{0}は存在しません,
Company {0} is added more than once,会社{0}は複数回追加されます,
Company {} does not exist yet. Taxes setup aborted.,会社{}はまだ存在していません。税金のセットアップが中止されました。,
Company {} does not match with POS Profile Company {},会社{}はPOSプロファイルCompanyと一致しません{},
Competitor,競合他社,
Competitor Detail,競合他社の詳細,
Competitor Name,競合他社名,
Competitors,競合他社,
Complete,完了,
Complete Job,完全な仕事,
Complete Order,完全な注文,
Completed,完了しました,
Completed By,で完了しました,
Completed On,で完了しました,
Completed On cannot be greater than Today,完成したことは、今日より大きくすることはできません,
Completed Operation,完了した操作,
Completed Qty,数量を完了しました,
Completed Qty cannot be greater than 'Qty to Manufacture',完了した数量は、「製造するための数量」よりも大きくすることはできません,
Completed Quantity,完成した数量,
Completed Tasks,完了したタスク,
Completed Time,完了した時間,
Completed Work Orders,完了した作業注文,
Completion,完了,
Completion By,で完了します,
Completion Date,完了日,
Completion Date can not be before Failure Date. Please adjust the dates accordingly.,完了日は障害日前にはできません。それに応じて日付を調整してください。,
Completion Status,完了ステータス,
Comprehensive Insurance,包括的な保険,
Computer,コンピューター,
Condition,状態,
Conditional Rule,条件付きルール,
Conditional Rule Examples,条件付きルールの例,
Conditions will be applied on all the selected items combined. ,条件は、選択したすべてのアイテムを組み合わせて適用されます。,
Configuration,構成,
Configure Product Assembly,製品アセンブリを構成します,
Configure the action to stop the transaction or just warn if the same rate is not maintained.,取引を停止するようにアクションを構成するか、同じレートが維持されていない場合に警告します。,
Configure the default Price List when creating a new Purchase transaction. Item prices will be fetched from this Price List.,新しい購入トランザクションを作成するときに、デフォルトの価格表を構成します。この価格表からアイテムの価格が取得されます。,
Confirm before resetting posting date,投稿日をリセットする前に確認してください,
Confirmation Date,確認日,
Connections,接続,
Consider Accounting Dimensions,会計の寸法を検討してください,
Consider Entire Party Ledger Amount,パーティー元帳全体を考慮してください,
Consider Minimum Order Qty,最小注文数量を考慮してください,
Consider Projected Qty in Calculation,計算で投影される数量を検討してください,
Consider Projected Qty in Calculation (RM),計算で投影される数量を検討（RM）,
Consider Rejected Warehouses,拒否された倉庫を検討してください,
Consider Tax or Charge for,税金または請求を検討してください,
Considered In Paid Amount,有給の金額で考慮されます,
Consolidate Sales Order Items,販売注文項目を統合します,
Consolidate Sub Assembly Items,サブアセンブリアイテムを統合します,
Consolidated,連結,
Consolidated Credit Note,統合されたクレジットメモ,
Consolidated Financial Statement,統合された財務諸表,
Consolidated Sales Invoice,連結販売請求書,
Consultant,コンサルタント,
Consumable,消耗品,
Consumable Cost,消耗品のコスト,
Consumed,消費,
Consumed Amount,消費量,
Consumed Asset Total Value,消費された資産合計値,
Consumed Assets,消費された資産,
Consumed Items,消費されたアイテム,
Consumed Items Cost,消費されたアイテムのコスト,
Consumed Qty,消費された数量,
Consumed Qty cannot be greater than Reserved Qty for item {0},消費された数量は、アイテムのために予約された数量より大きくすることはできません{0},
Consumed Quantity,消費量,
Consumed Stock Items,消費された在庫アイテム,
"Consumed Stock Items, Consumed Asset Items or Consumed Service Items is mandatory for Capitalization",消費された在庫アイテム、消費された資産アイテム、または消費されたサービスアイテムは、資本化に義務付けられています,
Consumed Stock Total Value,消費される株式合計値,
Consumption Rate,消費率,
Contact,接触,
Contact Desc,DESCにお問い合わせください,
Contact Details,連絡先の詳細,
Contact Email,メールにお問い合わせください,
Contact HTML,HTMLに連絡してください,
Contact Info,連絡先情報,
Contact Information,連絡先,
Contact List,連絡先リスト,
Contact Mobile,モバイルにお問い合わせください,
Contact Mobile No,モバイル番号にお問い合わせください,
Contact Name,連絡先名,
Contact No.,連絡先番号,
Contact Person,連絡担当者,
Contact Person does not belong to the {0},連絡先は{0}に属していません,
Contact: ,接触：,
Contacts,連絡先,
Content,コンテンツ,
Content Type,コンテンツタイプ,
Continue,続く,
Contra Entry,コントラエントリ,
Contract,契約,
Contract Details,契約の詳細,
Contract End Date,契約終了日,
Contract Fulfilment Checklist,契約フルフィルメントチェックリスト,
Contract Period,契約期間,
Contract Template,契約テンプレート,
Contract Template Fulfilment Terms,契約テンプレートの履行条件,
Contract Template Help,契約テンプレートヘルプ,
Contract Terms,契約条件,
Contract Terms and Conditions,契約条件,
Contribution %,貢献 ％,
Contribution (%),貢献 （％）,
Contribution Amount,拠出金額,
Contribution Qty,貢献数量,
Contribution to Net Total,正味合計への貢献,
Control Action,制御アクション,
Control Action for Cumulative Expense,累積費用の制御アクション,
Control Historical Stock Transactions,履歴株式取引を制御します,
Conversion Factor,変換係数,
Conversion Rate,変換率,
Conversion factor for default Unit of Measure must be 1 in row {0},デフォルトの測定単位の変換係数は1行{0}でなければなりません,
Conversion factor for item {0} has been reset to 1.0 as the uom {1} is same as stock uom {2}.,UOM {1}はStock UOM {2}と同じであるため、アイテム{0}の変換係数は1.0にリセットされています。,
Conversion rate cannot be 0,変換速度は0になりません,
"Conversion rate is 1.00, but document currency is different from company currency",コンバージョン率は1.00ですが、ドキュメント通貨は会社の通貨とは異なります,
Conversion rate must be 1.00 if document currency is same as company currency,ドキュメント通貨が会社通貨と同じ場合、変換率は1.00でなければなりません,
Convert Item Description to Clean HTML in Transactions,アイテムの説明をトランザクションでhtmlをきれいに変換します,
Convert to Group,グループに変換します,
Convert to Item Based Reposting,アイテムベースの再投稿に変換します,
Convert to Non-Group,非グループに変換します,
Converted,変換された,
Copied From,からコピー,
Copy Fields to Variant,フィールドをバリアントにコピーします,
Corrective,修正,
Corrective Action,是正措置,
Corrective Job Card,修正ジョブカード,
Corrective Operation,修正操作,
Corrective Operation Cost,是正操作コスト,
Corrective/Preventive,修正/予防,
Cost,料金,
Cost Center,コストセンター,
Cost Center Allocation,コストセンターの割り当て,
Cost Center Allocation Percentage,コストセンター割り当て率,
Cost Center Allocation Percentages,コストセンターの割り当て率,
Cost Center Name,コストセンター名,
Cost Center Number,コストセンター番号,
Cost Center for Item rows has been updated to {0},アイテムの行のコストセンターは{0}に更新されました,
"Cost Center is a part of Cost Center Allocation, hence cannot be converted to a group",コストセンターはコストセンターの割り当ての一部であるため、グループに変換することはできません,
Cost Center is required in row {0} in Taxes table for type {1},コストセンターは、タイプ{1}の税テーブルで行{0}に必要です,
Cost Center with Allocation records can not be converted to a group,割り当て記録を備えたコストセンターはグループに変換できません,
Cost Center with existing transactions can not be converted to group,既存のトランザクションを備えたコストセンターはグループに変換できません,
Cost Center with existing transactions can not be converted to ledger,既存のトランザクションを備えたコストセンターは、元帳に変換できません,
Cost Center {0} cannot be used for allocation as it is used as main cost center in other allocation record.,コストセンター{0}は、他の割り当てレコードのメインコストセンターとして使用されるため、割り当てには使用できません。,
Cost Center {} doesn't belong to Company {},コストセンター{}は会社{}に属していません,
Cost Center {} is a group cost center and group cost centers cannot be used in transactions,コストセンター{}はグループコストセンターであり、グループコストセンターはトランザクションでは使用できません,
Cost Center: {0} does not exist,コストセンター：{0}は存在しません,
Cost Centers,コストセンター,
Cost Configuration,コスト構成,
Cost Per Unit,ユニットあたりのコスト,
Cost of Delivered Items,配達されたアイテムのコスト,
Cost of Goods Sold,販売される商品のコスト,
Cost of Goods Sold Account in Items Table,アイテムのテーブルで販売された商品の販売費用,
Cost of Issued Items,発行されたアイテムのコスト,
Cost of Poor Quality Report,質の低いレポートのコスト,
Cost of Purchased Items,購入したアイテムのコスト,
Cost of various activities,さまざまなアクティビティのコスト,
Cost to Company (CTC),会社へのコスト（CTC）,
Costing,原価計算,
Costing Amount,原価計算額,
Costing Details,コストの詳細,
Costing Rate,原価計算率,
Costing and Billing,原価計算と請求,
Could Not Delete Demo Data,デモデータを削除できませんでした,
Could not auto create Customer due to the following missing mandatory field(s):,次の欠落している必須フィールドのために、顧客を自動化できませんでした。,
"Could not create Credit Note automatically, please uncheck 'Issue Credit Note' and submit again",クレジットノートを自動的に作成できませんでした。「クレジットノート」をチェックして、再度送信してください,
Could not detect the Company for updating Bank Accounts,銀行口座を更新するために会社を検出できませんでした,
Could not find a suitable shift to match the difference: {0},違いに合わせて適切なシフトを見つけることができませんでした：{0},
Could not find path for ,の道が見つかりませんでした,
Could not retrieve information for {0}.,{0}の情報を取得できませんでした。,
Could not solve criteria score function for {0}. Make sure the formula is valid.,{0}の基準スコア関数を解決できませんでした。式が有効であることを確認してください。,
Could not solve weighted score function. Make sure the formula is valid.,加重スコア関数を解くことができませんでした。式が有効であることを確認してください。,
Count,カウント,
Country,国,
Country Code in File does not match with country code set up in the system,ファイル内の国コードは、システムに設定された国コードと一致しません,
Country of Origin,原産国,
Coupon Code,クーポンコード,
Coupon Code Based,クーポンコードベース,
Coupon Description,クーポンの説明,
Coupon Name,クーポン名,
Coupon Type,クーポンタイプ,
Cr,cr,
Create,作成する,
Create Chart Of Accounts Based On,に基づいてアカウントのチャートを作成します,
Create Delivery Note,配達メモを作成します,
Create Delivery Trip,配達旅行を作成します,
Create Depreciation Entry,減価償却エントリを作成します,
Create Employee,従業員を作成します,
Create Employee Records,従業員の記録を作成します,
Create Employee records.,従業員の記録を作成します。,
Create Grouped Asset,グループ化された資産を作成します,
Create Inter Company Journal Entry,Inter Company Journalエントリを作成します,
Create Invoices,請求書を作成します,
Create Job Card,ジョブカードを作成します,
Create Job Card based on Batch Size,バッチサイズに基づいてジョブカードを作成します,
Create Journal Entries,ジャーナルエントリを作成します,
Create Journal Entry,ジャーナルエントリを作成します,
Create Lead,リードを作成します,
Create Leads,リードを作成します,
Create Ledger Entries for Change Amount,変更量のための元帳エントリを作成します,
Create Link,リンクを作成します,
Create Missing Party,行方不明のパーティーを作成します,
Create Multi-level BOM,マルチレベルBOMを作成します,
Create New Contact,新しい連絡先を作成します,
Create New Customer,新しい顧客を作成します,
Create New Lead,新しいリードを作成します,
Create Opportunity,機会を作ります,
Create POS Opening Entry,POSオープニングエントリを作成します,
Create Payment Entry,支払いエントリを作成します,
Create Payment Entry for Consolidated POS Invoices.,連結POS請求書の支払いエントリを作成します。,
Create Pick List,ピックリストを作成します,
Create Print Format,印刷形式を作成します,
Create Prospect,見込み客を作成します,
Create Purchase Order,発注書を作成します,
Create Purchase Orders,発注書を作成します,
Create Quotation,引用符を作成します,
Create Receiver List,受信者リストを作成します,
Create Reposting Entries,再投稿エントリを作成します,
Create Reposting Entry,再投稿エントリを作成します,
Create Sales Invoice,販売請求書を作成します,
Create Sales Order,販売注文を作成します,
Create Sales Orders to help you plan your work and deliver on-time,あなたがあなたの仕事を計画し、時間通りに配達するのを助けるために販売注文を作成する,
Create Sample Retention Stock Entry,サンプル保持ストックエントリを作成します,
Create Stock Entry,在庫エントリを作成します,
Create Supplier Quotation,サプライヤーの引用を作成します,
Create Tax Template,税テンプレートを作成します,
Create Timesheet,タイムシートを作成します,
Create User,ユーザーを作成します,
Create User Permission,ユーザーの許可を作成します,
Create Users,ユーザーを作成します,
Create Variant,バリアントを作成します,
Create Variants,バリアントを作成します,
Create Workstation,ワークステーションを作成します,
Create a variant with the template image.,テンプレート画像を使用してバリアントを作成します。,
Create an incoming stock transaction for the Item.,アイテムの着信株式取引を作成します。,
Create customer quotes,顧客の引用を作成します,
Create in Draft Status,ドラフトステータスで作成します,
Create missing customer or supplier.,行方不明の顧客またはサプライヤーを作成します。,
Create {0} {1} ?,{0} {1}を作成しますか？,
Created On,に作成されました,
Created {0} scorecards for {1} between:,{0} scorecards for {1}の間で作成されました。,
Creating Accounts...,アカウントの作成...,
Creating Delivery Note ...,配達メモの作成...,
Creating Dimensions...,寸法の作成...,
Creating Journal Entries...,ジャーナルエントリの作成...,
Creating Packing Slip ...,パッキングスリップを作成します...,
Creating Purchase Invoices ...,購入請求書の作成...,
Creating Purchase Order ...,発注書の作成...,
Creating Purchase Receipt ...,購入領収書の作成...,
Creating Sales Invoices ...,販売請求書の作成...,
Creating Stock Entry,在庫エントリの作成,
Creating Subcontracting Order ...,下請け順序を作成...,
Creating Subcontracting Receipt ...,下請け領収書の作成...,
Creating User...,ユーザーの作成...,
Creating {} out of {} {},{} {} {}を作成する{},
Creation,創造,
Creation Document No,作成文書番号,
Creation of <b><a href='/app/{0}'>{1}(s)</a></b> successful,<b> <a href = '/app/{0}'> {1}（s）</a> </b>の作成成功,
"Creation of {0} failed.
				Check <b><a href=""/app/bulk-transaction-log"">Bulk Transaction Log</a></b>","{0}の作成が失敗しました。
				<b> <a href = ""/app/bulk-transaction-log"">バルクトランザクションログ</a> </b>を確認してください",
"Creation of {0} partially successful.
				Check <b><a href=""/app/bulk-transaction-log"">Bulk Transaction Log</a></b>","{0}部分的に成功した{0}の作成。
				<b> <a href = ""/app/bulk-transaction-log"">バルクトランザクションログ</a> </b>を確認してください",
Credit,クレジット,
Credit (Transaction),クレジット（取引）,
Credit ({0}),クレジット（{0}）,
Credit Account,クレジットアカウント,
Credit Amount,信用金額,
Credit Amount in Account Currency,アカウント通貨のクレジット額,
Credit Amount in Transaction Currency,取引通貨のクレジット額,
Credit Balance,クレジット残高,
Credit Card,クレジットカード,
Credit Card Entry,クレジットカードエントリ,
Credit Days,クレジット日,
Credit Limit,クレジット制限,
Credit Limit Crossed,クレジット制限が越えました,
Credit Limit Settings,クレジット制限設定,
Credit Limit and Payment Terms,クレジット制限と支払い条件,
Credit Limit:,クレジット制限：,
Credit Limits,信用制限,
Credit Months,クレジット数か月,
Credit Note,クレジットノート,
Credit Note Amount,クレジットメモ額,
Credit Note Issued,クレジットメモが発行されました,
"Credit Note will update it's own outstanding amount, even if 'Return Against' is specified.",クレジットノートは、「Return Again」が指定されていても、独自の未払い額を更新します。,
Credit Note {0} has been created automatically,クレジットノート{0}は自動的に作成されました,
Credit To,のクレジット,
Credit in Company Currency,会社の通貨のクレジット,
Credit limit has been crossed for customer {0} ({1}/{2}),顧客{0}（{1}/{2}）のクレジット制限が越えられました,
Credit limit is already defined for the Company {0},クレジット制限は、会社{0}に対してすでに定義されています,
Credit limit reached for customer {0},顧客のクレジット制限が到達しました{0},
Creditors,債権者,
Criteria,基準,
Criteria Formula,基準式,
Criteria Name,基準名,
Criteria Setup,基準のセットアップ,
Criteria Weight,基準の重み,
Criteria weights must add up to 100%,基準の重みは最大100％を追加する必要があります,
Cron Interval should be between 1 and 59 Min,クロン間隔は1〜59分でなければなりません,
Cross Listing of Item in multiple groups,複数のグループのアイテムのクロスリスト,
Cumulative Transaction Threshold,累積トランザクションのしきい値,
Currency,通貨,
Currency Exchange,両替,
Currency Exchange Settings,通貨交換設定,
Currency Exchange Settings Details,通貨交換設定の詳細,
Currency Exchange Settings Result,通貨交換設定の結果,
Currency Exchange must be applicable for Buying or for Selling.,通貨交換は、売買に適用される必要があります。,
Currency and Price List,通貨と価格表,
Currency can not be changed after making entries using some other currency,他の通貨を使用してエントリを作成した後、通貨を変更することはできません,
Currency for {0} must be {1},{0}の通貨は{1}でなければなりません,
Currency of the Closing Account must be {0},クロージングアカウントの通貨は{0}でなければなりません,
Currency of the price list {0} must be {1} or {2},価格表の通貨{0}は{1}または{2}でなければなりません,
Currency should be same as Price List Currency: {0},通貨は価格表と同じでなければなりません通貨：{0},
Current Address,現在のアドレス,
Current Address Is,現在のアドレスはです,
Current Amount,現在の金額,
Current Asset,現在の資産,
Current Asset Value,現在の資産価値,
Current Assets,現在の資産,
Current BOM,現在のbom,
Current BOM and New BOM can not be same,現在のBOMと新しいBOMは同じではありません,
Current Exchange Rate,現在の為替レート,
Current Index,現在のインデックス,
Current Invoice End Date,現在の請求書終了日,
Current Invoice Start Date,現在の請求書開始日,
Current Level,現在のレベル,
Current Liabilities,現在の負債,
Current Liability,現在の責任,
Current Node,現在のノード,
Current Qty,現在の数量,
Current Serial / Batch Bundle,現在のシリアル /バッチバンドル,
Current Serial No,現在のシリアル番号,
Current State,現在の状態,
Current Status,現在のステータス,
Current Stock,現在の在庫,
Current Time,現在の時刻,
Current Valuation Rate,現在の評価率,
Curves,曲線,
Custodian,カストディアン,
Custody,監護,
Custom,カスタム,
Custom Remarks,カスタム備考,
Custom delimiters,カスタムデリミター,
Custom?,カスタム？,
Customer,お客様,
Customer ,お客様,
Customer / Item / Item Group,顧客 /アイテム /アイテムグループ,
Customer / Lead Address,顧客 /リードアドレス,
Customer Acquisition and Loyalty,顧客獲得とロイヤルティ,
Customer Address,顧客アドレス,
Customer Code,顧客コード,
Customer Contact,顧客の連絡先,
Customer Contact Email,顧客の連絡先メール,
Customer Credit Balance,顧客クレジット残高,
Customer Credit Limit,顧客の信用制限,
Customer Defaults,顧客のデフォルト,
Customer Details,顧客の詳細,
Customer Feedback,顧客フィードバック,
Customer Group,顧客グループ,
Customer Group Item,顧客グループアイテム,
Customer Group Name,顧客グループ名,
Customer Group: {0} does not exist,顧客グループ：{0}は存在しません,
Customer Groups,顧客グループ,
Customer Item,顧客アイテム,
Customer Items,顧客アイテム,
Customer LPO,顧客LPO,
Customer LPO No.,顧客LPO番号,
Customer Ledger Summary,顧客元帳の概要,
Customer Mobile No,カスタマーモバイル番号,
Customer Name,顧客名,
Customer Name: ,顧客名：,
Customer Naming By,顧客の命名による,
Customer Number,顧客番号,
Customer Number At Supplier,サプライヤーの顧客番号,
Customer Numbers,顧客番号,
Customer PO,顧客PO,
Customer PO Details,顧客POの詳細,
Customer POS Id,カスタマーPOS ID,
Customer POS id,カスタマーPOS ID,
Customer Portal Users,顧客ポータルユーザー,
Customer Primary Address,顧客の主要な住所,
Customer Primary Contact,顧客の主要な連絡先,
Customer Provided,提供された顧客,
Customer Service,顧客サービス,
Customer Territory,顧客の領土,
Customer Type,顧客タイプ,
Customer Warehouse (Optional),顧客倉庫（オプション）,
Customer contact updated successfully.,顧客の連絡先は正常に更新されました。,
Customer is required,顧客が必要です,
Customer isn't enrolled in any Loyalty Program,顧客は、ロイヤルティプログラムに登録されていません,
Customer or Item,顧客またはアイテム,
Customer required for 'Customerwise Discount',「顧客ごとの割引」に必要な顧客,
Customer {0} does not belong to project {1},顧客{0}はProject {1}に属していません,
Customer's Item Code,顧客のアイテムコード,
Customer's Purchase Order,顧客の発注書,
Customer's Purchase Order Date,顧客の注文書の日付,
Customer's Purchase Order No,顧客の発注書番号,
Customer-wise Item Price,顧客ごとのアイテム価格,
Customer/Lead Name,顧客/リード名,
Customer: ,お客様：,
Customers,顧客,
Customers Without Any Sales Transactions,販売取引のない顧客,
Customers not selected.,選択されていない顧客。,
Customerwise Discount,顧客ごとの割引,
Customs Tariff Number,税関料金番号,
D - E,d -e,
DFS,DFS,
Daily,毎日,
Daily Project Summary for {0},{0}の毎日のプロジェクトの概要,
Daily Reminders,毎日のリマインダー,
Daily Time to send,毎日送信する時間,
Daily Timesheet Summary,毎日のタイムシートの概要,
Dashboard,ダッシュボード,
Data Based On,に基づくデータ,
Data Fetch Method,データフェッチメソッド,
Data Import Configuration,データインポート構成,
Date,日付,
Date ,日付,
Date Based On,に基づく日付,
Date Of Retirement,退職日,
Date Settings,日付設定,
Date must be between {0} and {1},日付は{0}と{1}の間でなければなりません,
Date of Birth,生年月日,
Date of Birth cannot be greater than today.,生年月日は今日より大きくなることはできません。,
Date of Commencement,開始日,
Date of Commencement should be greater than Date of Incorporation,開始日は設立日より大きくなければなりません,
Date of Establishment,設立日,
Date of Incorporation,設立日,
Date of Issue,発行日,
Date of Joining,参加日,
Date of Transaction,取引日,
Date: {0} to {1},日付：{0}から{1},
Dates,日付,
Day,日,
Day Of Week,曜日,
Day of Week,曜日,
Day to Send,送信する日,
Day(s) after invoice date,請求書の日の日,
Day(s) after the end of the invoice month,請求書月の終了後,
Days,日,
Days Since Last Order,最後の注文からの日,
Days Since Last order,最後の注文からの日,
Days Until Due,期限まで日,
Days before the current subscription period,現在のサブスクリプション期間の数日前,
Days for which Holidays are blocked for this department.,この部門の休日がブロックされる日。,
DeLinked,リンクされた,
Deal Owner,取引所有者,
Dear,親愛なる,
"Dear System Manager,",親愛なるシステムマネージャー、,
Debit,デビット,
Debit (Transaction),デビット（トランザクション）,
Debit ({0}),デビット（{0}）,
Debit Account,デビットアカウント,
Debit Amount,借方額,
Debit Amount in Account Currency,口座通貨の借方額,
Debit Amount in Transaction Currency,取引通貨の借方額,
Debit Note,デビットノート,
Debit Note Amount,デビットノート量,
Debit Note Issued,発行されたデビットメモ,
"Debit Note will update it's own outstanding amount, even if 'Return Against' is specified.",Debit Noteは、「Return Again」が指定されていても、独自の未払い額を更新します。,
Debit To,デビット,
Debit To is required,デビットが必要です,
Debit and Credit not equal for {0} #{1}. Difference is {2}.,{0}＃{1}のデビットとクレジットは等しくありません。違いは{2}です。,
Debit in Company Currency,会社の通貨での借方,
Debit to,デビット,
Debit-Credit Mismatch,デビットクレジットのミスマッチ,
Debit-Credit mismatch,デビットクレジットのミスマッチ,
Debtor/Creditor,債務者/債権者,
Debtor/Creditor Advance,債務者/債権者の前進,
Debtors,債務者,
Declare Lost,失われた宣言,
Deduct,控除,
Deductee Details,控除係の詳細,
Deductions or Loss,控除または損失,
Default,デフォルト,
Default Account,デフォルトアカウント,
Default Accounts,デフォルトアカウント,
Default Activity Cost exists for Activity Type - {0},アクティビティタイプにデフォルトのアクティビティコストが存在します -  {0},
Default Advance Account,デフォルトのアドバンスアカウント,
Default Advance Paid Account,デフォルトの前払い金アカウント,
Default Advance Received Account,デフォルトのアドバンスが受信されたアカウント,
Default BOM,デフォルトのbom,
Default BOM ({0}) must be active for this item or its template,デフォルトのbom（{0}）は、このアイテムまたはそのテンプレートでアクティブでなければなりません,
Default BOM for {0} not found,{0}のデフォルトBOMが見つかりません,
Default BOM not found for FG Item {0},fgアイテムにはデフォルトのbom {0}が見つかりません,
Default BOM not found for Item {0} and Project {1},アイテム{0}とproject {1}にはデフォルトのbomが見つかりません,
Default Bank Account,デフォルトの銀行口座,
Default Billing Rate,デフォルトの請求レート,
Default Buying Cost Center,デフォルトの購入コストセンター,
Default Buying Price List,デフォルトの購入価格表,
Default Buying Terms,デフォルトの購入条件,
Default Cash Account,デフォルトの現金口座,
Default Common Code,デフォルトの共通コード,
Default Company,デフォルトの会社,
Default Company Bank Account,デフォルトの会社銀行口座,
Default Cost Center,デフォルトのコストセンター,
Default Cost of Goods Sold Account,販売された商品のデフォルトコスト,
Default Costing Rate,デフォルトの原価計算レート,
Default Currency,デフォルトの通貨,
Default Customer Group,デフォルトの顧客グループ,
Default Deferred Expense Account,デフォルトの繰延費用勘定,
Default Deferred Revenue Account,デフォルトの繰延収益アカウント,
Default Dimension,デフォルトのディメンション,
Default Discount Account,デフォルトの割引アカウント,
Default Distance Unit,デフォルトの距離ユニット,
Default Employee Advance Account,デフォルトの従業員事前アカウント,
Default Expense Account,デフォルトの経費勘定,
Default Expense Claim Payable Account,デフォルトの費用請求支払勘定,
Default Finance Book,デフォルトのファイナンスブック,
Default Finished Goods Warehouse,デフォルトの完成品倉庫,
Default Holiday List,デフォルトのホリデーリスト,
Default In-Transit Warehouse,デフォルトの輸送中の倉庫,
Default Income Account,デフォルトの収入口座,
Default Inventory Account,デフォルトのインベントリアカウント,
Default Item Group,デフォルトのアイテムグループ,
Default Item Manufacturer,デフォルトのアイテムメーカー,
Default Letter Head,デフォルトの文字ヘッド,
Default Manufacturer Part No,デフォルトのメーカーパート番号,
Default Material Request Type,デフォルトのマテリアルリクエストタイプ,
Default Operating Cost Account,デフォルトの運用コストアカウント,
Default Payable Account,デフォルトの支払勘定,
Default Payment Discount Account,デフォルトの支払い割引アカウント,
Default Payment Request Message,デフォルトの支払い要求メッセージ,
Default Payment Terms Template,デフォルトの支払い項テンプレート,
Default Payroll Payable Account,デフォルトの給与計算済みアカウント,
Default Price List,デフォルトの価格表,
Default Priority,デフォルトの優先度,
Default Provisional Account,デフォルトの暫定アカウント,
Default Purchase Unit of Measure,測定のデフォルト購入単位,
Default Quotation Validity Days,デフォルトの見積度の妥当性日,
Default Receivable Account,デフォルトの売掛金アカウント,
Default Sales Unit of Measure,測定のデフォルトの販売単位,
Default Scrap Warehouse,デフォルトのスクラップウェアハウス,
Default Selling Cost Center,デフォルトの販売コストセンター,
Default Selling Terms,デフォルトの販売条件,
Default Service Level Agreement,デフォルトのサービスレベル契約,
Default Service Level Agreement for {0} already exists.,{0}のデフォルトのサービスレベル契約はすでに存在します。,
Default Shift,デフォルトのシフト,
Default Source Warehouse,デフォルトのソースウェアハウス,
Default Stock UOM,デフォルトのストックUOM,
Default Supplier,デフォルトのサプライヤー,
Default Supplier Group,デフォルトのサプライヤーグループ,
Default Target Warehouse,デフォルトのターゲットウェアハウス,
Default Territory,デフォルトの領域,
Default Unit of Measure,デフォルトの測定単位,
Default Unit of Measure for Item {0} cannot be changed directly because you have already made some transaction(s) with another UOM. You need to either cancel the linked documents or create a new Item.,アイテム{0}のデフォルトの測定単位は、すでに別のUOMといくらかのトランザクションを行っているため、直接変更できません。リンクされたドキュメントをキャンセルするか、新しいアイテムを作成する必要があります。,
Default Unit of Measure for Item {0} cannot be changed directly because you have already made some transaction(s) with another UOM. You will need to create a new Item to use a different Default UOM.,アイテム{0}のデフォルトの測定単位は、すでに別のUOMといくらかのトランザクションを行っているため、直接変更できません。別のデフォルトのUOMを使用するには、新しいアイテムを作成する必要があります。,
Default Unit of Measure for Variant '{0}' must be same as in Template '{1}',バリアントの測定のデフォルト単位 '{0}'は、テンプレート '{1}'と同じでなければなりません,
Default Valuation Method,デフォルトの評価方法,
Default Value,デフォルト値,
Default Warehouse,デフォルトウェアハウス,
Default Warehouse for Sales Return,販売リターンのデフォルトウェアハウス,
Default Warehouses for Production,生産用のデフォルトの倉庫,
Default Work In Progress Warehouse,進行中のデフォルト作業倉庫,
Default Workstation,デフォルトのワークステーション,
Default account will be automatically updated in POS Invoice when this mode is selected.,デフォルトアカウントは、このモードが選択されたときにPOS Invoiceで自動的に更新されます。,
Default settings for your stock-related transactions,在庫関連トランザクションのデフォルト設定,
"Default tax templates for sales, purchase and items are created.",販売、購入、アイテムのデフォルトの税テンプレートが作成されます。,
Default: 10 mins,デフォルト：10分,
Defaults,デフォルト,
Deferred Accounting,延期された会計,
Deferred Accounting Defaults,繰延会計のデフォルト,
Deferred Accounting Settings,繰延会計設定,
Deferred Expense,延期された費用,
Deferred Expense Account,延期された経費勘定,
Deferred Revenue,延期された収益,
Deferred Revenue Account,繰延収益口座,
Deferred Revenue and Expense,延期された収益と費用,
Deferred accounting failed for some invoices:,いくつかの請求書では、繰延会計が失敗しました。,
Define Project type.,プロジェクトタイプを定義します。,
Delay (In Days),遅延（日数）,
Delay (in Days),遅延（日数）,
Delay between Delivery Stops,配達停止の間の遅延,
Delay in payment (Days),支払いの遅延（日）,
Delayed,遅延,
Delayed Days,遅延日,
Delayed Item Report,遅延アイテムレポート,
Delayed Order Report,遅延注文レポート,
Delayed Tasks Summary,遅延タスクの要約,
Delete,消去,
Delete Accounting and Stock Ledger Entries on deletion of Transaction,トランザクションの削除時に会計およびストック元帳エントリを削除する,
Delete Bins,ビンを削除します,
Delete Cancelled Ledger Entries,キャンセルされた元帳エントリを削除します,
Delete Dimension,ディメンションを削除します,
Delete Leads and Addresses,リードとアドレスを削除します,
Delete Transactions,トランザクションを削除します,
Delete all the Transactions for this Company,この会社のすべてのトランザクションを削除します,
Deleting {0} and all associated Common Code documents...,{0}を削除し、関連するすべての一般的なコードドキュメント...,
Deletion in Progress!,進行中の削除！,
Deletion is not permitted for country {0},国の削除は許可されていません{0},
Delimiter options,デリミターオプション,
Delivered,配達,
Delivered Amount,配信された金額,
Delivered By Supplier,サプライヤーによって配信されます,
Delivered Items To Be Billed,請求されるアイテムを配信します,
Delivered Qty,数量を配信しました,
Delivered Qty (in Stock UOM),配信された数量（在庫uom）,
Delivered Quantity,配信量,
Delivered by Supplier (Drop Ship),サプライヤーが配達（ドロップシップ）,
Delivered: {0},配信：{0},
Delivery,配達,
Delivery Date,配送日,
Delivery Details,配達の詳細,
Delivery Manager,配達マネージャー,
Delivery Note,配達メモ,
Delivery Note Item,配達ノートアイテム,
Delivery Note No,配達ノート番号,
Delivery Note Packed Item,配達ノートパックされたアイテム,
Delivery Note Trends,配信ノートの傾向,
Delivery Note {0} is not submitted,配信ノート{0}は提出されていません,
Delivery Notes,配達ノート,
Delivery Notes should not be in draft state when submitting a Delivery Trip. The following Delivery Notes are still in draft state: {0}. Please submit them first.,配達旅行を提出する際には、配達紙幣はドラフト状態にあるべきではありません。次の配信ノートはまだドラフト状態にあります：{0}。最初に提出してください。,
Delivery Notes {0} updated,配信ノート{0}更新されました,
Delivery Settings,配達設定,
Delivery Status,配達ステータス,
Delivery Stop,配達停止,
Delivery Stops,配達が停止します,
Delivery To,配達,
Delivery Trip,配達旅行,
Delivery User,配信ユーザー,
Delivery Warehouse,配達倉庫,
Delivery to,配達,
Delivery warehouse required for stock item {0},ストックアイテムに必要な配送倉庫{0},
Demand,要求,
Demo Company,デモ会社,
Demo data cleared,デモデータがクリアされました,
Department,部門,
Departure Time,出発時間,
Dependant SLE Voucher Detail No,依存SLEバウチャーの詳細番号,
Dependencies,依存関係,
Dependent Task,依存タスク,
Dependent Task {0} is not a Template Task,依存タスク{0}はテンプレートタスクではありません,
Dependent Tasks,依存タスク,
Depends on Tasks,タスクに依存します,
Deposit,デポジット,
Depreciate based on daily pro-rata,毎日の親レータに基づいて減価償却されます,
Depreciate based on shifts,シフトに基づいて減価する,
Depreciated Amount,減価償却額,
Depreciation,減価償却,
Depreciation Amount,減価償却額,
Depreciation Amount during the period,期間中の減価償却額,
Depreciation Date,減価償却日,
Depreciation Details,減価償却の詳細,
Depreciation Eliminated due to disposal of assets,資産の処分により減価償却が排除されました,
Depreciation Entry,減価償却エントリ,
Depreciation Entry Posting Status,減価償却の掲載ステータス,
Depreciation Expense Account,減価償却費勘定,
Depreciation Expense Account should be an Income or Expense Account.,減価償却費勘定は、収入または経費勘定である必要があります。,
Depreciation Method,減価償却方法,
Depreciation Options,減価償却オプション,
Depreciation Posting Date,減価償却日,
Depreciation Posting Date cannot be before Available-for-use Date,減価償却の掲載日は、利用可能な日付より前にすることはできません,
Depreciation Row {0}: Depreciation Posting Date cannot be before Available-for-use Date,減価償却列{0}：減価償却の投稿日は、利用可能な日付の前にできません,
Depreciation Row {0}: Expected value after useful life must be greater than or equal to {1},減価償却列{0}：耐用年数後の期待値は{1}以上でなければなりません,
Depreciation Schedule,減価償却スケジュール,
Depreciation Schedule View,減価償却スケジュールビュー,
Depreciation cannot be calculated for fully depreciated assets,完全に減価償却された資産について減価償却を計算することはできません,
Depreciation eliminated via reversal,減価償却は反転によって排除されました,
Description,説明,
Description of Content,コンテンツの説明,
Designation,指定,
Desk User,デスクユーザー,
Detailed Reason,詳細な理由,
Details,詳細,
Determine Address Tax Category From,から住所税カテゴリを決定します,
Diesel,ディーゼル,
Difference,違い,
Difference (Dr - Cr),違い（dr -cr）,
Difference Account,差分アカウント,
Difference Account in Items Table,アイテムのテーブルの違いアカウント,
"Difference Account must be a Asset/Liability type account (Temporary Opening), since this Stock Entry is an Opening Entry",この株式エントリはオープニングエントリであるため、差分アカウントは資産/責任タイプアカウント（一時開口）でなければなりません,
"Difference Account must be a Asset/Liability type account, since this Stock Reconciliation is an Opening Entry",この株式調整はオープニングエントリであるため、差分アカウントは資産/責任タイプのアカウントでなければなりません,
Difference Amount,差額量,
Difference Amount (Company Currency),差額（会社の通貨）,
Difference Amount must be zero,差額量はゼロでなければなりません,
Difference In,の違い,
Difference Posting Date,違いの投稿日,
Difference Qty,違いの数量,
Difference Value,差額,
Different 'Source Warehouse' and 'Target Warehouse' can be set for each row.,異なる「ソースウェアハウス」と「ターゲットウェアハウス」を各行に設定できます。,
Different UOM for items will lead to incorrect (Total) Net Weight value. Make sure that Net Weight of each item is in the same UOM.,アイテムの異なるUOMは、誤った（合計）純重量値につながります。各アイテムの正味重量が同じUOMにあることを確認してください。,
Dimension Defaults,ディメンションのデフォルト,
Dimension Details,ディメンションの詳細,
Dimension Filter,ディメンションフィルター,
Dimension Filter Help,ディメンションフィルターヘルプ,
Dimension Name,ディメンション名,
Dimension-wise Accounts Balance Report,ディメンションごとのアカウントバランスレポート,
Dimensions,寸法,
Direct Expense,直接費用,
Direct Expenses,直接費用,
Direct Income,直接収入,
Disable,無効にします,
Disable Capacity Planning,容量計画を無効にします,
Disable In Words,言葉で無効にします,
Disable Last Purchase Rate,最終購入率を無効にします,
Disable Rounded Total,丸い合計を無効にします,
Disable Serial No And Batch Selector,シリアル番号とバッチセレクターを無効にします,
Disabled,無効,
Disabled Account Selected,選択された無効なアカウント,
Disabled Warehouse {0} cannot be used for this transaction.,このトランザクションには、無効な倉庫{0}を使用できません。,
Disabled pricing rules since this {} is an internal transfer,この{}は内部転送であるため、障害のある価格設定ルール,
Disabled tax included prices since this {} is an internal transfer,この{}は内部譲渡であるため、障害者税には価格が含まれています,
Disabled template must not be default template,無効なテンプレートはデフォルトのテンプレートではありません,
Disables auto-fetching of existing quantity,既存の数量の自動フェッチングを無効にします,
Disassemble,分解,
Disassemble Order,分解順序,
Disassembled Qty,数量を分解しました,
Disburse Loan,貸し出しローン,
Disbursed,支払った,
Discard Changes and Load New Invoice,変更を破棄し、新しい請求書をロードします,
Discount,割引,
Discount (%),割引 （％）,
Discount (%) on Price List Rate with Margin,マージンの価格表率の割引（％）,
Discount Account,割引アカウント,
Discount Amount,割引額,
Discount Amount in Transaction,トランザクションの割引額,
Discount Date,割引日,
Discount Percentage,割引率,
Discount Percentage in Transaction,トランザクションの割引率,
Discount Settings,割引設定,
Discount Type,割引タイプ,
Discount Validity,割引の妥当性,
Discount Validity Based On,に基づく割引の妥当性,
Discount and Margin,割引とマージン,
Discount cannot be greater than 100%,割引は100％を超えることはできません,
Discount cannot be greater than 100%.,割引は100％を超えることはできません。,
Discount must be less than 100,割引は100未満でなければなりません,
Discount of {} applied as per Payment Term,支払い期間ごとに適用される{}の割引,
Discount on Other Item,他のアイテムの割引,
Discount on Price List Rate (%),価格表の割引（％）,
Discounted Amount,割引額,
Discounted Invoice,割引請求書,
Discounts,割引,
"Discounts to be applied in sequential ranges like buy 1 get 1, buy 2 get 2, buy 3 get 3 and so on",購入1を購入1、購入2を購入する2、購入3を取得するなどの順次範囲で適用する割引,
Discrepancy between General and Payment Ledger,一般的な台帳と支払い台帳の矛盾,
Discretionary Reason,裁量的理由,
Dislikes,嫌い,
Dispatch,急送,
Dispatch Address,ディスパッチアドレス,
Dispatch Address Details,アドレスの詳細を派遣します,
Dispatch Address Name,アドレス名を発送します,
Dispatch Address Template,ディスパッチアドレステンプレート,
Dispatch Information,情報を派遣します,
Dispatch Notification,発送通知,
Dispatch Notification Attachment,通知添付ファイルを発送します,
Dispatch Notification Template,発送通知テンプレート,
Dispatch Settings,ディスパッチ設定,
Disposal Date,処分日,
Disposal date {0} cannot be before {1} date {2} of the asset.,処分日{0}は、資産の{1}日付{2}の前にすることはできません。,
Distance,距離,
Distance UOM,距離uom,
Distance from left edge,左端からの距離,
Distance from top edge,上端からの距離,
Distinct Item and Warehouse,個別のアイテムと倉庫,
Distinct unit of an Item,アイテムの明確なユニット,
Distribute Additional Costs Based On ,に基づいて追加費用を分配します,
Distribute Charges Based On,に基づいて料金を配布します,
Distribute Manually,手動で配布します,
Distributed Discount Amount,分散割引額,
Distribution Name,配布名,
Distributor,卸売業者,
Dividends Paid,配当が支払われました,
Divorced,離婚,
Do Not Contact,連絡しないでください,
Do Not Explode,爆発しないでください,
Do Not Update Serial / Batch on Creation of Auto Bundle,自動バンドルの作成に関するシリアル /バッチを更新しないでください,
Do Not Use Batch-wise Valuation,バッチごとの評価を使用しないでください,
Do not show any symbol like $ etc next to currencies.,通貨の横にある$などの記号を表示しないでください。,
Do not update variants on save,保存でバリアントを更新しないでください,
Do you really want to restore this scrapped asset?,あなたは本当にこの廃棄された資産を復元したいですか？,
Do you still want to enable immutable ledger?,不変の元帳を有効にしたいですか？,
Do you still want to enable negative inventory?,ネガティブインベントリを有効にしたいですか？,
Do you want to change valuation method?,評価方法を変更しますか？,
Do you want to notify all the customers by email?,すべての顧客にメールで通知しますか？,
Do you want to submit the material request,マテリアルリクエストを送信しますか？,
DocField,Docfield,
DocType,Doctype,
DocTypes should not be added manually to the 'Excluded DocTypes' table. You are only allowed to remove entries from it.,Doctypesを「除外されたDoctypes」テーブルに手動で追加しないでください。そこからエントリを削除することのみが許可されています。,
Docs Search,ドキュメント検索,
Doctype,Doctype,
Document Name,ドキュメント名,
Document Type,ドキュメントタイプ,
Document Type ,ドキュメントタイプ,
Document Type already used as a dimension,ドキュメントタイプは既にディメンションとして使用されています,
Documentation,ドキュメント,
Documents,ドキュメント,
Documents Processed on each trigger. Queue Size should be between 5 and 100,各トリガーで処理されたドキュメント。キューサイズは5〜100の間でなければなりません,
Documents: {0} have deferred revenue/expense enabled for them. Cannot repost.,ドキュメント：{0}彼らの収益/費用を延期しました。再投稿できません。,
Domain,ドメイン,
Don't Create Loyalty Points,ロイヤルティポイントを作成しないでください,
Don't Enforce Free Item Qty,無料のアイテムの数量を強制しないでください,
Don't Reserve Sales Order Qty on Sales Return,販売注文の数量を販売リターンで予約しないでください,
Don't Send Emails,メールを送信しないでください,
Done,終わり,
Dont Recompute tax,税金を再計算しないでください,
Doors,ドア,
Double Declining Balance,二重の減少バランス,
Download,ダウンロード,
Download CSV Template,CSVテンプレートをダウンロードします,
Download PDF,PDFをダウンロードします,
Download PDF for Supplier,サプライヤーのPDFをダウンロードします,
Download Required Materials,必要な資料をダウンロードします,
Download Template,テンプレートをダウンロードします,
Downtime,ダウンタイム,
Downtime (In Hours),ダウンタイム（時間内）,
Downtime Analysis,ダウンタイム分析,
Downtime Entry,ダウンタイムエントリ,
Downtime Reason,ダウンタイム理由,
Dr,博士,
Dr/Cr,DR/CR,
Draft,草案,
Driver,ドライバ,
Driver Address,ドライバーアドレス,
Driver Email,ドライバーのメール,
Driver Name,ドライバー名,
Driver licence class,ドライバーライセンスクラス,
Driving License Categories,運転ライセンスカテゴリ,
Driving License Category,運転免許証カテゴリ,
Drop Ship,ドロップシップ,
Due Date,期日,
Due Date Based On,に基づく期日,
Due Date cannot be after {0},期日は{0}後にすることはできません,
Due Date cannot be before {0},期日は{0}の前にすることはできません,
"Due to stock closing entry {0}, you cannot repost item valuation before {1}",在庫の閉鎖エントリ{0}のため、{1}の前にアイテムの評価を再投稿することはできません,
Dunning,ダニング,
Dunning Amount,ダニング量,
Dunning Amount (Company Currency),ダニング額（会社の通貨）,
Dunning Fee,ダニング料金,
Dunning Letter,ダニングレター,
Dunning Letter Text,ダニングレターテキスト,
Dunning Level,ダニングレベル,
Dunning Type,ダニングタイプ,
Duplicate,重複,
Duplicate Customer Group,顧客グループを複製します,
Duplicate Entry. Please check Authorization Rule {0},重複するエントリ。承認ルールを確認してください{0},
Duplicate Finance Book,複製ファイナンスブック,
Duplicate Item Group,重複したアイテムグループ,
Duplicate POS Fields,重複したPOフィールド,
Duplicate POS Invoices found,見つかった重複したPO請求書,
Duplicate Project with Tasks,タスクを使用したプロジェクトを複製します,
Duplicate Sales Invoices found,見つかった販売請求書の重複,
Duplicate Stock Closing Entry,在庫の閉鎖エントリを複製します,
Duplicate customer group found in the customer group table,顧客グループのテーブルにある複製顧客グループ,
Duplicate entry against the item code {0} and manufacturer {1},アイテムコード{0}とメーカー{1}に対する重複したエントリ,
Duplicate item group found in the item group table,アイテムグループテーブルにある重複したアイテムグループ,
Duplicate project has been created,重複プロジェクトが作成されました,
Duplicate row {0} with same {1},同じ{1}でrow {0}を重複させます,
Duplicate {0} found in the table,テーブルにある複製{0},
Duration,間隔,
Duration (Days),期間（日）,
Duration in Days,数日の期間,
Duties and Taxes,義務と税金,
Dynamic Condition,動的状態,
E-Invoicing Information Missing,eの侵入情報がありません,
EAN,ええ,
EAN-12,EAN-12,
EAN-8,EAN-8,
ERPNext User ID,erpnextユーザーID,
Each Transaction,各トランザクション,
Earliest,最も早い,
Earliest Age,初期の年齢,
Earnest Money,真剣なお金,
Edit,編集,
Edit BOM,BOMを編集します,
Edit Capacity,容量を編集します,
Edit Cart,カートを編集します,
Edit Full Form,フルフォームを編集します,
Edit Not Allowed,編集許可されていません,
Edit Note,編集ノート,
Edit Posting Date and Time,投稿の日時を編集します,
Edit Receipt,領収書を編集します,
Editing {0} is not allowed as per POS Profile settings,編集{0}は、POSプロファイル設定に従って許可されていません,
Education,教育,
Educational Qualification,教育資格,
Either 'Selling' or 'Buying' must be selected,「販売」または「購入」のいずれかを選択する必要があります,
Either Workstation or Workstation Type is mandatory,ワークステーションまたはワークステーションタイプのいずれかが必須です,
Either target qty or target amount is mandatory,ターゲット数量または目標額のいずれかが必須です,
Either target qty or target amount is mandatory.,ターゲット数量または目標額のいずれかが必須です。,
Electric,電気,
Electrical,電気,
Electricity Cost,電気コスト,
Electricity down,電気,
Electronic Equipment,電子機器,
Electronic Invoice Register,電子請求書登録,
Email,メール,
Email Account,メールアカウント,
Email Address,電子メールアドレス,
Email Address (required),メールアドレス（必須）,
"Email Address must be unique, it is already used in {0}",メールアドレスは一意でなければなりません、それはすでに{0}で使用されています,
Email Campaign,電子メールキャンペーン,
Email Campaign For ,メールキャンペーン,
Email Details,メールの詳細,
Email Digest,電子メールダイジェスト,
Email Digest Recipient,Digestの受信者にメールしてください,
Email Digest Settings,Digest設定にメールしてください,
Email Digest: {0},電子メールダイジェスト：{0},
Email Group,電子メールグループ,
Email Id,電子メールID,
Email Receipt,電子メールの領収書,
Email Sent,電子メールが送信されました,
Email Sent to Supplier {0},サプライヤーに送信された電子メール{0},
Email Settings,電子メール設定,
Email Template,電子メールテンプレート,
Email not sent to {0} (unsubscribed / disabled),{0}に送信されていないメール（登録解除 /無効）,
Email or Phone/Mobile of the Contact are mandatory to continue.,連絡先の電子メールまたは電話/携帯電話は続行するために必須です。,
Email sent successfully.,電子メールが正常に送信されました。,
Email sent to,に送信されたメール,
Email sent to {0},{0}に送信されたメール,
Email verification failed.,電子メールの確認に失敗しました。,
Emails Queued,電子メールがキューになります,
Emergency Contact,緊急連絡先,
Emergency Contact Name,緊急連絡先名,
Emergency Phone,非常電話,
Employee,従業員,
Employee ,従業員,
Employee Advance,従業員の前進,
Employee Advances,従業員の進歩,
Employee Analytics,従業員分析,
Employee Birthday,従業員の誕生日,
Employee Detail,従業員の詳細,
Employee Education,従業員教育,
Employee Exit,従業員の出口,
Employee External Work History,従業員の外部作業履歴,
Employee Group,従業員グループ,
Employee Group Table,従業員グループテーブル,
Employee Hours Utilization Based On Timesheet,タイムシートに基づく従業員時間の使用,
Employee ID,従業員ID,
Employee Information,従業員情報,
Employee Internal Work History,従業員の内部作業履歴,
Employee Leave Balance,従業員の休暇の残高,
Employee Leave Balance Summary,従業員の休暇残高の概要,
Employee Name,従業員名,
Employee Number,従業員番号,
Employee User Id,従業員ユーザーID,
Employee cannot report to himself.,従業員は自分自身に報告することはできません。,
Employee is required while issuing Asset {0},資産の発行中に従業員が必要です{0},
Employee {0} does not belongs to the company {1},従業員{0}は会社に属していません{1},
Employee {0} is currently working on another workstation. Please assign another employee.,従業員{0}は現在、別のワークステーションに取り組んでいます。別の従業員を割り当ててください。,
Employees,従業員,
Employment Type,雇用タイプ,
Empty,空の,
Enable Allow Partial Reservation in the Stock Settings to reserve partial stock.,株式設定の部分的な予約を可能にして、部分在庫を予約します。,
Enable Appointment Scheduling,予約スケジューリングを有効にします,
Enable Auto Email,自動メールを有効にします,
Enable Auto Re-Order,自動再注文を有効にします,
Enable Automatic Party Matching,自動パーティマッチングを有効にします,
Enable Capital Work in Progress Accounting,進行中の資本労働会計を有効にします,
Enable Common Party Accounting,一般的な当事者会計を有効にします,
Enable Cut-Off Date on Bulk Delivery Note Creation,バルク配信の作成でカットオフ日を有効にします,
Enable Deferred Expense,延期された費用を有効にします,
Enable Deferred Revenue,延期された収益を有効にします,
Enable Discount Accounting for Selling,販売のための割引会計を有効にします,
Enable European Access,ヨーロッパのアクセスを有効にします,
Enable Fuzzy Matching,ファジーマッチングを有効にします,
Enable Health Monitor,ヘルスモニターを有効にします,
Enable Immutable Ledger,不変の元帳を有効にします,
Enable Perpetual Inventory,永久在庫を有効にします,
Enable Provisional Accounting For Non Stock Items,非在庫品目の暫定会計を有効にします,
Enable Stock Reservation,在庫予約を有効にします,
Enable YouTube Tracking,YouTubeトラッキングを有効にします,
Enable it if users want to consider rejected materials to dispatch.,ユーザーが拒否された資料を派遣することを検討する場合は、有効にします。,
Enable this checkbox even if you want to set the zero priority,ゼロの優先度を設定する場合でも、このチェックボックスを有効にします,
"Enable this option to calculate daily depreciation by considering the total number of days in the entire depreciation period, (including leap years) while using daily pro-rata based depreciation",このオプションは、減価償却期間全体の総日数を考慮して、毎日のプロラタベースの減価償却を使用しながら、毎日の減価償却を計算することを可能にします,
Enable to apply SLA on every {0},すべての{0}にSLAを適用できるようにします,
Enabled,有効になっています,
Enabling the check box will fetch timesheet on select of a Project in Sales Invoice,チェックボックスを有効にすると、販売請求書のプロジェクトの選択時にタイムシートが表示されます,
Enabling this checkbox will force each Job Card Time Log to have From Time and To Time,このチェックボックスを有効にすると、各ジョブカードの時間ログが時間と時間を確保するように強制します,
Enabling this ensures each Purchase Invoice has a unique value in Supplier Invoice No. field within a particular fiscal year,これを有効にすると、各購入請求書が特定の会計年度のサプライヤー請求書番号フィールドに一意の価値があることを保証します,
Enabling this option will allow you to record - <br><br> 1. Advances Received in a <b>Liability Account</b> instead of the <b>Asset Account</b><br><br>2. Advances Paid in an <b>Asset Account</b> instead of the <b> Liability Account</b>,このオプションを有効にすることで、<br> <br>1。<b> liabilityアカウント</b>で受信したアドバンス</b> <br> <br> 2を記録できます。 <b> liabilityアカウントの代わりに<b>資産口座で支払われる前進</b>,
Enabling this will allow creation of multi-currency invoices against single party account in company currency,これを有効にすることで、会社の通貨での単一パーティーアカウントに対する多通貨請求書の作成が可能になります,
Enabling this will change the way how cancelled transactions are handled.,これを有効にすると、キャンセルされたトランザクションの処理方法が変わります。,
Encashment Date,獲得日,
End Date,終了日,
End Date cannot be before Start Date.,終了日は開始日前にはできません。,
End Time,終了時間,
End Transit,終了トランジット,
End Year,年末,
End Year cannot be before Start Year,終了年は開始年前にはできません,
End date cannot be before start date,終了日は開始日前にはできません,
End date of current invoice's period,現在の請求書の期間の終了日,
End of Life,終末期,
End of the current subscription period,現在のサブスクリプション期間の終了,
Enforce Time Logs,時間ログを強制します,
Enough Parts to Build,構築するのに十分な部品,
Ensure Delivery Based on Produced Serial No,作成されたシリアル番号に基づいて配信を確保します,
Enter API key in Google Settings.,Google設定にAPIキーを入力します。,
"Enter First and Last name of Employee, based on Which Full Name will be updated. IN transactions, it will be Full Name which will be fetched.",どのフルネームが更新されるかに基づいて、従業員の最初と姓を入力します。トランザクションでは、フェッチされるフルネームになります。,
Enter Manually,手動で入力します,
Enter Serial Nos,シリアルNOSを入力します,
Enter Supplier,サプライヤーを入力します,
Enter Value,値を入力します,
Enter Visit Details,ご覧の詳細を入力してください,
Enter a name for Routing.,ルーティングの名前を入力します。,
"Enter a name for the Operation, for example, Cutting.",たとえば、操作の名前を入力します。,
Enter a name for this Holiday List.,このホリデーリストに名前を入力してください。,
Enter amount to be redeemed.,償還される金額を入力します。,
"Enter an Item Code, the name will be auto-filled the same as Item Code on clicking inside the Item Name field.",アイテムコードを入力すると、名前はアイテム名フィールド内のクリック時にアイテムコードと同じように自動化されます。,
Enter customer's email,お客様のメールを入力してください,
Enter customer's phone number,顧客の電話番号を入力します,
Enter date to scrap asset,スクラップアセットに日付を入力します,
Enter depreciation details,減価償却の詳細を入力してください,
Enter discount percentage.,割引率を入力します。,
Enter each serial no in a new line,新しい行に各シリアル番号を入力します,
Enter the Bank Guarantee Number before submitting.,提出する前に、銀行保証番号を入力してください。,
"Enter the Operation, the table will fetch the Operation details like Hourly Rate, Workstation automatically.

 After that, set the Operation Time in minutes and the table will calculate the Operation Costs based on the Hourly Rate and Operation Time.","操作を入力すると、テーブルは時間給、ワークステーションなどの操作の詳細を自動的に取得します。

 その後、操作時間を数分で設定すると、テーブルは1時間ごとのレートと操作時間に基づいて操作コストを計算します。",
Enter the name of the Beneficiary before submitting.,提出する前に受益者の名前を入力してください。,
Enter the name of the bank or lending institution before submitting.,提出する前に、銀行または貸付機関の名前を入力してください。,
Enter the opening stock units.,オープニングストックユニットを入力します。,
Enter the quantity of the Item that will be manufactured from this Bill of Materials.,この材料章典から製造されるアイテムの量を入力します。,
Enter the quantity to manufacture. Raw material Items will be fetched only when this is set.,製造に数量を入力します。原材料は、これが設定されている場合にのみフェッチされます。,
Enter {0} amount.,{0}の量を入力します。,
Entertainment Expenses,エンターテイメント費用,
Entity,実在物,
Entity Type,エンティティタイプ,
Entry Type,エントリタイプ,
Equity,公平,
Equity/Liability Account,株式/責任口座,
Error,エラー,
Error Description,エラーの説明,
Error Log,エラーログ,
Error Message,エラーメッセージ,
Error Occurred,エラーが発生しました,
Error during caller information update,発信者情報の更新中のエラー,
Error evaluating the criteria formula,基準式の評価エラー,
Error in party matching for Bank Transaction {0},銀行取引のためのパーティーマッチングのエラー{0},
Error while posting depreciation entries,減価償却エントリの投稿中のエラー,
Error while processing deferred accounting for {0},{0}の説明を処理する際のエラー,
Error while reposting item valuation,アイテムの評価の再投稿中のエラー,
"Error: This asset already has {0} depreciation periods booked.
					The `depreciation start` date must be at least {1} periods after the `available for use` date.
					Please correct the dates accordingly.","エラー：この資産には、すでに{0}減価償却期間が予約されています。
					「減価償却の開始日」は、「使用可能」の日付の少なくとも{1}期間でなければなりません。
					それに応じて日付を修正してください。",
Error: {0} is mandatory field,エラー：{0}は必須フィールドです, 
Errors Notification,エラー通知,
Estimated Arrival,推定到着,
Estimated Cost,推定コスト,
Estimated Time and Cost,推定時間とコスト,
Evaluation Period,評価期間,
Even invoices with apply tax withholding unchecked will be considered for checking cumulative threshold breach,税の源泉徴収税を備えた請求書でさえ、累積しきい値侵害をチェックするために考慮されます,
Event,イベント,
Example URL,URLの例,
Example of a linked document: {0},リンクされたドキュメントの例：{0},
"Example: ABCD.#####
If series is set and Serial No is not mentioned in transactions, then automatic serial number will be created based on this series. If you always want to explicitly mention Serial Nos for this item. leave this blank.","例：ABCD。#####
シリーズが設定されており、トランザクションでシリアル番号が言及されていない場合、このシリーズに基づいて自動シリアル番号が作成されます。このアイテムのシリアルNOSについて常に明示的に言及したい場合。これを空白のままにしてください。",
"Example: ABCD.#####. If series is set and Batch No is not mentioned in transactions, then automatic batch number will be created based on this series. If you always want to explicitly mention Batch No for this item, leave this blank. Note: this setting will take priority over the Naming Series Prefix in Stock Settings.",例：ABCD。#####。トランザクションでシリーズが設定され、バッチNOが言及されていない場合、このシリーズに基づいて自動バッチ番号が作成されます。このアイテムのバッチNOについて常に明示的に言及したい場合は、この空白のままにしてください。注：この設定は、在庫設定のネーミングシリーズプレフィックスよりも優先されます。,
Example: Serial No {0} reserved in {1}.,例：{1}で予約されているシリアルno {0}。,
Exception Budget Approver Role,例外予算承認者の役割,
Excess Materials Consumed,消費される余分な材料,
Excess Transfer,過剰な転送,
Excessive machine set up time,過度のマシンのセットアップ時間,
Exchange Gain / Loss,交換利益 /損失,
Exchange Gain / Loss Account,交換ゲイン /損失アカウント,
Exchange Gain Or Loss,交換利益または損失,
Exchange Gain/Loss,交換利益/損失,
Exchange Gain/Loss amount has been booked through {0},交換利益/損失額は{0}を通じて予約されています,
Exchange Rate,為替レート,
Exchange Rate Revaluation,為替レートの再評価,
Exchange Rate Revaluation Account,為替レートの再評価勘定,
Exchange Rate Revaluation Settings,為替レートの再評価設定,
Exchange Rate must be same as {0} {1} ({2}),為替レートは{0} {1}（{2}）と同じでなければなりません,
Excise Entry,物品税エントリー,
Excise Invoice,物品税請求書,
Excise Page Number,物品税ページ番号,
Excluded DocTypes,除外されたDoctypes,
Execution,実行,
Exempt Supplies,免除された物資,
Existing Company,既存の会社,
Existing Company ,既存の会社,
Exit Interview Held On,終了インタビューが開催されました,
Expand All,すべて拡張します,
Expected,期待される,
Expected Amount,期待額,
Expected Arrival Date,予想される到着日,
Expected Balance Qty,予想されるバランス数量,
Expected Closing Date,予想終了日,
Expected Delivery Date,予想配達日,
Expected Delivery Date should be after Sales Order Date,予想配達日は、販売注文日後のものでなければなりません,
Expected End Date,予想終了日,
Expected End Date should be less than or equal to parent task's Expected End Date {0}.,予想される終了日は、親タスクの予想終了日{0}以下である必要があります。,
Expected Hrs,予想HR,
Expected Start Date,予想される開始日,
Expected Stock Value,予想される株価,
Expected Time (in hours),予想時間（時間内）,
Expected Time Required (In Mins),必要な時間（分単位）,
Expected Value After Useful Life,耐用年数後の期待値,
Expense,費用,
Expense / Difference account ({0}) must be a 'Profit or Loss' account,費用 /差アカウント（{0}）は「利益または損失」アカウントである必要があります,
Expense Account,経費勘定,
Expense Account Missing,経費勘定がありません,
Expense Approver,費用承認者,
Expense Claim,費用請求,
Expense Head,費用ヘッド,
Expense Head Changed,費用ヘッドが変更されました,
Expense account is mandatory for item {0},項目{0}の費用勘定は必須です,
Expense account {0} not present in Purchase Invoice {1},経費勘定{0}購入請求書に存在しない{1},
Expenses,費用,
Expenses Included In Asset Valuation,資産評価に含まれる費用,
Expenses Included In Valuation,評価に含まれる費用,
Experimental,実験的,
Expired,期限切れ,
Expired Batches,期限切れのバッチ,
Expires On,有効期限が切れます,
Expiry,有効期限,
Expiry (In Days),有効期限（日数）,
Expiry Date,有効期限,
Expiry Date Mandatory,有効期限は必須です,
Expiry Duration (in days),有効期限（日数）,
Exploded Items,爆発したアイテム,
Exponential Smoothing Forecasting,指数スムージング予測,
Export E-Invoices,e-Invoicesをエクスポートします,
Export Errored Rows,エラーエラーの行,
Export Import Log,インポートログをエクスポートします,
External,外部の,
External Work History,外部の仕事の履歴,
Extra Consumed Qty,余分な消費量,
Extra Job Card Quantity,追加のジョブカードの数量,
Extra Large,特大,
Extra Small,余分な小,
FIFO,FIFO,
FIFO Queue,FIFOキュー,
FIFO Queue vs Qty After Transaction Comparison,トランザクション比較後のFIFOキューと数量,
"FIFO Stock Queue (qty, rate)",FIFOストックキュー（数量、レート）,
FIFO/LIFO Queue,FIFO/LIFOキュー,
Failed,失敗した,
Failed Entries,失敗したエントリ,
Failed to Authenticate the API key.,APIキーの認証に失敗しました。,
"Failed to erase demo data, please delete the demo company manually.",デモデータの消去に失敗しました。デモ会社を手動で削除してください。,
Failed to install presets,プリセットのインストールに失敗しました,
Failed to login,ログインに失敗しました,
Failed to parse MT940 format. Error: {0},MT940形式を解析できませんでした。エラー：{0},
Failed to post depreciation entries,減価償却エントリを投稿できませんでした,
Failed to setup company,会社のセットアップに失敗しました,
Failed to setup defaults,デフォルトのセットアップに失敗しました,
Failed to setup defaults for country {0}. Please contact support.,国{0}のデフォルトのセットアップに失敗しました。サポートに連絡してください。,
Failure,失敗,
Failure Date,障害日,
Failure Description,障害の説明,
Failure: {0},失敗：{0},
Family Background,家族の背景,
Fax,ファックス,
Feedback,フィードバック,
Feedback By,によるフィードバック,
Fees,料金,
Fetch Based On,に基づいてフェッチします,
Fetch Customers,顧客を取得します,
Fetch Items from Warehouse,倉庫からアイテムを取得します,
Fetch Latest Exchange Rate,最新の為替レートを取得します,
Fetch Overdue Payments,期限切れの支払いを取得します,
Fetch Subscription Updates,サブスクリプションの更新を取得します,
Fetch Timesheet,タイムシートを取得します,
Fetch Timesheet in Sales Invoice,販売請求書にタイムシートを取得します,
Fetch Value From,から値を取得します,
Fetch exploded BOM (including sub-assemblies),爆発したBOM（サブアセンブリを含む）を取得する,
Fetch items based on Default Supplier.,デフォルトのサプライヤーに基づいてアイテムを取得します。,
Fetched only {0} available serial numbers.,{0}利用可能なシリアル番号のみを取得しました。,
Fetching Error,エラーの取得,
Fetching exchange rates ...,為替レートの取得...,
Fetching...,フェッチする...,
Field,分野,
Field Mapping,フィールドマッピング,
Field Name,フィールド名,
Field in Bank Transaction,銀行取引のフィールド,
Fieldname,フィールド名,
Fields,フィールド,
Fields will be copied over only at time of creation.,フィールドは、作成時にのみコピーされます。,
Fieldtype,FieldType,
File to Rename,名前を変更するファイル,
Filter,フィルター,
Filter Based On,に基づいてフィルター,
Filter Duration (Months),フィルター期間（月）,
Filter Total Zero Qty,合計ゼロ数量をフィルターします,
Filter by Reference Date,参照日までにフィルター,
Filter by invoice status,請求書ステータスでフィルター,
Filter on Invoice,請求書にフィルタリングします,
Filter on Payment,支払い時にフィルター,
Filters,フィルター,
Filters missing,フィルターがありません,
Final BOM,最終的なbom,
Final Product,最終製品,
Finance Book,金融本,
Finance Book Detail,資金帳の詳細,
Finance Book Id,財務書籍ID,
Finance Books,財務書,
Financial Ratios,財務比率,
Financial Statements,財務諸表,
Financial Year Begins On,会計年度が始まります,
Financial reports will be generated using GL Entry doctypes (should be enabled if Period Closing Voucher is not posted for all years sequentially or missing) ,財務レポートは、GLエントリドクタイプを使用して生成されます（期間閉鎖バウチャーがすべての年に順次掲載されていないか、欠落していない場合は有効にする必要があります）,
Finish,仕上げる,
Finished,終了した,
Finished Good,良い終了,
Finished Good BOM,良いbomを終えました,
Finished Good Item,良いアイテムを終えました,
Finished Good Item Code,良いアイテムコードを完成させました,
Finished Good Item Qty,良いアイテムの数量を終えました,
Finished Good Item Quantity,良いアイテムの量を完成させました,
Finished Good Item is not specified for service item {0},完成した良いアイテムは、サービスアイテムに指定されていません{0},
Finished Good Item {0} Qty can not be zero,完成した良いアイテム{0}数量はゼロではありません,
Finished Good Item {0} must be a sub-contracted item,完成した良いアイテム{0}は、下請けのアイテムでなければなりません,
Finished Good Qty,良い数量を終えました,
Finished Good Quantity ,かなりの量を終えました,
Finished Good Serial / Batch,良いシリアル /バッチを終えました,
Finished Good UOM,良いUOMを終えました,
Finished Good {0} does not have a default BOM.,完成した{0}にはデフォルトのBOMがありません。,
Finished Good {0} is disabled.,完成したGood {0}が無効になっています。,
Finished Good {0} must be a stock item.,完成した良い{0}は在庫アイテムでなければなりません。,
Finished Good {0} must be a sub-contracted item.,完成した良い{0}は、下請けのアイテムでなければなりません。,
Finished Goods,完成品,
Finished Goods / Semi Finished Goods Item,完成品 /半完成品アイテム,
Finished Goods Based Operating Cost,完成品ベースの運用コスト,
Finished Goods Item,完成品アイテム,
Finished Goods Qty,完成品の数量,
Finished Goods Reference,完成品の参照,
Finished Goods Value,完成品の価値,
Finished Goods Warehouse,完成品倉庫,
Finished Goods based Operating Cost,完成品ベースの運用コスト,
Finished Item {0} does not match with Work Order {1},完成したアイテム{0}は、作業指示と一致しません{1},
First Email,最初のメール,
First Name,ファーストネーム,
First Responded On,最初に応答しました,
First Response Due,最初の応答,
First Response SLA Failed by {},{}によって失敗した最初の応答SLA,
First Response Time,最初の応答時間,
First Response Time for Issues,問題の最初の応答時間,
First Response Time for Opportunity,機会のための最初の応答時間,
"Fiscal Regime is mandatory, kindly set the fiscal regime in the company {0}",財政体制は必須であり、親切に財政政権を会社に設定します{0},
Fiscal Year,会計年度,
Fiscal Year Company,会計年度会社,
Fiscal Year End Date should be one year after Fiscal Year Start Date,会計年度の終了日は、会計年度の開始日から1年後でなければなりません,
Fiscal Year Start Date and Fiscal Year End Date are already set in Fiscal Year {0},会計年度の開始日と会計年度の終了日はすでに会計年度{0}に設定されています,
Fiscal Year {0} Does Not Exist,会計年度{0}は存在しません,
Fiscal Year {0} does not exist,会計年度{0}は存在しません,
Fiscal Year {0} is required,会計年度{0}が必要です,
Fixed,修理済み,
Fixed Asset,固定資産,
Fixed Asset Account,固定資産口座,
Fixed Asset Defaults,固定資産のデフォルト,
Fixed Asset Item must be a non-stock item.,固定された資産アイテムは、株式以外のアイテムでなければなりません。,
Fixed Asset Register,固定資産登録,
Fixed Assets,固定資産,
Fixed Deposit Number,固定預金番号,
Fixed Rate,固定レート,
Fixed Time,固定時間,
Fleet Manager,艦隊マネージャー,
Floor,床,
Floor Name,床名,
Focus on Item Group filter,アイテムグループフィルターに焦点を当てます,
Focus on search input,検索入力に焦点を当てます,
Folio no.,フォリオいいえ。,
Follow Calendar Months,カレンダー数か月に従ってください,
Following Material Requests have been raised automatically based on Item's re-order level,次の重要なリクエストは、アイテムの再注文レベルに基づいて自動的に提起されました,
Following fields are mandatory to create address:,アドレスを作成するには、次のフィールドが必須です。,
For,のために,
"For 'Product Bundle' items, Warehouse, Serial No and Batch No will be considered from the 'Packing List' table. If Warehouse and Batch No are same for all packing items for any 'Product Bundle' item, those values can be entered in the main Item table, values will be copied to 'Packing List' table.",「製品バンドル」アイテムの場合、倉庫、シリアル番号、バッチ番号は、「パッキングリスト」テーブルから考慮されます。 「製品バンドル」アイテムのすべての梱包アイテムでウェアハウスとバッチNOが同じ場合、それらの値はメインアイテムテーブルに入力できます。値は「パッキングリスト」テーブルにコピーされます。,
For All Stock Asset Accounts,すべての株式資産口座について,
For Buying,購入のため,
For Company,会社のために,
For Default Supplier (Optional),デフォルトサプライヤーの場合（オプション）,
For Item,アイテム用,
For Item {0} cannot be received more than {1} qty against the {2} {3},アイテム{0}の場合、{2} {3}に対して{1}数量を超えることはできません,
For Job Card,ジョブカード用,
For Operation,操作用,
For Price List,価格表,
For Production,生産用,
For Quantity (Manufactured Qty) is mandatory,数量（製造された数量）の場合は必須です,
For Raw Materials,原材料用,
"For Return Invoices with Stock effect, '0' qty Items are not allowed. Following rows are affected: {0}",ストック効果のある請求書を返す場合、「0」の数量アイテムは許可されていません。次の行が影響を受けます：{0},
For Selling,販売用,
For Supplier,サプライヤー向け,
For Warehouse,倉庫用,
For Work Order,作業注文用,
"For an item {0}, quantity must be negative number",アイテム{0}の場合、数量は負でなければなりません,
"For an item {0}, quantity must be positive number",アイテム{0}の場合、数量は正の数でなければなりません,
For dunning fee and interest,ダニング料金と利息のため,
"For e.g. 2012, 2012-13",例えば2012、2012-13,
For how much spent = 1 Loyalty Point,どれだけ使われたか= 1ロイヤルティポイント,
For individual supplier,個々のサプライヤー用,
"For item <b>{0}</b>, only <b>{1}</b> asset have been created or linked to <b>{2}</b>. Please create or link <b>{3}</b> more asset with the respective document.",項目<b> {0} </b>の場合、<b> {1} </b>のみが作成または<b> {2} </b>にリンクされています。 <b> {3} </b>それぞれのドキュメントでより多くの資産を作成またはリンクしてください。,
"For item {0}, rate must be a positive number. To Allow negative rates, enable {1} in {2}",アイテム{0}の場合、レートは正の数でなければなりません。負のレートを許可するには、{2}で{1}を有効にします,
For operation {0}: Quantity ({1}) can not be greater than pending quantity({2}),操作の場合{0}：数量（{1}）は保留中の数量（{2}）よりも大きくなることはできません,
"For project {0}, update your status",Project {0}の場合、ステータスを更新します,
For quantity {0} should not be greater than allowed quantity {1},数量{0}の場合、許可された数量よりも大きくはありません{1},
For reference,参照用,
"For row {0} in {1}. To include {2} in Item rate, rows {3} must also be included",{1}のrow {0}の場合。アイテムレートに{2}を含めるには、行{3}も含める必要があります,
For row {0}: Enter Planned Qty,row {0}の場合：計画された数量を入力します,
For the 'Apply Rule On Other' condition the field {0} is mandatory,「他の条件に適用する」条件の場合、フィールド{0}は必須です,
"For the convenience of customers, these codes can be used in print formats like Invoices and Delivery Notes",顧客の便利さのために、これらのコードは請求書や配達メモなどの印刷形式で使用できます,
"For the item {0}, the quantity should be {1} according to the BOM {2}.",アイテム{0}の場合、bom {2}に従って数量は{1}でなければなりません。,
"For the {0}, no stock is available for the return in the warehouse {1}.",{0}の場合、倉庫{1}の返品には在庫がありません。,
"For the {0}, the quantity is required to make the return entry",{0}の場合、返品を入力するには数量が必要です,
Force-Fetch Subscription Updates,フォースフェッチサブスクリプションの更新,
Forecast,予報,
Foreign Trade Details,外国貿易の詳細,
Formula Based Criteria,フォーミュラベースの基準,
Forum Activity,フォーラム活動,
Forum Posts,フォーラムの投稿,
Forum URL,フォーラムURL,
Frappe Support,フラッペサポート,
Free Item,無料アイテム,
Free Item Rate,無料のアイテムレート,
Free item code is not selected,無料のアイテムコードは選択されていません,
Free item not set in the pricing rule {0},価格ルールに設定されていない無料アイテム{0},
Freeze Stocks Older Than (Days),（日）より古い株を凍結する,
Freight and Forwarding Charges,貨物および転送料,
Frequency,頻度,
Frequency To Collect Progress,進捗を収集する頻度,
Frequency of Depreciation (Months),減価償却頻度（月）,
Frequently Read Articles,頻繁に記事を読んでください,
Friday,金曜日,
From,から,
From BOM,bomから,
From Company,会社から,
From Corrective Job Card,修正ジョブカードから,
From Currency,通貨から,
From Currency and To Currency cannot be same,通貨と通貨まで同じことはできません,
From Customer,顧客から,
From Date,日付から,
From Date and To Date are Mandatory,日付と現在までのものが必須です,
From Date and To Date are mandatory,日付と現在までのものが必須です,
From Date and To Date lie in different Fiscal Year,日付と日付までは別の会計年度にあります,
From Date cannot be greater than To Date,これからは、これまで以上に大きくすることはできません,
From Date is mandatory,日付から必須です,
From Date must be before To Date,日付は前に行われなければなりません,
From Date should be within the Fiscal Year. Assuming From Date = {0},日付は会計年度以内にあるはずです。日付= {0}から仮定します,
From Date: {0} cannot be greater than To date: {1},日付から：{0}はこれまで以上に大きくすることはできません：{1},
From Datetime,DateTimeから,
From Delivery Date,配達日から,
From Delivery Note,配達メモから,
From Doctype,Doctypeから,
From Due Date,期日から,
From Employee,従業員から,
From Employee is required while issuing Asset {0},資産の発行中に従業員から必要です{0},
From External Ecomm Platform,外部ECOMMプラットフォームから,
From Fiscal Year,会計年から,
From Folio No,Folio No,
From Invoice Date,請求書の日付から,
From Lead,リードから,
From No,いいえから,
From Opportunity,機会から,
From Package No.,パッケージ番号から,
From Payment Date,支払い日から,
From Posting Date,投稿日から,
From Prospect,見込み客から,
From Range,範囲から,
From Range has to be less than To Range,範囲からは範囲よりも少ない必要があります,
From Reference Date,参照日から,
From Shareholder,株主から,
From Template,テンプレートから,
From Time,時間から,
From Time ,時間から,
From Time Should Be Less Than To Time,時代から時間よりも少ないはずです,
From Value,価値から,
From Voucher Detail No,バウチャーの詳細から,
From Voucher No,バウチャーnoから,
From Voucher Type,バウチャータイプから,
From Warehouse,倉庫から,
From and To Dates are required.,日付と日付が必要です。,
From and To dates are required,日付と日付が必要です,
From date cannot be greater than To date,これからは、これまで以上に大きくすることはできません,
From value must be less than to value in row {0},値からは、{0}の価値が低くなければなりません,
Frozen,凍った,
Fuel Type,燃料タイプ,
Fuel UOM,燃料uom,
Fulfilled,満たされた,
Fulfillment,充足,
Fulfillment User,フルフィルメントユーザー,
Fulfilment Deadline,フルフィルメントの締め切り,
Fulfilment Details,フルフィルメントの詳細,
Fulfilment Status,フルフィルメントステータス,
Fulfilment Terms,フルフィルメント条件,
Fulfilment Terms and Conditions,フルフィルメント契約条件,
Full Name,フルネーム,
Full and Final Statement,完全かつ最終的な声明,
Fully Billed,完全に請求されます,
Fully Completed,完全に完成しました,
Fully Delivered,完全に配信されます,
Fully Depreciated,完全に減価します,
Fully Paid,完全に支払われました,
Furniture and Fixtures,家具と備品,
"Further accounts can be made under Groups, but entries can be made against non-Groups",さらなるアカウントはグループの下で作成できますが、エントリは非グループに対して行うことができます,
Further cost centers can be made under Groups but entries can be made against non-Groups,さらなるコストセンターはグループの下で作成できますが、エントリは非グループに対して行うことができます,
Further nodes can be only created under 'Group' type nodes,さらなるノードは、「グループ」タイプノードの下でのみ作成できます,
Future Payment Amount,将来の支払い額,
Future Payment Ref,将来の支払いref,
Future Payments,将来の支払い,
Future date is not allowed,将来の日付は許可されていません,
G - D,g -d,
GL Balance,GLバランス,
GL Entry,GLエントリ,
GL Entry Processing Status,GLエントリ処理ステータス,
GL reposting index,GL再投稿インデックス,
GS1,GS1,
GTIN,gtin,
Gain/Loss,ゲイン/損失,
Gain/Loss Account on Asset Disposal,資産処理に関する利益/損失口座,
Gain/Loss accumulated in foreign currency account. Accounts with '0' balance in either Base or Account currency,外貨口座に蓄積された利益/損失。ベースまたはアカウント通貨のいずれかの「0」残高があるアカウント,
Gain/Loss already booked,すでに予約されているゲイン/損失,
Gain/Loss from Revaluation,再評価による利益/損失,
Gain/Loss on Asset Disposal,資産処理の利益/損失,
Gantt Chart,ガントチャート,
Gantt chart of all tasks.,すべてのタスクのガントチャート。,
Gender,性別,
General,一般的な,
General Ledger,総勘定元帳,
General Settings,一般的な設定,
General and Payment Ledger Comparison,一般的および支払い台帳の比較,
General and Payment Ledger mismatch,一般的および支払い台帳の不一致,
Generate Demo Data for Exploration,探索用のデモデータを生成します,
Generate E-Invoice,E-Invoiceを生成します,
Generate Invoice At,で請求書を生成します,
Generate New Invoices Past Due Date,期日を過ぎた新しい請求書を生成します,
Generate Schedule,スケジュールを生成します,
Generate Stock Closing Entry,ストッククロージングエントリを生成します,
"Generate packing slips for packages to be delivered. Used to notify package number, package contents and its weight.",パッケージが配信されるためのパッキングスリップを生成します。パッケージ番号、パッケージコンテンツ、およびその重量を通知するために使用されます。,
Generated,生成,
Generating Preview,プレビューの生成,
Get Advances Paid,支払いの支払いを受けてください,
Get Advances Received,受け取った進歩を取得します,
Get Allocations,割り当てを取得します,
Get Balance,バランスを取る,
Get Current Stock,現在の在庫を取得します,
Get Customer Group Details,顧客グループの詳細を取得します,
Get Entries,エントリを取得します,
Get Finished Goods,完成品を入手してください,
Get Finished Goods for Manufacture,製造用の完成品を入手してください,
Get Invoices,請求書を取得します,
Get Invoices based on Filters,フィルターに基づいて請求書を取得します,
Get Item Locations,アイテムの場所を取得します,
Get Items,アイテムを取得します,
Get Items From,からアイテムを取得します,
Get Items From Receipts,領収書からアイテムを取得します,
Get Items for Purchase / Transfer,購入 /転送用のアイテムを入手してください,
Get Items for Purchase Only,購入のためにのみアイテムを入手してください,
Get Items from BOM,BOMからアイテムを入手してください,
Get Items from Material Requests against this Supplier,このサプライヤーに対する物質リクエストからアイテムを取得します,
Get Items from Open Material Requests,オープンマテリアルリクエストからアイテムを取得します,
Get Items from Product Bundle,製品バンドルからアイテムを取得します,
Get Latest Query,最新のクエリを取得します,
Get Material Request,マテリアルリクエストを取得します,
Get Outstanding Invoices,未解決の請求書を入手してください,
Get Outstanding Orders,未解決の注文を取得します,
Get Payment Entries,支払いエントリを取得します,
Get Payments from,から支払いを受けます,
Get Raw Materials Cost from Consumption Entry,消費エントリから原材料コストを取得します,
Get Sales Orders,販売注文を取得します,
Get Scrap Items,スクラップアイテムを入手してください,
Get Started Sections,セクションを開始します,
Get Stock,在庫を取得します,
Get Sub Assembly Items,サブアセンブリアイテムを取得します,
Get Supplier Group Details,サプライヤーグループの詳細を取得します,
Get Suppliers,サプライヤーを取得します,
Get Suppliers By,サプライヤーを入手してください,
Get Timesheets,タイムシートを入手してください,
Get Unreconciled Entries,補解されていないエントリを取得します,
Get stops from,停止します,
Getting Scrap Items,スクラップアイテムを取得します,
Gift Card,ギフトカード,
Give free item for every N quantity,N数量ごとに無料のアイテムを提供します,
Global Defaults,グローバルデフォルト,
Go back,戻って行きます,
Go to {0} List,{0}リストに移動します,
Goal,ゴール,
Goods,品,
Goods In Transit,輸送中の商品,
Goods Transferred,譲渡された商品,
Goods are already received against the outward entry {0},商品は既に外向きのエントリに対して受け取られています{0},
Government,政府,
Grace Period,恵み時代,
Grade,学年,
Graduate,卒業,
Grand Total,総計,
Grand Total (Company Currency),総計（会社の通貨）,
Grant Commission,助成委員会,
Greater Than Amount,量よりも大きい,
Green,緑,
Greeting Message,挨拶メッセージ,
Greeting Subtitle,グリーティングサブタイトル,
Greeting Title,グリーティングタイトル,
Greetings Section,グリーティングセクション,
Gross Margin,総マージン,
Gross Margin %,総マージン％,
Gross Profit,粗利益,
Gross Profit / Loss,総利益 /損失,
Gross Profit Percent,総利益パーセント,
Gross Purchase Amount,総購入金額,
Gross Purchase Amount is mandatory,総購入金額は必須です,
Gross Purchase Amount should be <b>equal</b> to purchase amount of one single Asset.,総購入金額は、単一の資産の購入金額を購入するには<b>等しい</b>でなければなりません。,
Gross Purchase Amount {0} cannot be depreciated over {1} cycles.,総購入金額{0}は、{1}サイクルで減価することはできません。,
Gross Weight,総重量,
Gross Weight UOM,総重量uom,
Gross and Net Profit Report,総利益レポート,
Group,グループ,
Group By,グループ,
Group By Customer,顧客ごとのグループ,
Group By Supplier,サプライヤーによるグループ,
Group Node,グループノード,
Group Same Items,同じアイテムをグループ化します,
Group Warehouses cannot be used in transactions. Please change the value of {0},グループウェアハウスは、トランザクションでは使用できません。 {0}の値を変更してください,
Group by,グループ,
Group by Material Request,物質的なリクエストによるグループ,
Group by Party,パーティーごとにグループ,
Group by Purchase Order,注文によるグループ,
Group by Sales Order,販売注文別グループ,
Group by Voucher,グループごとのグループ,
Group node warehouse is not allowed to select for transactions,グループノードウェアハウスはトランザクションを選択できません,
Group same items,同じアイテムをグループ化します,
Groups,グループ,
Growth View,成長ビュー,
H - F,h -f,
HR,HR,
HR & Payroll,HR＆給与,
HR & Payroll Settings,HRおよび給与設定,
HR Manager,HRマネージャー,
HR User,HRユーザー,
Half Yearly,半年ごと,
Half-Yearly,半年,
Half-yearly,半年,
Handle Employee Advances,従業員の進歩を処理します,
Hardware,ハードウェア,
Has Alternative Item,代替アイテムがあります,
Has Batch No,バッチ番号があります,
Has Certificate ,証明書があります,
Has Corrective Cost,修正費用があります,
Has Expiry Date,有効期限があります,
Has Item Scanned,アイテムがスキャンされています,
Has Print Format,印刷形式があります,
Has Priority,優先事項があります,
Has Serial No,シリアル番号があります,
Has Unit Price Items,単価アイテムがあります,
Has Variants,バリアントがあります,
Have Default Naming Series for Batch ID?,バッチIDのデフォルトの命名シリーズがありますか？,
Heads (or groups) against which Accounting Entries are made and balances are maintained.,会計エントリが作成され、バランスが維持されるヘッド（またはグループ）。,
Health Details,健康の詳細,
Health Insurance,健康保険,
Health Insurance No,健康保険番号,
Health Insurance Provider,健康保険プロバイダー,
Heatmap,ヒートマップ,
Height (cm),高さ（cm）,
"Hello,",こんにちは、,
Help,ヘルプ,
Help Article,ヘルプの記事,
Help Articles,記事を手伝ってください,
Help Results for,結果を支援します,
Help Section,ヘルプセクション,
Help Text,テキストを手伝ってください,
Helps you distribute the Budget/Target across months if you have seasonality in your business.,あなたがあなたのビジネスに季節性がある場合、あなたが数ヶ月間に予算/目標を配布するのに役立ちます。,
Here are the error logs for the aforementioned failed depreciation entries: {0},前述の失敗した減価償却エントリのエラーログは次のとおりです。{0},
Here are the options to proceed:,続行するオプションは次のとおりです。,
"Here you can maintain family details like name and occupation of parent, spouse and children",ここでは、親、配偶者、子供の名前や職業などの家族の詳細を維持できます,
"Here you can maintain height, weight, allergies, medical concerns etc",ここでは、身長、体重、アレルギー、医学的懸念などを維持できます,
"Here, you can select a senior of this Employee. Based on this, Organization Chart will be populated.",ここでは、この従業員のシニアを選択できます。これに基づいて、組織チャートが入力されます。,
"Here, your weekly offs are pre-populated based on the previous selections. You can add more rows to also add public and national holidays individually.",ここでは、以前の選択に基づいて、毎週のオフが事前に入力されています。さらに行を追加して、公共および全国の祝日を個別に追加することもできます。,
"Hi,",こんにちは、,
Hidden list maintaining the list of contacts linked to Shareholder,株主にリンクされている連絡先のリストを維持する隠されたリスト,
Hide Currency Symbol,通貨シンボルを非表示にします,
Hide Customer's Tax ID from Sales Transactions,販売取引から顧客の納税IDを非表示にします,
Hide Images,画像を非表示にします,
Hide Recent Orders,最近の注文を非表示にします,
Hide Unavailable Items,利用できないアイテムを非表示にします,
Hide timesheets,タイムシートを非表示にします,
High,高い,
"Higher the number, higher the priority",数が高いほど、優先度が高くなります,
History In Company,会社の歴史,
Hold,所有,
Hold Invoice,請求書を保持します,
Hold Type,保持タイプ,
Holiday,休日,
Holiday Date {0} added multiple times,休日の日付{0}は複数回追加されました,
Holiday List,ホリデーリスト,
Holiday List Name,ホリデーリスト名,
Holidays,休日,
Hour Rate,時間レート,
Hourly,時給,
Hours,時間,
Hours Spent,時間を費やしました,
How frequently?,どのくらいの頻度ですか？,
How often should Project and Company be updated based on Sales Transactions?,販売取引に基づいて、プロジェクトと会社をどのくらいの頻度で更新する必要がありますか？,
How often should Project be updated of Total Purchase Cost ?,プロジェクトは総購入費用をどのくらいの頻度で更新する必要がありますか？,
Hrs,HRS,
Human Resources,人事,
I - J,i -j,
I - K,I -K,
IBAN,イバン,
IBAN is not valid,IBANは無効です,
ID,id,
IP Address,IPアドレス,
IRS 1099,IRS 1099,
ISBN,ISBN,
ISBN-10,ISBN-10,
ISBN-13,ISBN-13,
ISSN,ISSN,
Id,id,d
Identification of the package for the delivery (for print),配達用のパッケージの識別（印刷用）,
Identifying Decision Makers,意思決定者の識別,
Idle,アイドル,
"If ""Months"" is selected, a fixed amount will be booked as deferred revenue or expense for each month irrespective of the number of days in a month. It will be prorated if deferred revenue or expense is not booked for an entire month",「月」が選択されている場合、一定の日数に関係なく、各月の延期された収益または費用として固定金額が予約されます。延期された収入または費用が1か月間予約されていない場合は、比較されます,
"If <b>Enabled</b> - Reconciliation happens on the <b>Advance Payment posting date</b><br>
If <b>Disabled</b> - Reconciliation happens on oldest of 2 Dates: <b>Invoice Date</b> or the <b>Advance Payment posting date</b><br>
","<b> enabled </b>  -  reconciliationが<b>前払いの投稿日に発生します</b> <br>
<b>無効の場合</b>  - 和解が2つの日付の最古の日に発生します：<b>請求書日</b>または<b>前払い掲載日</b> <br>",
"If Auto Opt In is checked, then the customers will be automatically linked with the concerned Loyalty Program (on save)",Auto Opt Inがチェックされた場合、顧客は関係するロイヤルティプログラムに自動的にリンクされます（SAVEで）,
If Income or Expense,収入または費用の場合,
"If an operation is divided into sub operations, they can be added here.",操作がサブ操作に分割されている場合、ここに追加できます。,
"If blank, parent Warehouse Account or company default will be considered in transactions",空白の場合、ペアレントウェアハウスアカウントまたは会社のデフォルトはトランザクションで考慮されます,
"If checked, Rejected Quantity will be included while making Purchase Invoice from Purchase Receipt.",確認された場合、購入領収書から購入請求書を作成する際に拒否された数量が含まれます。,
"If checked, Stock will be reserved on <b>Submit</b>",チェックされた場合、在庫は<b>送信</b>に予約されます,
"If checked, picked qty won't automatically be fulfilled on submit of pick list.",チェックされた場合、ピックリストの提出時に選択された数量は自動的に満たされません。,
"If checked, the tax amount will be considered as already included in the Paid Amount in Payment Entry",チェックされた場合、税額は、支払いエントリの有料金額にすでに含まれていると見なされます,
"If checked, the tax amount will be considered as already included in the Print Rate / Print Amount",チェックされた場合、税額は印刷税 /印刷額にすでに含まれていると見なされます,
"If checked, we will create demo data for you to explore the system. This demo data can be erased later.",チェックした場合、システムを探索するためのデモデータを作成します。このデモデータは後で消去できます。,
If different than customer address,顧客アドレスとは異なる場合,
"If disable, 'In Words' field will not be visible in any transaction",無効にした場合、「言葉で」フィールドはどのトランザクションでも見えません,
"If disable, 'Rounded Total' field will not be visible in any transaction",無効にした場合、「丸い」フィールドはどのトランザクションでも見えません,
If enabled then system won't apply the pricing rule on the delivery note which will be create from the pick list,有効にした場合、システムはピックリストから作成される配信ノートに価格ルールを適用しません,
If enabled then system won't override the picked qty / batches / serial numbers.,有効にした場合、システムは選択された数量 /バッチ /シリアル番号をオーバーライドしません。,
"If enabled, a print of this document will be attached to each email",有効にすると、このドキュメントの印刷が各電子メールに添付されます,
"If enabled, additional ledger entries will be made for discounts in a separate Discount Account",有効にすると、別の割引口座の割引のために追加の元帳エントリが作成されます,
"If enabled, all files attached to this document will be attached to each email",有効にすると、このドキュメントに添付されたすべてのファイルが各電子メールに添付されます,
"If enabled, do not update serial / batch values in the stock transactions on creation of auto Serial 
 / Batch Bundle. ","有効にした場合は、自動シリアルの作成に関するストックトランザクションのシリアル /バッチ値を更新しないでください 
 /バッチバンドル。",
"If enabled, formula for <b>Qty to Order</b>: <br>
Required Qty (BOM) - <a href=""https://docs.frappe.io/erpnext/user/manual/en/projected-quantity"">Projected Qty</a>. <br> This helps avoid over-ordering.","有効にする場合は、<b>数量を注文するための式</b>：<br>
必須Qty（bom） -  <a href = ""https://docs.frappe.io/erpnext/user/manual/en/projected-quantity"">投影数量</a>。 <br>これは、過剰注文を避けるのに役立ちます。",
"If enabled, formula for <b>Required Qty</b>: <br>
Required Qty (BOM) - <a href=""https://docs.frappe.io/erpnext/user/manual/en/projected-quantity"">Projected Qty</a>. <br> This helps avoid over-ordering.","有効にすると、<b>必要な数式</b>：<br>
必須Qty（bom） -  <a href = ""https://docs.frappe.io/erpnext/user/manual/en/projected-quantity"">投影数量</a>。 <br>これは、過剰注文を避けるのに役立ちます。",
"If enabled, ledger entries will be posted for change amount in POS transactions",有効にした場合、元帳エントリはPOSトランザクションの変更量に対して投稿されます,
"If enabled, the consolidated invoices will have rounded total disabled",有効にした場合、統合された請求書は総障害者の丸みを帯びています,
"If enabled, the item rate won't adjust to the valuation rate during internal transfers, but accounting will still use the valuation rate.",有効にした場合、アイテムレートは内部転送中の評価率に調整されませんが、会計は引き続き評価率を使用します。,
"If enabled, the system will allow selecting UOMs in sales and purchase transactions only if the conversion rate is set in the item master.",有効にすると、システムは、アイテムマスターに変換率が設定されている場合にのみ、販売および購入トランザクションでUOMを選択できます。,
"If enabled, the system will generate an accounting entry for materials rejected in the Purchase Receipt.",有効にすると、システムは購入領収書で拒否された材料の会計エントリを生成します。,
"If enabled, the system will use the moving average valuation method to calculate the valuation rate for the batched items and will not consider the individual batch-wise incoming rate.",有効になった場合、システムは移動平均評価方法を使用してバッチアイテムの評価率を計算し、個々のバッチごとの着信率を考慮しません。,
"If enabled, then system will only validate the pricing rule and not apply automatically. User has to manually set the discount percentage / margin / free items to validate the pricing rule",有効にした場合、システムは価格ルールのみを検証し、自動的に適用しません。ユーザーは、価格設定ルールを検証するために、割引率 /マージン /無料アイテムを手動で設定する必要があります,
"If enabled, user will be alerted before resetting posting date to current date in relevant transactions",有効にした場合、ユーザーは、関連するトランザクションで投稿日付を現在の日付にリセットする前に警告されます,
"If item is a variant of another item then description, image, pricing, taxes etc will be set from the template unless explicitly specified",アイテムが別のアイテムのバリアントである場合、説明、画像、価格設定、税金などは、明示的に指定されていない限り、テンプレートから設定されます,
"If items in stock, proceed with Material Transfer or Purchase.",在庫のあるアイテムの場合は、材料の転送または購入を続行します。,
"If mentioned, the system will allow only the users with this Role to create or modify any stock transaction earlier than the latest stock transaction for a specific item and warehouse. If set as blank, it allows all users to create/edit back-dated transactions.",言及されている場合、この役割を持つユーザーのみが、特定のアイテムと倉庫の最新の株式取引よりも早くストックトランザクションを作成または変更できるようになります。空白として設定されている場合、すべてのユーザーがバックデートのトランザクションを作成/編集できるようになります。,
If more than one package of the same type (for print),同じタイプの複数のパッケージの場合（印刷用）,
"If no taxes are set, and Taxes and Charges Template is selected, the system will automatically apply the taxes from the chosen template.",税金が設定されておらず、税金と請求テンプレートが選択されている場合、システムは選択したテンプレートから税金を自動的に適用します。,
"If not, you can Cancel / Submit this entry",そうでない場合は、このエントリをキャンセル /送信できます,
"If rate is zero then item will be treated as ""Free Item""",レートがゼロの場合、アイテムは「無料アイテム」として扱われます,
If subcontracted to a vendor,ベンダーに下請けされた場合,
"If the BOM results in Scrap material, the Scrap Warehouse needs to be selected.",BOMがスクラップ材料をもたらす場合、スクラップウェアハウスを選択する必要があります。,
"If the account is frozen, entries are allowed to restricted users.",アカウントが凍結されている場合、エントリはユーザーを制限することが許可されています。,
"If the item is transacting as a Zero Valuation Rate item in this entry, please enable 'Allow Zero Valuation Rate' in the {0} Item table.",このエントリでアイテムがゼロ評価率アイテムとして取引されている場合は、{0}アイテムテーブルで「ゼロ評価率」を有効にしてください。,
"If the selected BOM has Operations mentioned in it, the system will fetch all Operations from BOM, these values can be changed.",選択したBOMに操作が記載されている場合、システムはBOMからすべての操作を取得し、これらの値を変更できます。,
"If there is no assigned timeslot, then communication will be handled by this group",割り当てられたタイムスロットがない場合、このグループはコミュニケーションが処理されます,
"If there is no title column, use the code column for the title.",タイトル列がない場合は、タイトルのコード列を使用します。,
"If this checkbox is checked, paid amount will be splitted and allocated as per the amounts in payment schedule against each payment term",このチェックボックスがチェックされている場合、支払い期間ごとに支払いスケジュールの金額に従って、支払額が分割され、割り当てられます,
If this is checked subsequent new invoices will be created on calendar  month and quarter start dates irrespective of current invoice start date,これがチェックされた場合、その後の新しい請求書は、現在の請求書開始日に関係なく、暦月および四半期開始日に作成されます,
If this is unchecked Journal Entries will be saved in a Draft state and will have to be submitted manually,これが未チェックのジャーナルである場合、ドラフト状態にエントリが保存され、手動で提出する必要があります,
"If this is unchecked, direct GL entries will be created to book deferred revenue or expense",これがチェックされていない場合、延期された収益または費用を予約するために直接GLエントリが作成されます,
If this is undesirable please cancel the corresponding Payment Entry.,これが望ましくない場合は、対応する支払いエントリをキャンセルしてください。,
"If this item has variants, then it cannot be selected in sales orders etc.",このアイテムにバリエーションがある場合、販売注文などで選択することはできません。,
"If this option is configured 'Yes', ERPNext will prevent you from creating a Purchase Invoice or Receipt without creating a Purchase Order first. This configuration can be overridden for a particular supplier by enabling the 'Allow Purchase Invoice Creation Without Purchase Order' checkbox in the Supplier master.",このオプションが「はい」を構成している場合、ERPNextは、最初に発注書を作成せずに購入請求書または領収書を作成することを防ぎます。この構成は、サプライヤマスターのチェックボックスをチェックする「購入注文なしで請求書作成を許可する」ことを可能にすることにより、特定のサプライヤーのためにオーバーライドできます。,
"If this option is configured 'Yes', ERPNext will prevent you from creating a Purchase Invoice without creating a Purchase Receipt first. This configuration can be overridden for a particular supplier by enabling the 'Allow Purchase Invoice Creation Without Purchase Receipt' checkbox in the Supplier master.",このオプションが「はい」を構成している場合、ERPNextは最初に購入領収書を作成せずに購入請求書を作成することを防ぎます。この構成は、サプライヤーマスターのチェックボックスをチェックする「購入請求書の作成を許可する」ことを可能にすることにより、特定のサプライヤーのためにオーバーライドできます。,
"If ticked, multiple materials can be used for a single Work Order. This is useful if one or more time consuming products are being manufactured.",チェックされている場合、単一の作業指示に複数の材料を使用できます。これは、1つ以上の時間のかかる製品が製造されている場合に役立ちます。,
"If ticked, the BOM cost will be automatically updated based on Valuation Rate / Price List Rate / last purchase rate of raw materials.",チェックされた場合、BOMコストは、原材料の評価率 /価格表 /最終購入率に基づいて自動的に更新されます。,
"If unlimited expiry for the Loyalty Points, keep the Expiry Duration empty or 0.",ロイヤルティポイントの無制限の有効期限がある場合は、有効期限を空にしてください。,
"If yes, then this warehouse will be used to store rejected materials",はいの場合、この倉庫は拒否された資料を保管するために使用されます,
"If you are maintaining stock of this Item in your Inventory, ERPNext will make a stock ledger entry for each transaction of this item.",在庫にこのアイテムの在庫を維持している場合、ERPNextはこのアイテムの各トランザクションに対してストック元帳エントリを作成します。,
"If you need to reconcile particular transactions against each other, then please select accordingly. If not, all the transactions will be allocated in FIFO order.",特定のトランザクションを互いに調整する必要がある場合は、それに応じて選択してください。そうでない場合、すべてのトランザクションはFIFO順序で割り当てられます。,
"If you still want to proceed, please disable 'Skip Available Sub Assembly Items' checkbox.",それでも続行したい場合は、「利用可能なサブアセンブリアイテム」チェックボックスを無効にしてください。,
"If you still want to proceed, please enable {0}.",それでも続行したい場合は、{0}を有効にしてください。,
"If you {0} {1} quantities of the item {2}, the scheme {3} will be applied on the item.",{0} {1}アイテム{2}の数量の場合、スキーム{3}がアイテムに適用されます。,
"If you {0} {1} worth item {2}, the scheme {3} will be applied on the item.",{0} {1} verse item {2}の場合、スキーム{3}がアイテムに適用されます。,
"If your CSV uses a different delimiter, add that character here, ensuring no spaces or additional characters are included.",CSVが別の区切り文字を使用している場合は、ここにそのキャラクターを追加して、スペースや追加の文字が含まれていないことを確認します。,
Ignore,無視する,
Ignore Account Closing Balance,アカウントの閉鎖残高を無視します,
Ignore Closing Balance,クロージングバランスを無視します,
Ignore Default Payment Terms Template,デフォルトの支払い項テンプレートを無視します,
Ignore Employee Time Overlap,従業員の時間の重複を無視します,
Ignore Empty Stock,空の在庫を無視します,
Ignore Existing Ordered Qty,既存の注文された数量を無視します,
Ignore Existing Projected Quantity,既存の投影量を無視します,
Ignore Is Opening check for reporting,無視は報告のためのオープニングチェックです,
Ignore Pricing Rule,価格ルールを無視します,
Ignore Pricing Rule is enabled. Cannot apply coupon code.,価格ルールを無視することが有効です。クーポンコードを適用できません。,
Ignore System Generated Credit / Debit Notes,システム生成されたクレジット /デビットノートを無視します,
Ignore User Time Overlap,ユーザーの時間の重複を無視します,
Ignore Voucher Type filter and Select Vouchers Manually,バウチャータイプフィルターを無視し、バウチャーを手動で選択します,
Ignore Workstation Time Overlap,ワークステーションの時間の重複を無視します,
Ignores legacy Is Opening field in GL Entry that allows adding opening balance post the system is in use while generating reports,LegacyがGLエントリのオープニングフィールドであるLegacyは、レポートの生成中にシステムが使用されているポストを開くことを可能にするGLエントリのオープニングフィールドです,
Image,画像,
Image View,画像ビュー,
Impairment,障害,
Import,輸入,
Import Chart of Accounts from a csv file,CSVファイルからアカウントのチャートをインポートします,
Import File,ファイルをインポートします,
Import File Errors and Warnings,ファイルエラーと警告をインポートします,
Import Genericode File,genericodeファイルをインポートします,
Import Invoices,請求書をインポートします,
Import Log,インポートログ,
Import Log Preview,ログプレビューをインポートします,
Import MT940 Fromat,MT940をインポートします,
Import Preview,インポートプレビュー,
Import Progress,進捗状況をインポートします,
Import Successful,インポート成功,
Import Supplier Invoice,サプライヤーの請求書をインポートします,
Import Type,インポートタイプ,
Import Using CSV file,CSVファイルを使用してインポートします,
Import Warnings,警告をインポートします,
Import completed. {0} common codes created.,完了したインポート。 {0}作成された共通コード。,
Import from Google Sheets,Googleシートからのインポート,
Import in Bulk,バルクでインポートします,
Importing Common Codes,共通コードのインポート,
"Importing {0} of {1}, {2}",{1}、{2}の{0}のインポート,
In House,家で,
In Maintenance,メンテナンス,
In Mins,分で,
In Minutes,数分で,
In Party Currency,党通貨で,
In Percentage,パーセンテージで,
In Process,処理中,
In Production,生産中,
In Progress,進行中,
In Qty,数量で,
In Stock,在庫あり,
In Stock Qty,在庫の数量,
In Transit,輸送中,
In Transit Transfer,輸送中,
In Transit Warehouse,輸送倉庫,
In Value,価値,
In Words,言葉で,
In Words (Company Currency),言葉で（会社の通貨）,
In Words (Export) will be visible once you save the Delivery Note.,言葉で（エクスポート）は、配達メモを保存すると表示されます。,
In Words will be visible once you save the Delivery Note.,配達メモを保存すると、言葉では言葉が表示されます。,
In Words will be visible once you save the Sales Invoice.,販売請求書を保存すると、言葉では言葉が表示されます。,
In Words will be visible once you save the Sales Order.,販売注文を保存すると、言葉では言葉が表示されます。,
In mins,分で,
In minutes,数分で,
"In row {0} of Appointment Booking Slots: ""To Time"" must be later than ""From Time"".",予約の予約スロットの行{0}で：「時間から」は「時代から」より遅くなければなりません。,
In stock,在庫あり,
"In the case of multi-tier program, Customers will be auto assigned to the concerned tier as per their spent",マルチティアプログラムの場合、顧客は、使用したように関係する層に自動割り当てられます,
"In this section, you can define Company-wide transaction-related defaults for this Item. Eg. Default Warehouse, Default Price List, Supplier, etc.",このセクションでは、このアイテムの全社的なトランザクション関連のデフォルトを定義できます。例えば。デフォルトの倉庫、デフォルトの価格表、サプライヤーなど。,
Inactive,非アクティブ,
Inactive Customers,非アクティブな顧客,
Inactive Sales Items,非アクティブな販売アイテム,
Inactive Status,非アクティブステータス,
Incentives,インセンティブ,
Include Account Currency,アカウント通貨を含めます,
Include Ageing Summary,老化の概要を含めます,
Include Closed Orders,閉じた注文を含めます,
Include Default FB Assets,デフォルトのFBアセットを含めます,
Include Default FB Entries,デフォルトのFBエントリを含めます,
Include Disabled,障害を含めます,
Include Expired,期限切れを含めます,
Include Expired Batches,期限切れのバッチを含めます,
Include Exploded Items,爆発したアイテムを含めます,
Include Item In Manufacturing,製造にアイテムを含めます,
Include Non Stock Items,非在庫アイテムを含めます,
Include POS Transactions,POSトランザクションを含めます,
Include Payment,支払いを含めます,
Include Payment (POS),支払いを含める（POS）,
Include Reconciled Entries,調整されたエントリを含めます,
Include Safety Stock in Required Qty Calculation,必要な数量計算に安全在庫を含めます,
Include Sub-assembly Raw Materials,サブアセンブリの原材料を含めます,
Include Subcontracted Items,下請けアイテムを含めます,
Include Timesheets in Draft Status,ドラフトステータスにタイムシートを含めます,
Include UOM,UOMを含めます,
Include Zero Stock Items,ゼロストックアイテムを含めます,
Include in gross,グロスに含める,
Included in Gross Profit,総利益に含まれています,
Including items for sub assemblies,サブアセンブリ用のアイテムを含む,
Income,所得,
Income Account,収入口座,
Incoming,着信,
Incoming Call Handling Schedule,着信コール処理スケジュール,
Incoming Call Settings,着信コール設定,
Incoming Rate,着信率,
Incoming Rate (Costing),着信率（原価計算）,
Incoming call from {0},{0}からの着信コール,
Incompatible Setting Detected,互換性のない設定が検出されました,
Incorrect Balance Qty After Transaction,トランザクション後の数量のバランスが正しくありません,
Incorrect Batch Consumed,誤ったバッチが消費されました,
Incorrect Check in (group) Warehouse for Reorder,Reorderのための誤ったチェックイン（グループ）倉庫,
Incorrect Component Quantity,誤ったコンポーネント数量,
Incorrect Date,誤った日付,
Incorrect Invoice,誤った請求書,
Incorrect Payment Type,間違った支払いタイプ,
Incorrect Reference Document (Purchase Receipt Item),誤った参照ドキュメント（購入領収書アイテム）,
Incorrect Serial No Valuation,誤ったシリアルの評価なし,
Incorrect Serial Number Consumed,消費される誤ったシリアル番号,
Incorrect Serial and Batch Bundle,誤ったシリアルとバッチバンドル,
Incorrect Stock Value Report,間違った株価レポート,
Incorrect Type of Transaction,正しくないタイプのトランザクション,
Incorrect Warehouse,間違った倉庫,
Incorrect number of General Ledger Entries found. You might have selected a wrong Account in the transaction.,誤った数の総勘定元帳エントリが見つかりました。トランザクションで間違ったアカウントを選択した可能性があります。,
Incoterm,Incoterm,
Increase In Asset Life (Months),資産寿命の増加（月）,
Increase In Asset Life(Months),資産寿命の増加（月）,
Increment,インクリメント,
Increment cannot be 0,増分は0になりません,
Increment for Attribute {0} cannot be 0,属性{0}の増分は0になりません,
Indent,インデント,
Indicates that the package is a part of this delivery (Only Draft),パッケージがこの配信の一部であることを示します（ドラフトのみ）,
Indicator Color,インジケータカラー,
Indirect Expense,間接費用,
Indirect Expenses,間接費用,
Indirect Income,間接収入,
Individual,個人,
Individual GL Entry cannot be cancelled.,個々のGLエントリはキャンセルできません。,
Individual Stock Ledger Entry cannot be cancelled.,個々のストック元帳エントリはキャンセルできません。,
Industry,業界,
Industry Type,業界タイプ,
Initial Email Notification Sent,最初の電子メール通知が送信されました,
Initialize Summary Table,概要テーブルを初期化します,
Initiated,開始,
Insert New Records,新しいレコードを挿入します,
Inspected By,検査,
Inspection Rejected,検査は拒否されました,
Inspection Required,検査が必要です,
Inspection Required before Delivery,配達前に検査が必要です,
Inspection Required before Purchase,購入前に検査が必要です,
Inspection Submission,検査の提出,
Inspection Type,検査タイプ,
Installation Date,インストール日,
Installation Note,インストールメモ,
Installation Note Item,インストールノートアイテム,
Installation Note {0} has already been submitted,インストール注{0}はすでに提出されています,
Installation Status,インストールステータス,
Installation Time,インストール時間,
Installation date cannot be before delivery date for Item {0},インストール日は、アイテム{0}の配達日前にはできません,
Installed Qty,数量をインストールしました,
Installing presets,プリセットのインストール,
Instruction,命令,
Instructions,説明書,
Insufficient Capacity,容量が不十分です,
Insufficient Permissions,許可が不十分です,
Insufficient Stock,在庫が不十分です,
Insufficient Stock for Batch,バッチの在庫が不十分です,
Insurance,保険,
Insurance Company,保険会社,
Insurance Details,保険の詳細,
Insurance End Date,保険の終了日,
Insurance Start Date,保険の開始日,
Insurance Start date should be less than Insurance End date,保険の開始日は保険の終了日未満である必要があります,
Insured value,被保険者の価値,
Insurer,保険会社,
Integration Details,統合の詳細,
Integration ID,統合ID,
Inter Company Invoice Reference,社内請求書リファレンス,
Inter Company Journal Entry,Inter Company Journalエントリ,
Inter Company Journal Entry Reference,Inter Company Journalエントリリファレンス,
Inter Company Order Reference,社内注文参照,
Inter Company Reference,会社間参照,
Inter Transfer Reference,インター転送リファレンス,
Inter Warehouse Transfer Settings,倉庫間転送設定,
Interest,興味,
Interest and/or dunning fee,利息および/またはダニング料金,
Interested,興味がある,
Internal,内部,
Internal Customer,内部顧客,
Internal Customer for company {0} already exists,会社の内部顧客{0}はすでに存在しています,
Internal Sale or Delivery Reference missing.,内部販売または配送リファレンスがありません。,
Internal Sales Reference Missing,内部販売リファレンスがありません,
Internal Supplier,内部サプライヤー,
Internal Supplier for company {0} already exists,会社の内部サプライヤー{0}はすでに存在しています,
Internal Transfer,内部転送,
Internal Transfer Reference Missing,内部転送リファレンスがありません,
Internal Transfers,内部転送,
Internal Work History,内部作業履歴,
Internal transfers can only be done in company's default currency,内部転送は、会社のデフォルト通貨でのみ行うことができます,
Interval should be between 1 to 59 MInutes,間隔は1〜59分でなければなりません,
Introduction,導入,
Invalid,無効,
Invalid Account,無効なアカウント,
Invalid Allocated Amount,割り当てられた無効な金額,
Invalid Amount,無効な量,
Invalid Attribute,無効な属性,
Invalid Auto Repeat Date,無効なオートリピート日,
Invalid Barcode. There is no Item attached to this barcode.,無効なバーコード。このバーコードに添付されたアイテムはありません。,
Invalid Blanket Order for the selected Customer and Item,選択した顧客とアイテムの無効なブランケット注文,
Invalid Child Procedure,無効な子供の手順,
Invalid Company for Inter Company Transaction.,社内取引のための無効な会社。,
Invalid Cost Center,無効なコストセンター,
Invalid Credentials,無効な資格情報,
Invalid Delivery Date,無効な配達日,
Invalid Discount,無効な割引,
Invalid Document,無効なドキュメント,
Invalid Document Type,無効なドキュメントタイプ,
Invalid Formula,無効な式,
Invalid Gross Purchase Amount,無効な総購入金額,
Invalid Group By,無効なグループによって,
Invalid Item,無効なアイテム,
Invalid Item Defaults,無効なアイテムのデフォルト,
Invalid Ledger Entries,無効な元帳エントリ,
Invalid Opening Entry,無効なオープニングエントリ,
Invalid POS Invoices,無効なPO請求書,
Invalid Parent Account,無効な親アカウント,
Invalid Part Number,無効な部品番号,
Invalid Posting Time,無効な投稿時間,
Invalid Primary Role,無効な主要な役割,
Invalid Priority,無効な優先度,
Invalid Process Loss Configuration,無効なプロセス損失構成,
Invalid Purchase Invoice,無効な購入請求書,
Invalid Qty,無効な数量,
Invalid Quantity,無効な量,
Invalid Return,無効な返品,
Invalid Sales Invoices,無効な販売請求書,
Invalid Schedule,無効なスケジュール,
Invalid Selling Price,無効な販売価格,
Invalid Serial and Batch Bundle,無効なシリアルおよびバッチバンドル,
Invalid URL,無効なURL,
Invalid Value,無効な値,
Invalid Warehouse,無効な倉庫,
Invalid amount in accounting entries of {} {} for Account {}: {},アカウント{}の{} {}の会計エントリの無効な金額{}：{},
Invalid condition expression,無効な条件発現,
"Invalid lost reason {0}, please create a new lost reason",無効な失われた理由{0}、新しい失われた理由を作成してください,
Invalid naming series (. missing) for {0},{0}の無効な命名シリーズ（。欠落）,
Invalid reference {0} {1},無効なリファレンス{0} {1},
Invalid result key. Response:,無効な結果キー。応答：,
Invalid value {0} for {1} against account {2},アカウント{2}に対する{1}の無効な値{0},
Invalid {0},無効{0},
Invalid {0} for Inter Company Transaction.,社内トランザクションの無効な{0}。,
Invalid {0}: {1},無効{0}：{1},
Inventory,在庫,
Inventory Dimension,インベントリディメンション,
Inventory Dimension Negative Stock,インベントリディメンションネガティブストック,
Inventory Dimension key,インベントリディメンションキー,
Inventory Settings,在庫設定,
Investments,投資,
Invoice,請求書,
Invoice Cancellation,請求書のキャンセル,
Invoice Date,請求書の日付,
Invoice Discounting,請求書の割引,
Invoice Document Type Selection Error,請求書ドキュメントタイプの選択エラー,
Invoice Grand Total,請求書の合計,
Invoice ID,請求書ID,
Invoice Limit,請求書制限,
Invoice Number,請求書番号,
Invoice Paid,請求書が支払われました,
Invoice Portion,請求書部分,
Invoice Portion (%),請求書部分（％）,
Invoice Posting Date,請求書の投稿日,
Invoice Series,請求書シリーズ,
Invoice Status,請求書ステータス,
Invoice Type,請求書タイプ,
Invoice Type Created via POS Screen,POS画面を介して作成された請求書タイプ,
Invoice already created for all billing hours,すべての請求時間に既に作成された請求書,
Invoice and Billing,請求書と請求,
Invoice can't be made for zero billing hour,請求書はゼロの請求時間には作成できません,
Invoiced Amount,請求額,
Invoiced Qty,請求書の数量,
Invoices,請求書,
Invoices and Payments have been Fetched and Allocated,請求書と支払いが取得され、割り当てられています,
Invoicing Features,請求機能,
Inward,内向き,
Is Account Payable,アカウントは支払われますか,
Is Active,アクティブです,
Is Additional Item,追加のアイテムです,
Is Adjustment Entry,調整エントリです,
Is Advance,前進です,
Is Alternative,代替です,
Is Billable,請求可能です,
Is Cancelled,キャンセルされます,
Is Cash or Non Trade Discount,現金または非貿易割引です,
Is Company,会社です,
Is Company Account,会社アカウントです,
Is Composite Asset,複合資産です,
Is Composite Component,複合コンポーネントです,
Is Consolidated,統合されています,
Is Container,コンテナです,
Is Corrective Job Card,修正ジョブカードです,
Is Corrective Operation,修正操作です,
Is Cumulative,累積的です,
Is Customer Provided Item,顧客提供されたアイテムです,
Is Default,デフォルトです,
Is Default Account,デフォルトアカウントです,
Is Default Language,デフォルト言語です,
Is Delivery Note Required for Sales Invoice Creation?,販売請求書の作成には配送メモが必要ですか？,
Is Discounted,割引されています,
Is Exchange Gain / Loss?,交換利益 /損失はありますか？,
Is Existing Asset,既存の資産です,
Is Expandable,拡張可能です,
Is Final Finished Good,最終的な終了は良いです,
Is Finished Item,完成したアイテムです,
Is Fixed Asset,固定資産です,
Is Free Item,無料アイテムです,
Is Frozen,冷凍です,
Is Fully Depreciated,完全に減価償却されます,
Is Group,グループです,
Is Group Warehouse,グループウェアハウスです,
Is Internal Customer,内部顧客です,
Is Internal Supplier,内部サプライヤーです,
Is Mandatory,必須です,
Is Milestone,マイルストーンです,
Is Old Subcontracting Flow,古い下請け流れです,
Is Opening,オープニングしています,
Is Opening Entry,オープニングエントリです,
Is Outward,外側です,
Is Packed,詰め込まれています,
Is Paid,支払われます,
Is Paused,一時停止されます,
Is Period Closing Voucher Entry,ピリオドクロージングバウチャーエントリです,
Is Purchase Order Required for Purchase Invoice & Receipt Creation?,購入注文は購入請求書と領収書の作成に必要ですか？,
Is Purchase Receipt Required for Purchase Invoice Creation?,購入請求書の作成には購入領収書が必要ですか？,
Is Rate Adjustment Entry (Debit Note),レート調整エントリです（デビットノート）,
Is Recursive,再帰的です,
Is Rejected,拒否されます,
Is Rejected Warehouse,拒否された倉庫,
Is Return,返品です,
Is Return (Credit Note),return（クレジットノート）,
Is Return (Debit Note),リターンです（デビットノート）,
Is Sales Order Required for Sales Invoice & Delivery Note Creation?,販売注文は販売請求書と配送の作成に必要ですか？,
Is Scrap Item,スクラップアイテムです,
Is Short/Long Year,短/長い年です,
Is Standard,標準です,
Is Stock Item,ストックアイテムです,
Is Subcontracted,下請けされています,
Is System Generated,システムが生成されます,
Is Tax Withholding Account,税源泉徴収口座です,
Is Template,テンプレートです,
Is Transporter,トランスポーターです,
Is a Subscription,サブスクリプションです,
Is created using POS,POSを使用して作成されます,
Is this Tax included in Basic Rate?,この税は基本税率に含まれていますか？,
Issue,問題,
Issue Analytics,分析を発行します,
Issue Credit Note,クレジットノートを発行します,
Issue Date,発行日,
Issue Material,資料を発行します,
Issue Priority,優先順位を発行します,
Issue Split From,から分割されています,
Issue Summary,問題の概要,
Issue Type,発行タイプ,
Issue a debit note with 0 qty against an existing Sales Invoice,既存の販売請求書に対して0 QTYでデビットノートを発行する,
Issued,発行済み,
Issued Items Against Work Order,作業注文に対して発行されたアイテム,
Issues,問題,
Issuing Date,発行日,
It can take upto few hours for accurate stock values to be visible after merging items.,正確な在庫値がアイテムを統合した後に見えるまでに数時間かかる場合があります。,
It is needed to fetch Item Details.,アイテムの詳細を取得するには必要です。,
"It's not possible to distribute charges equally when total amount is zero, please set 'Distribute Charges Based On' as 'Quantity'",合計金額がゼロの場合、料金を平等に配布することはできません。「数量」として「請求を分配する」を設定してください,
Item,アイテム,
Item 1,アイテム1,
Item 2,アイテム2,
Item 3,アイテム3,
Item 4,アイテム4,
Item 5,アイテム5,
Item Alternative,アイテムの代替,
Item Attribute,アイテム属性,
Item Attribute Value,アイテム属性値,
Item Attribute Values,アイテム属性値,
Item Balance (Simple),アイテムバランス（シンプル）,
Item Barcode,アイテムバーコード,
Item Cart,アイテムカート,
Item Code,アイテムコード,
Item Code (Final Product),アイテムコード（最終製品）,
Item Code cannot be changed for Serial No.,シリアル番号のためにアイテムコードを変更できません,
Item Code required at Row No {0},row no {0}で必要なアイテムコード,
Item Code: {0} is not available under warehouse {1}.,アイテムコード：{0}は倉庫{1}で使用できません。,
Item Customer Detail,アイテムの顧客の詳細,
Item Default,アイテムのデフォルト,
Item Defaults,アイテムのデフォルト,
Item Description,アイテムの説明,
Item Details,アイテムの詳細,
Item Group,アイテムグループ,
Item Group Defaults,アイテムグループのデフォルト,
Item Group Name,アイテムグループ名,
Item Group Tree,アイテムグループツリー,
Item Group not mentioned in item master for item {0},アイテム{0}のアイテムマスターに言及されていないアイテムグループ,
Item Group wise Discount,アイテムグループワイズディスカウント,
Item Groups,アイテムグループ,
Item Image (if not slideshow),アイテム画像（スライドショーではない場合）,
Item Information,アイテム情報,
Item Locations,アイテムの場所,
Item Manager,アイテムマネージャー,
Item Manufacturer,アイテムメーカー,
Item Name,アイテム名,
Item Naming By,別名のアイテム,
Item Price,アイテム価格,
Item Price Settings,アイテム価格設定,
Item Price Stock,アイテム価格在庫,
Item Price added for {0} in Price List {1},価格表に{0}に追加されたアイテム価格{1},
"Item Price appears multiple times based on Price List, Supplier/Customer, Currency, Item, Batch, UOM, Qty, and Dates.",アイテムの価格は、価格表、サプライヤー/顧客、通貨、アイテム、バッチ、UOM、数量、および日付に基づいて複数回表示されます。,
Item Price updated for {0} in Price List {1},価格表で{0}で更新されたアイテム価格{1},
Item Prices,アイテム価格,
Item Quality Inspection Parameter,アイテム品質検査パラメーター,
Item Reference,アイテムリファレンス,
Item Reorder,アイテムの並べ替え,
Item Row {0}: {1} {2} does not exist in above '{1}' table,アイテムrow {0}：{1} {2}は上記に存在しません '{1}'テーブル,
Item Serial No,アイテムシリアル番号,
Item Shortage Report,項目不足レポート,
Item Supplier,アイテムサプライヤー,
Item Tax,アイテム税,
Item Tax Amount Included in Value,価値に含まれるアイテム税額,
Item Tax Rate,アイテム税率,
Item Tax Row {0} must have account of type Tax or Income or Expense or Chargeable,アイテム税の行{0}税金または収入または費用または課金可能のアカウントが必要です,
Item Tax Row {0}: Account must belong to Company - {1},アイテム税の列{0}：アカウントは会社に属している必要があります -  {1},
Item Tax Template,アイテム税テンプレート,
Item Tax Template Detail,アイテム税テンプレートの詳細,
Item To Manufacture,製造するアイテム,
Item UOM,アイテムuom,
Item Unavailable,アイテムは利用できません,
Item Variant,アイテムバリアント,
Item Variant Attribute,アイテムバリアント属性,
Item Variant Details,アイテムバリアントの詳細,
Item Variant Settings,アイテムバリアント設定,
Item Variant {0} already exists with same attributes,項目バリアント{0}は、同じ属性ですでに存在しています,
Item Variants updated,アイテムバリアントが更新されました,
Item Warehouse based reposting has been enabled.,アイテムウェアハウスベースの再投稿が有効になっています。,
Item Website Specification,アイテムウェブサイトの仕様,
Item Weight Details,アイテムの重量の詳細,
Item Wise Tax Detail,アイテムごとの税の詳細,
Item and Warehouse,アイテムと倉庫,
Item and Warranty Details,アイテムと保証の詳細,
Item for row {0} does not match Material Request,row {0}のアイテムは、マテリアルリクエストと一致しません,
Item has variants.,アイテムにはバリアントがあります。,
Item is mandatory in Raw Materials table.,アイテムは原材料テーブルで必須です。,
Item is removed since no serial / batch no selected.,シリアル /バッチが選択されていないため、アイテムは削除されます。,
Item must be added using 'Get Items from Purchase Receipts' button,「購入領収書からアイテムを取得する」ボタンを使用してアイテムを追加する必要があります,
Item name,アイテム名,
Item operation,アイテム操作,
Item qty can not be updated as raw materials are already processed.,原材料がすでに処理されているため、アイテムの数量は更新できません。,
Item rate has been updated to zero as Allow Zero Valuation Rate is checked for item {0},項目{0}の評価率がゼロにチェックされる可能性があるため、アイテムレートがゼロに更新されました。,
Item to Manufacture,製造するアイテム,
Item to be manufactured or repacked,製造または再梱包されるアイテム,
Item valuation rate is recalculated considering landed cost voucher amount,アイテムの評価率は、土地のコストバウチャー額を考慮して再計算されます,
Item valuation reposting in progress. Report might show incorrect item valuation.,進行中のアイテム評価の再投稿。レポートは、誤ったアイテムの評価を示す場合があります。,
Item variant {0} exists with same attributes,アイテムバリアント{0}は、同じ属性を持つ存在します,
Item {0} cannot be added as a sub-assembly of itself,アイテム{0}は、それ自体のサブアセンブリとして追加できません,
Item {0} cannot be ordered more than {1} against Blanket Order {2}.,項目{0}は、ブランケットオーダー{2}に対して{1}以上に注文することはできません。,
Item {0} does not exist,アイテム{0}は存在しません,
Item {0} does not exist in the system or has expired,アイテム{0}はシステムに存在しないか、期限切れになっています,
Item {0} does not exist.,アイテム{0}は存在しません。,
Item {0} entered multiple times.,アイテム{0}は複数回入力しました。,
Item {0} has already been returned,アイテム{0}はすでに返されています,
Item {0} has been disabled,アイテム{0}は無効になっています,
Item {0} has no Serial No. Only serialized items can have delivery based on Serial No,アイテム{0}にはシリアル番号がありませんシリアル化されたアイテムのみがシリアル番号に基づいて配信できる,
Item {0} has reached its end of life on {1},アイテム{0}は{1}で終末期に達しました,
Item {0} ignored since it is not a stock item,項目{0}株式項目ではないので無視されます,
Item {0} is already reserved/delivered against Sales Order {1}.,項目{0}は、販売注文{1}に対してすでに予約/配信されています。,
Item {0} is cancelled,アイテム{0}はキャンセルされます,
Item {0} is disabled,アイテム{0}は無効です,
Item {0} is not a serialized Item,アイテム{0}はシリアル化されたアイテムではありません,
Item {0} is not a stock Item,アイテム{0}はストックアイテムではありません,
Item {0} is not a subcontracted item,アイテム{0}は下請け項目ではありません,
Item {0} is not active or end of life has been reached,アイテム{0}はアクティブではなく、終末期に達しました,
Item {0} must be a Fixed Asset Item,アイテム{0}は固定資産項目でなければなりません,
Item {0} must be a Non-Stock Item,アイテム{0}は在庫以外のアイテムでなければなりません,
Item {0} must be a Sub-contracted Item,アイテム{0}は下請け項目でなければなりません,
Item {0} must be a non-stock item,アイテム{0}は在庫以外のアイテムでなければなりません,
Item {0} not found in 'Raw Materials Supplied' table in {1} {2},アイテム{0} {1} {2}の「原材料供給」テーブルにはありません,
Item {0} not found.,アイテム{0}見つかりません。,
Item {0}: Ordered qty {1} cannot be less than minimum order qty {2} (defined in Item).,item {0}：注文された数量{1}は、最小注文quty {2}（項目で定義）を下回ることはできません。,
Item {0}: {1} qty produced. ,item {0}：{1}数量生産。,
Item {} does not exist.,アイテム{}は存在しません。,
Item-wise Price List Rate,アイテムごとの価格表レート,
Item-wise Purchase History,アイテムごとの購入履歴,
Item-wise Purchase Register,アイテムごとの購入レジスタ,
Item-wise Sales History,アイテムごとの販売履歴,
Item-wise Sales Register,アイテムごとの販売レジスター,
Item/Item Code required to get Item Tax Template.,アイテム税テンプレートを取得するために必要なアイテム/アイテムコード。,
Item: {0} does not exist in the system,アイテム：{0}はシステムに存在しません,
Items,アイテム,
Items Filter,アイテムフィルター,
Items Required,必要なアイテム,
Items To Be Requested,要求されるアイテム,
Items cannot be updated as Subcontracting Order is created against the Purchase Order {0}.,下請け注文が発注{0}に対して作成されるため、アイテムを更新できません。,
Items for Raw Material Request,原材料の要求のためのアイテム,
Items rate has been updated to zero as Allow Zero Valuation Rate is checked for the following items: {0},項目レートはゼロに更新されました。,
Items to Be Repost,再投稿するアイテム,
Items to Manufacture are required to pull the Raw Materials associated with it.,製造するアイテムは、それに関連する原材料を引くために必要です。,
Items to Reserve,予約するアイテム,
Items under this warehouse will be suggested,この倉庫の下のアイテムが提案されます,
Items {0} do not exist in the Item master.,アイテム{0}はアイテムマスターには存在しません。,
Itemwise Discount,アイテムごとの割引,
Itemwise Recommended Reorder Level,ItemWise推奨再注文レベル,
JAN,1月,
Job Applicant,求職者,
Job Capacity,ジョブ容量,
Job Card,ジョブカード,
Job Card Analysis,ジョブカード分析,
Job Card Item,ジョブカードアイテム,
Job Card Operation,ジョブカード操作,
Job Card Scheduled Time,ジョブカードのスケジュール時間,
Job Card Scrap Item,ジョブカードスクラップアイテム,
Job Card Summary,ジョブカードの概要,
Job Card Time Log,ジョブカードの時間ログ,
Job Card and Capacity Planning,ジョブカードと容量計画,
Job Card {0} has been completed,ジョブカード{0}が完了しました,
Job Cards,ジョブカード,
Job Paused,仕事は一時停止しました,
Job Started,仕事が始まりました,
Job Title,役職,
Job Worker,ジョブワーカー,
Job Worker Address,ジョブワーカーアドレス,
Job Worker Address Details,ジョブワーカーアドレスの詳細,
Job Worker Contact,ジョブワーカーの連絡先,
Job Worker Delivery Note,ジョブワーカー配信ノート,
Job Worker Name,ジョブワーカー名,
Job Worker Warehouse,求職者倉庫,
Job card {0} created,ジョブカード{0}作成,
Job: {0} has been triggered for processing failed transactions,ジョブ：{0}は、失敗したトランザクションの処理のためにトリガーされています,
Joining,接合,
Journal Entries,ジャーナルエントリ,
Journal Entries {0} are un-linked,ジャーナルエントリ{0}はリンクされていません,
Journal Entry,ジャーナルエントリ,
Journal Entry Account,ジャーナルエントリアカウント,
Journal Entry Template,ジャーナルエントリテンプレート,
Journal Entry Template Account,ジャーナルエントリテンプレートアカウント,
Journal Entry Type,ジャーナルエントリタイプ,
Journal Entry for Asset scrapping cannot be cancelled. Please restore the Asset.,資産廃棄のジャーナルエントリをキャンセルすることはできません。資産を復元してください。,
Journal Entry for Scrap,スクラップのジャーナルエントリ,
Journal Entry type should be set as Depreciation Entry for asset depreciation,ジャーナルエントリタイプは、資産減価償却の減価償却エントリとして設定する必要があります,
Journal Entry {0} does not have account {1} or already matched against other voucher,ジャーナルエントリ{0}にはアカウント{1}がないか、すでに他のバウチャーと一致していません,
Journal entries have been created,ジャーナルエントリが作成されました,
Journals,ジャーナル,
Kanban Board,カンバンボード,
"Keep Track of Sales Campaigns. Keep track of Leads, Quotations, Sales Order etc from Campaigns to gauge Return on Investment. ",販売キャンペーンを追跡します。キャンペーンからのリード、見積り、販売注文などを追跡して、投資収益率を測定します。,
Key,鍵,
Keyboard Shortcuts,キーボードショートカット,
Kindly cancel the Manufacturing Entries first against the work order {0}.,最初に作業指示{0}に対して製造エントリをキャンセルします。,
Kindly select the company first,最初に会社を選択してください,
LIFO,Lifo,
Label,ラベル,
Landed Cost Help,上陸したコストの援助,
Landed Cost Item,着陸コストアイテム,
Landed Cost Purchase Receipt,上陸費用購入領収書,
Landed Cost Taxes and Charges,土地の費用税と料金,
Landed Cost Voucher,上陸コストバウチャー,
Landed Cost Voucher Amount,土地のコストバウチャー額,
Landscape,風景,
Language,言語,
Lapsed,ラップした,
Large,大きい,
Last Carbon Check,最後のカーボンチェック,
Last Communication,最後のコミュニケーション,
Last Communication Date,最終通信日,
Last Completion Date,最終完了日,
Last GL Entry update was done {}. This operation is not allowed while system is actively being used. Please wait for 5 minutes before retrying.,最後のGLエントリの更新が行われました{}。システムが積極的に使用されている間、この操作は許可されていません。再試行する前に5分待ってください。,
Last Integration Date,最終統合日,
Last Month Downtime Analysis,先月のダウンタイム分析,
Last Name,苗字,
"Last Name, Email or Phone/Mobile of the user are mandatory to continue.",ユーザーの姓、電子メール、または電話/モバイルは、継続するために必須です。,
Last Order Amount,最後の注文額,
Last Order Date,最後の注文日,
Last Purchase Rate,最後の購入料金,
Last Stock Transaction for item {0} under warehouse {1} was on {2}.,倉庫の下のアイテム{0}の最後の在庫トランザクション{1}は{2}にありました。,
Last carbon check date cannot be a future date,最後のカーボンチェック日は将来の日付にはなりません,
Last transacted,最後の取引,
Latest,最新,
Latest Age,最新の年齢,
Latitude,緯度,
Lead,鉛,
Lead -> Prospect,リード - >見込み客,
Lead Count,リードカウント,
Lead Details,リードの詳細,
Lead Name,リード名,
Lead Owner,リードオーナー,
Lead Owner Efficiency,リードオーナーの効率,
Lead Owner cannot be same as the Lead Email Address,リードオーナーはリードのメールアドレスと同じになることはできません,
Lead Time,リードタイム,
Lead Time (Days),リードタイム（日）,
Lead Time (in mins),リードタイム（分単位）,
Lead Time Date,リードタイムの日付,
Lead Time Days,リードタイムの日,
Lead Time in days,数日のリードタイム,
Lead Type,リードタイプ,
Lead {0} has been added to prospect {1}.,Lead {0}は、Prospect {1}に追加されました。,
Leads,リード,
"Leads help you get business, add all your contacts and more as your leads",リードはあなたがビジネスを得るのを助け、あなたのすべての連絡先などをあなたのリードとしてより多く追加します,
"Learn about <a href=""https://docs.erpnext.com/docs/v13/user/manual/en/accounts/articles/common_party_accounting#:~:text=Common%20Party%20Accounting%20in%20ERPNext,Invoice%20against%20a%20primary%20Supplier."">Common Party</a>","<aについて学びますhref = ""https://docs.erpnext.com/docs/v13/user/manual/en/accounts/articles/common_party_accounting：~~：text=common%20party%20Accounting%20in%20Erpnext、invoice%20AgainSt%20A欠乏パーティー</a>",
Leave Approver,承認者を残します,
Leave Block List,ブロックリストを残します,
Leave Encashed?,獲得したままにしますか？,
"Leave blank for home.
This is relative to site URL, for example ""about"" will redirect to ""https://yoursitename.com/about""","空白のままにしてください。
これはサイトURLに関連しています。たとえば、「Arouct」は「https://yoursitename.com/about」にリダイレクトされます。",
Leave blank if the Supplier is blocked indefinitely,サプライヤーが無期限にブロックされている場合は、空白のままにします,
Leave blank to use the standard Delivery Note format,標準の配信ノート形式を使用するには、空白のままになります,
Ledger,元帳,
Ledger Health,元帳の健康,
Ledger Health Monitor,元帳ヘルスモニター,
Ledger Health Monitor Company,元帳ヘルスモニターカンパニー,
Ledger Merge,元帳マージ,
Ledger Merge Accounts,元帳マージアカウント,
Left,左,
Left Child,左の子供,
Left Index,左インデックス,
Legacy Fields,レガシーフィールド,
Legal,法律上の,
Legal Entity / Subsidiary with a separate Chart of Accounts belonging to the Organization.,組織に属するアカウントの別のチャートを持つ法人 /子会社。,
Legal Expenses,法的費用,
Legend,伝説,
Length,長さ,
Length (cm),長さ（cm）,
Less Than Amount,金額未満,
Letter Head,手紙の頭,
Letter or Email Body Text,文字または電子メールボディテキスト,
Letter or Email Closing Text,文字または電子メールの閉鎖テキスト,
Level,レベル,
Level (BOM),レベル（bom）,
Lft,LFT,
Liabilities,負債,
Liability,責任,
License Details,ライセンスの詳細,
License Number,ライセンス番号,
License Plate,ナンバープレート,
Likes,いいね,
Limit Crossed,交差した制限,
Limit timeslot for Stock Reposting,在庫の再投稿のタイムスロットを制限します,
Limited to 12 characters,12文字に制限されています,
Limits don't apply on,制限は適用されません,
Line spacing for amount in words,単語の金額のライン間隔,
Link,リンク,
Link Options,リンクオプション,
Link a new bank account,新しい銀行口座をリンクします,
Link existing Quality Procedure.,既存の品質手順をリンクします。,
Link to Material Request,マテリアルリクエストへのリンク,
Link to Material Requests,マテリアルリクエストへのリンク,
Link with Customer,顧客とのリンク,
Link with Supplier,サプライヤーとのリンク,
Linked Documents,リンクドキュメント,
Linked Invoices,リンクされた請求書,
Linked Location,リンクされた場所,
Linked with submitted documents,提出されたドキュメントにリンクされています,
Linking Failed,リンクが失敗しました,
Linking to Customer Failed. Please try again.,顧客へのリンクは失敗しました。もう一度やり直してください。,
Linking to Supplier Failed. Please try again.,サプライヤーへのリンクは失敗しました。もう一度やり直してください。,
Links,リンク,
List items that form the package.,パッケージを形成するアイテムをリストします。,
Load All Criteria,すべての基準をロードします,
Loading Invoices! Please Wait...,請求書の読み込み！お待ちください...,
Loading import file...,インポートファイルの読み込み...,
Loan,ローン,
Loan End Date,ローンの終了日,
Loan Period (Days),ローン期間（日）,
Loan Start Date,ローン開始日,
Loan Start Date and Loan Period are mandatory to save the Invoice Discounting,請求書の割引を節約するには、ローンの開始日とローン期間が必須です,
Loans (Liabilities),ローン（負債）,
Loans and Advances (Assets),ローンと進歩（資産）,
Local,地元,
Location,位置,
Location Details,場所の詳細,
Location Name,ロケーション名,
Locked,ロックされています,
Log Entries,ログエントリ,
Log out,ログアウト,
Log the selling and buying rate of an Item,アイテムの販売および購入率を記録します,
Logo,ロゴ,
Longitude,経度,
Lost,失った,
Lost Opportunity,機会を失った,
Lost Quotation,失われた引用,
Lost Quotations,失われた引用,
Lost Quotations %,失われた引用％,
Lost Reason,失われた理由,
Lost Reason Detail,失われた理由の詳細,
Lost Reasons,失われた理由,
Lost Reasons are required in case opportunity is Lost.,機会が失われた場合に失われた理由が必要です。,
Lost Value,価値が失われました,
Lost Value %,値％を失った,
Low,低い,
Lower Deduction Certificate,低控除証明書,
Lower Income,低所得,
Loyalty Amount,ロイヤルティ額,
Loyalty Point Entry,ロイヤルティポイントエントリ,
Loyalty Point Entry Redemption,ロイヤルティポイントエントリ償還,
Loyalty Points,ロイヤルティポイント,
Loyalty Points Redemption,ロイヤルティポイント償還,
"Loyalty Points will be calculated from the spent done (via the Sales Invoice), based on collection factor mentioned.",ロイヤルティポイントは、言及された収集係数に基づいて、（販売請求書を介して）使用した完了から計算されます。,
Loyalty Points: {0},ロイヤルティポイント：{0},
Loyalty Program,ロイヤルティプログラム,
Loyalty Program Collection,ロイヤルティプログラムコレクション,
Loyalty Program Help,ロイヤルティプログラムヘルプ,
Loyalty Program Name,ロイヤルティプログラム名,
Loyalty Program Tier,ロイヤルティプログラムティア,
Loyalty Program Type,ロイヤルティプログラムタイプ,
MT940 file detected. Please enable 'Import MT940 Format' to proceed.,MT940ファイルが検出されました。続行するには、「MT940形式をインポート」してください。,
Machine,機械,
Machine Type,マシンタイプ,
Machine malfunction,マシンの誤動作,
Machine operator errors,機械演算子エラー,
Main,主要,
Main Cost Center,メインコストセンター,
Main Cost Center {0} cannot be entered in the child table,メインコストセンター{0}はチャイルドテーブルに入力できません,
Maintain Asset,資産を維持します,
Maintain Same Rate Throughout Internal Transaction,内部トランザクション全体で同じレートを維持します,
Maintain Same Rate Throughout Sales Cycle,販売サイクル全体で同じレートを維持します,
Maintain Same Rate Throughout the Purchase Cycle,購入サイクルを通して同じレートを維持します,
Maintain Stock,在庫を維持します,
Maintenance,メンテナンス,
Maintenance Date,メンテナンス日,
Maintenance Details,メンテナンスの詳細,
Maintenance Log,メンテナンスログ,
Maintenance Manager,メンテナンスマネージャー,
Maintenance Manager Name,メンテナンスマネージャー名,
Maintenance Required,メンテナンスが必要です,
Maintenance Role,メンテナンスの役割,
Maintenance Schedule,メンテナンススケジュール,
Maintenance Schedule Detail,メンテナンススケジュールの詳細,
Maintenance Schedule Item,メンテナンススケジュール項目,
Maintenance Schedule is not generated for all the items. Please click on 'Generate Schedule',メンテナンススケジュールは、すべてのアイテムに対して生成されません。 「スケジュールの生成」をクリックしてください,
Maintenance Schedule {0} exists against {1},メンテナンススケジュール{0}は{1}に対して存在します,
Maintenance Schedules,メンテナンススケジュール,
Maintenance Status,メンテナンスステータス,
Maintenance Status has to be Cancelled or Completed to Submit,メンテナンスステータスをキャンセルまたは完了する必要があります,
Maintenance Task,メンテナンスタスク,
Maintenance Tasks,メンテナンスタスク,
Maintenance Team,メンテナンスチーム,
Maintenance Team Member,メンテナンスチームのメンバー,
Maintenance Team Members,メンテナンスチームのメンバー,
Maintenance Team Name,メンテナンスチーム名,
Maintenance Time,メンテナンス時間,
Maintenance Type,メンテナンスタイプ,
Maintenance User,メンテナンスユーザー,
Maintenance Visit,メンテナンス訪問,
Maintenance Visit Purpose,メンテナンス訪問の目的,
Maintenance start date can not be before delivery date for Serial No {0},メンテナンス開始日は、シリアル番号{0}の配達日前にはできません,
Major/Optional Subjects,メジャー/オプションの被験者,
Make,作る,
Make Asset Movement,資産の動きをします,
Make Depreciation Entry,減価償却の入力を行います,
Make Difference Entry,エントリの違いを作成します,
Make Payment via Journal Entry,ジャーナルエントリを介して支払いを行います,
Make Purchase Invoice,購入請求書を作成します,
Make Quotation,引用符を付けます,
Make Return Entry,戻りの入力を行います,
Make Sales Invoice,販売請求書を作成します,
Make Serial No / Batch from Work Order,作業注文からシリアルノー /バッチを作成します,
Make Stock Entry,在庫を入力します,
Make Subcontracting PO,下請けPOを作成します,
Make Transfer Entry,転送入力を行います,
Make project from a template.,テンプレートからプロジェクトを作成します。,
Make {0},{0},
Make {0} Variant,{0}バリアントを作成します,
Make {0} Variants,{0}バリアントを作成します,
Making Journal Entries against advance accounts: {0} is not recommended. These Journals won't be available for Reconciliation.,事前アカウントに対してジャーナルエントリを作成する：{0}は推奨されません。これらのジャーナルは和解には利用できません。,
Manage,管理,
Manage cost of operations,運用コストを管理します,
Manage your orders,注文を管理します,
Management,管理,
Mandatory,必須,
Mandatory Accounting Dimension,必須の会計次元,
Mandatory Depends On,必須は依存します,
Mandatory Field,必須フィールド,
Mandatory For Balance Sheet,バランスシートには必須,
Mandatory For Profit and Loss Account,営利目的および損失口座に必須,
Mandatory Missing,必須の欠落,
Mandatory Purchase Order,必須の発注書,
Mandatory Purchase Receipt,必須の購入領収書,
Mandatory Section,必須セクション,
Manual,マニュアル,
Manual Inspection,手動検査,
Manual entry cannot be created! Disable automatic entry for deferred accounting in accounts settings and try again,手動入力は作成できません！アカウント設定で延期された会計の自動エントリを無効にして、再試行してください,
Manufacture,製造,
Manufacture against Material Request,物質的な要求に反して製造します,
Manufactured,製造,
Manufactured Qty,製造された数量,
Manufacturer,メーカー,
Manufacturer Part Number,メーカーの部品番号,
Manufacturer Part Number <b>{0}</b> is invalid,メーカー部品番号<b> {0} </b>は無効です,
Manufacturers used in Items,アイテムで使用されるメーカー,
Manufacturing,製造,
Manufacturing BOM,製造BOM,
Manufacturing Date,製造日,
Manufacturing Manager,製造マネージャー,
Manufacturing Quantity is mandatory,製造量は必須です,
Manufacturing Section,製造セクション,
Manufacturing Settings,製造設定,
Manufacturing Type,製造タイプ,
Manufacturing User,製造ユーザー,
Mapping Purchase Receipt ...,購入領収書のマッピング...,
Mapping Subcontracting Order ...,マッピング下請け順序...,
Mapping {0} ...,マッピング{0} ...,
Margin,マージン,
Margin Money,マージンマネー,
Margin Rate or Amount,マージンレートまたは金額,
Margin Type,マージンタイプ,
Margin View,マージンビュー,
Marital Status,配偶者の有無,
Mark As Closed,閉じたようにマーク,
Market Segment,市場セグメント,
Marketing,マーケティング,
Marketing Expenses,マーケティング費用,
Married,既婚,
Mask,マスク,
Master,マスター,
Material,材料,
Material Consumption,材料消費,
Material Consumption for Manufacture,製造用の材料消費,
Material Consumption is not set in Manufacturing Settings.,材料消費は、製造設定には設定されていません。,
Material Issue,物質的な問題,
Material Receipt,マテリアルレシート,
Material Request,マテリアルリクエスト,
Material Request Date,マテリアルリクエスト日,
Material Request Detail,マテリアルリクエストの詳細,
Material Request Item,マテリアルリクエストアイテム,
Material Request No,マテリアルリクエスト番号,
Material Request Plan Item,マテリアルリクエスト計画項目,
Material Request Type,マテリアルリクエストタイプ,
"Material Request not created, as quantity for Raw Materials already available.",既に入手可能な原材料の数量として、作成されていない材料リクエスト。,
Material Request of maximum {0} can be made for Item {1} against Sales Order {2},最大{0}の材料要求は、販売注文{2}に対してアイテム{1}に対して作成できます。,
Material Request used to make this Stock Entry,この株式エントリを作成するために使用される材料リクエスト,
Material Request {0} is cancelled or stopped,マテリアルリクエスト{0}はキャンセルまたは停止します,
Material Request {0} submitted.,マテリアルリクエスト{0}送信。,
Material Requested,要求された資料,
Material Requests,マテリアルリクエスト,
Material Requests Required,重要なリクエストが必要です,
Material Requests for which Supplier Quotations are not created,サプライヤーの見積もりが作成されていない重要な要求,
Material Returned from WIP,WIPから返された材料,
Material Transfer,材料転送,
Material Transfer (In Transit),材料転送（輸送中）,
Material Transfer for Manufacture,製造のための材料転送,
Material Transferred,材料が転送されました,
Material Transferred for Manufacture,製造用に転送された材料,
Material Transferred for Manufacturing,製造のために譲渡された材料,
Material Transferred for Subcontract,下請けのために転送された材料,
Material to Supplier,サプライヤーへの資料,
Materials are already received against the {0} {1},材料は{0} {1}に対してすでに受け取られています,
Materials needs to be transferred to the work in progress warehouse for the job card {0},材料は、ジョブカードのために進行中の倉庫に転送する必要があります{0},
Max Amount,最大量,
Max Amt,マックスamt,
Max Discount (%),最大割引（％）,
Max Grade,最大グレード,
Max Qty,最大数量,
Max Qty (As Per Stock UOM),Max Qty（株式に従って）,
Max Sample Quantity,最大サンプル数量,
Max Score,最大スコア,
Max discount allowed for item: {0} is {1}%,アイテムに許可される最大割引：{0}は{1}％です,
Max: {0},マックス：{0},
Maximum Invoice Amount,最大請求額,
Maximum Net Rate,最大純レート,
Maximum Payment Amount,最大支払い額,
Maximum Samples - {0} can be retained for Batch {1} and Item {2}.,最大サンプル -  {0}は、バッチ{1}およびアイテム{2}のために保持できます。,
Maximum Samples - {0} have already been retained for Batch {1} and Item {2} in Batch {3}.,最大サンプル -  {0}は、バッチ{1}および項目{2}のバッチ{3}のために既に保持されています。,
Maximum Use,最大使用,
Maximum Value,最大値,
Maximum discount for Item {0} is {1}%,アイテムの最大割引{0}は{1}％です,
Maximum quantity scanned for item {0}.,アイテム{0}のスキャンされた最大数量。,
Maximum sample quantity that can be retained,保持できる最大サンプル量,
Medium,中くらい,
Mention Valuation Rate in the Item master.,アイテムマスターの評価率に言及します。,
Mention if non-standard Receivable account,非標準の売掛金口座の場合に言及してください,
Mention if non-standard payable account,標準以外の支払可能なアカウントの場合に言及してください,
Mention if non-standard receivable account applicable,標準以外の売掛金勘定が適用されるかどうかについて言及してください,
Menu,メニュー,
Merge,マージ,
Merge Account,アカウントをマージします,
Merge Invoices Based On,に基づいて請求書をマージします,
Merge Progress,進捗状況をマージします,
Merge Similar Account Heads,同様のアカウントヘッドをマージします,
Merge taxes from multiple documents,複数の文書から税金をマージします,
Merge with Existing Account,既存のアカウントとマージします,
Merge with existing,既存のものとマージします,
Merged,マージされた,
"Merging is only possible if following properties are same in both records. Is Group, Root Type, Company and Account Currency",マージは、両方のレコードでフォロープロパティが同じである場合にのみ可能です。グループ、ルートタイプ、会社、およびアカウント通貨です,
Merging {0} of {1},{1}のマージ{0},
Message,メッセージ,
Message Examples,メッセージの例,
Message Sent,送信されたメッセージ,
Message for Supplier,サプライヤーへのメッセージ,
Message to show,表示するメッセージ,
Message will be sent to the users to get their status on the Project,メッセージはユーザーに送信され、プロジェクトでステータスを取得します,
Messages greater than 160 characters will be split into multiple messages,160文字を超えるメッセージは複数のメッセージに分割されます,
Messaging CRM Campagin,メッセージングCRM Campagin,
Middle Income,中所得,
Middle Name,ミドルネーム,
Min Amount,最小量,
Min Amt,min amt,
Min Amt can not be greater than Max Amt,min amtは最大amtよりも大きくなることはできません,
Min Grade,最小グレード,
Min Order Qty,最小注文数量,
Min Qty,min quty,
Min Qty (As Per Stock UOM),min quty（株式に従って）,
Min Qty can not be greater than Max Qty,最小数量は最大数量より大きくなることはできません,
Min Qty should be greater than Recurse Over Qty,最小数量は、数量よりも再発よりも大きくなければなりません,
Minimum Invoice Amount,最小請求書,
Minimum Lead Age (Days),最小リード年齢（日）,
Minimum Net Rate,最小純レート,
Minimum Order Qty,最小注文数量,
Minimum Order Quantity,最小注文数量,
Minimum Payment Amount,最低支払い額,
Minimum Qty,最小数量,
Minimum Total Spent,最小合計,
Minimum Value,最小値,
Minimum quantity should be as per Stock UOM,最小数量は、在庫uomに従ってである必要があります,
Minute,分,
Minutes,分,
Miscellaneous Expenses,その他の費用,
Mismatch,ミスマッチ,
Missing,ない,
Missing Account,アカウントがありません,
Missing Asset,不足している資産,
Missing Cost Center,欠落コストセンター,
Missing Default in Company,会社のデフォルトがありません,
Missing Finance Book,財政の本がありません,
Missing Finished Good,終了した良いものを逃しています,
Missing Formula,フォーミュラがありません,
Missing Item,不足しているアイテム,
Missing Payments App,支払いアプリがありません,
Missing Serial No Bundle,シリアルなしバンドルがありません,
Missing Values Required,必要な欠損値,
Missing email template for dispatch. Please set one in Delivery Settings.,発送用の電子メールテンプレートがありません。配送設定に設定してください。,
Missing value,値の欠落,
Mixed Conditions,混合条件,
Mobile,携帯,
Mobile No,モバイル番号,
Mobile Number,携帯電話番号,
Mobile: ,携帯：,
Mode Of Payment,支払いモード,
Mode of Payment,支払いモード,
Mode of Payment Account,支払いモードアカウント,
Mode of Payments,支払いモード,
Model,モデル,
Modes of Payment,支払いモード,
Modified By,によって変更されました,
Modified On,変更された,
Monday,月曜日,
Monitor Progress,進捗状況を監視します,
Monitor for Last 'X' days,最後の「X」日を監視します,
Monitoring Frequency,監視頻度,
Month,月,
Month(s) after the end of the invoice month,請求書月の終了後,
Monthly,毎月,
Monthly Completed Work Orders,毎月完了した作業注文,
Monthly Distribution,毎月の分配,
Monthly Distribution Percentage,毎月の分布率,
Monthly Distribution Percentages,毎月の分布率,
Monthly Quality Inspections,毎月の品質検査,
Monthly Rate,毎月の料金,
Monthly Sales Target,毎月の販売目標,
Monthly Total Work Orders,毎月の合計作業注文,
Months,数ヶ月,
More Info,詳細,
More Information,詳細情報,
More/Less than 12 months.,12か月が多い/少ない。,
Move,動く,
Move Item,アイテムを移動します,
Move Stock,在庫を移動します,
Move to Cart,カートに移動します,
Movement,動き,
Moving Average,移動平均,
Moving up in tree ...,木で上に移動...,
Multi Currency,多通貨,
Multi-level BOM Creator,マルチレベルのBOMクリエーター,
Multiple Loyalty Programs found for Customer {}. Please select manually.,顧客向けに見つかった複数のロイヤルティプログラム{}。手動で選択してください。,
Multiple POS Opening Entry,複数のPOSオープニングエントリ,
"Multiple Price Rules exists with same criteria, please resolve conflict by assigning priority. Price Rules: {0}",複数の価格ルールは同じ基準で存在します。優先順位を割り当てることにより、競合を解決してください。価格ルール：{0},
Multiple Tier Program,複数の層プログラム,
Multiple Variants,複数のバリエーション,
Multiple Warehouse Accounts,複数の倉庫アカウント,
Multiple fiscal years exist for the date {0}. Please set company in Fiscal Year,日付{0}には複数の会計年が存在します。会計年度に会社を設定してください,
Multiple items cannot be marked as finished item,複数のアイテムを完成したアイテムとしてマークすることはできません,
Must be Whole Number,整数でなければなりません,
Must be a publicly accessible Google Sheets URL and adding Bank Account column is necessary for importing via Google Sheets,Googleシートを介してインポートするには、公開されているGoogleシートURLである必要があります。,
Mute Email,ミュートメール,
N/A,n/a,
Name,名前,
Name and Employee ID,名前と従業員ID,
Name of Beneficiary,受益者の名前,
Name of new Account. Note: Please don't create accounts for Customers and Suppliers,新しいアカウントの名前。注：顧客やサプライヤーのアカウントを作成しないでください,
Name of the Monthly Distribution,毎月の配布の名前,
Named Place,名前付きの場所,
Naming Series,命名シリーズ,
Naming Series Prefix,命名シリーズプレフィックス,
Naming Series and Price Defaults,命名シリーズと価格のデフォルト,
Naming Series is mandatory,命名シリーズは必須です,
Natural Gas,天然ガス,
Needs Analysis,分析が必要です,
Negative Batch Quantity,負のバッチ数量,
Negative Quantity is not allowed,負の量は許可されていません,
Negative Valuation Rate is not allowed,負の評価率は許可されていません,
Negotiation/Review,交渉/レビュー,
Net Amount,純額,
Net Amount (Company Currency),純額（会社の通貨）,
Net Asset value as on,純資産価値,
Net Cash from Financing,融資からの純現金,
Net Cash from Investing,投資からの純現金,
Net Cash from Operations,営業からの純現金,
Net Change in Accounts Payable,買掛金の純変化,
Net Change in Accounts Receivable,売掛金の純変更,
Net Change in Cash,現金の純変化,
Net Change in Equity,公平性の純変化,
Net Change in Fixed Asset,固定資産の純変化,
Net Change in Inventory,在庫の純変化,
Net Hour Rate,ネットアワーレート,
Net Profit,純利益,
Net Profit/Loss,純利益/損失,
Net Purchase Amount,純購入金額,
Net Rate,ネットレート,
Net Rate (Company Currency),ネットレート（会社の通貨）,
Net Total,正味合計,
Net Total (Company Currency),純合計（会社通貨）,
Net Weight,正味重量,
Net Weight UOM,ネットウェイトUOM,
Net total calculation precision loss,正味合計計算精度損失,
New,新しい,
New Account Name,新しいアカウント名,
New Asset Value,新しい資産価値,
New Assets (This Year),新しい資産（今年）,
New BOM,新しいbom,
New Balance In Account Currency,アカウント通貨の新しいバランス,
New Balance In Base Currency,基本通貨の新しいバランス,
New Batch ID (Optional),新しいバッチID（オプション）,
New Batch Qty,新しいバッチ数量,
New Company,新会社,
New Cost Center Name,新しいコストセンター名,
New Customer Revenue,新しい顧客収益,
New Customers,新しい顧客,
New Department,新しい部門,
New Employee,新しい従業員,
New Event,新しいイベント,
New Exchange Rate,新しい為替レート,
New Expenses,新しい費用,
New Income,新しい収入,
New Invoice,新しい請求書,
New Location,新しい場所,
New Note,新しいメモ,
New Purchase Invoice,新しい購入請求書,
New Purchase Orders,新しい発注書,
New Quality Procedure,新しい品質手順,
New Quotations,新しい引用,
New Sales Invoice,新しい販売請求書,
New Sales Orders,新しい販売注文,
New Sales Person Name,新しい営業担当者の名前,
New Serial No cannot have Warehouse. Warehouse must be set by Stock Entry or Purchase Receipt,新しいシリアルNOには倉庫がありません。倉庫は在庫入力または購入領収書によって設定する必要があります,
New Task,新しいタスク,
New Version,新しいバージョン,
New Warehouse Name,新しい倉庫名,
New Workplace,新しい職場,
New credit limit is less than current outstanding amount for the customer. Credit limit has to be atleast {0},新しいクレジット制限は、顧客の現在の未払い額よりも少ない。クレジット制限は少なくとも{0}でなければなりません,
New fiscal year created :- ,作成された新しい会計年： -,
New invoices will be generated as per schedule even if current invoices are unpaid or past due date,現在の請求書が未払いまたは過去の日付であっても、新しい請求書はスケジュールに従って生成されます,
New release date should be in the future,新しいリリース日は将来的になるはずです,
New task,新しいタスク,
New {0} pricing rules are created,新しい{0}価格ルールが作成されます,
Next,次,
Next Depreciation Date,次の減価償却日,
Next Due Date,次の期日,
Next email will be sent on:,次のメールが送信されます：,
No,いいえ,
No Account matched these filters: {},これらのフィルターと一致するアカウントはありません：{},
No Action,アクションなし,
No Answer,答えはありません,
No Customer found for Inter Company Transactions which represents company {0},会社{0}を表す会社間取引の顧客は見つかりません,
No Customers found with selected options.,選択したオプションで顧客は見つかりませんでした。,
No Data,データなし,
No Delivery Note selected for Customer {},顧客用に選択された配達ノート{},
No Item with Barcode {0},barcode {0}のアイテムはありません,
No Item with Serial No {0},シリアルno {0}を持つアイテムなし,
No Items selected for transfer.,転送用に選択されたアイテムはありません。,
No Items with Bill of Materials to Manufacture,製造する材料の請求書はありません,
No Items with Bill of Materials.,材料の請求書はありません。,
No Matching Bank Transactions Found,一致する銀行取引は見つかりませんでした,
No Notes,メモはありません,
No Outstanding Invoices found for this party,このパーティーには未払いの請求書は見つかりませんでした,
No POS Profile found. Please create a New POS Profile first,POSプロファイルは見つかりません。最初に新しいPOSプロファイルを作成してください,
No Permission,許可なし,
No Purchase Orders were created,発注書は作成されていません,
No Records for these settings.,これらの設定のレコードはありません。,
No Remarks,発言はありません,
No Selection,選択なし,
No Serial / Batches are available for return,リターンにはシリアル /バッチを使用できません,
No Stock Available Currently,現在利用可能な在庫はありません,
No Summary,要約なし,
No Supplier found for Inter Company Transactions which represents company {0},会社{0}を表す会社間取引にはサプライヤーが見つかりません,
No Tax Withholding data found for the current posting date.,現在の投稿日には税の源泉徴収データは見つかりません。,
No Terms,条件なし,
No Unreconciled Invoices and Payments found for this party and account,この当事者とアカウントのために見つかった補充されていない請求書と支払いはありません,
No Unreconciled Payments found for this party,この当事者に対して競争のない支払いは見つかりませんでした,
No Work Orders were created,作業指示は作成されませんでした,
No accounting entries for the following warehouses,次の倉庫の会計エントリはありません,
No active BOM found for item {0}. Delivery by Serial No cannot be ensured,アイテム{0}にはアクティブなBOMが見つかりません。シリアルNOによる配信は保証できません,
No additional fields available,追加のフィールドはありません,
No billing email found for customer: {0},顧客向けに請求メールが見つかりません：{0},
No contacts with email IDs found.,電子メールIDの連絡先は見つかりませんでした。,
No data for this period,この期間のデータはありません,
No data found. Seems like you uploaded a blank file,データは見つかりません。空白のファイルをアップロードしたようです,
No data to export,エクスポートするデータはありません,
No description given,説明はありません,
No difference found for stock account {0},在庫口座に違いは見つかりません{0},
No employee was scheduled for call popup,コールポップアップの従業員は予定されていませんでした,
No failed logs,失敗したログはありません,
No item available for transfer.,転送に利用できるアイテムはありません。,
No items are available in sales orders {0} for production,生産用の販売注文{0}で利用できるアイテムはありません,
No items are available in the sales order {0} for production,生産用の販売注文{0}で利用できるアイテムはありません,
No items found. Scan barcode again.,アイテムは見つかりません。再度バーコードをスキャンします。,
No items in cart,カートにアイテムはありません,
No items to be received are overdue,受け取るべきアイテムは期限切れではありません,
No matches occurred via auto reconciliation,自動調整による一致は発生しませんでした,
No material request created,材料リクエストは作成されていません,
No more children on Left,左にこれ以上の子供はいません,
No more children on Right,これ以上の子供はいません,
No of Docs,ドキュメントはありません,
No of Employees,従業員はいません,
No of Interactions,相互作用はありません,
No of Months (Expense),数ヶ月なし（費用）,
No of Months (Revenue),数ヶ月なし（収益）,
No of Shares,株式はありません,
No of Visits,訪問はありません,
No open POS Opening Entry found for POS Profile {0}.,POSプロファイル{0}には開いたPOSオープニングエントリがありません。,
No open event,オープンイベントはありません,
No open task,オープンタスクはありません,
No outstanding invoices found,未解決の請求書は見つかりませんでした,
No outstanding invoices require exchange rate revaluation,未解決の請求書は、為替レートの再評価を必要としません,
No outstanding {0} found for the {1} {2} which qualify the filters you have specified.,{1} {2}には、指定したフィルターの資格がある{1} {2}が見つかりません。,
No pending Material Requests found to link for the given items.,特定のアイテムにリンクする保留中のマテリアルリクエストは見つかりませんでした。,
No primary email found for customer: {0},顧客にプライマリメールが見つかりません：{0},
No products found.,製品は見つかりません。,
No recent transactions found,最近のトランザクションは見つかりませんでした,
No record found,記録は見つかりません,
No records found in Allocation table,割り当てテーブルに記録は見つかりません,
No records found in the Invoices table,請求書テーブルに記録は見つかりません,
No records found in the Payments table,支払い表に記録は見つかりません,
No reserved stock to unreserve.,予約された在庫はありません。,
No stock ledger entries were created. Please set the quantity or valuation rate for the items properly and try again.,ストック元帳エントリは作成されていません。アイテムの数量または評価率を適切に設定して、再試行してください。,
No stock transactions can be created or modified before this date.,この日付までに株式取引を作成または変更することはできません。,
No values,値なし,
No {0} Accounts found for this company.,この会社の{0}アカウントは見つかりませんでした。,
No {0} found for Inter Company Transactions.,社内取引には{0}は見つかりませんでした。,
No.,いいえ。,
No. of Employees,従業員数,
No. of parallel job cards which can be allowed on this workstation. Example: 2 would mean this workstation can process production for two Work Orders at a time.,このワークステーションで許可できる並列ジョブカードの数。例：2つは、このワークステーションが一度に2つの作業注文で生産を処理できることを意味します。,
Non Conformance,非適合性,
Non Depreciable Category,非減価償却カテゴリ,
Non Profit,非利益,
Non stock items,非在庫アイテム,
Non-Zeros,非ゼロ,
None,なし,
None of the items have any change in quantity or value.,量や価値に変化はありません。,
Nos,nos,
Not Allowed,許可されていません,
Not Applicable,適用できない,
Not Available,利用不可,
Not Billed,請求されていません,
Not Delivered,配達されていません,
Not Initiated,開始されていません,
Not Permitted,許可されていません,
Not Requested,要求されていません,
Not Specified,指定されていない,
Not Started,開始されていません,
Not active,アクティブではありません,
Not allow to set alternative item for the item {0},アイテムの代替アイテムを設定しないでください{0},
Not allowed to create accounting dimension for {0},{0}の会計次元を作成することは許可されていません,
Not allowed to update stock transactions older than {0},{0}よりも古い株式取引を更新することは許可されていません,
Not authorized since {0} exceeds limits,{0}が制限を超えるため、許可されていません,
Not authorized to edit frozen Account {0},Frozenアカウントを編集することは許可されていません{0},
Not in Stock,在庫がありません,
Not in stock,在庫がありません,
Not permitted,許可されていません,
Note,注記,
Note: Automatic log deletion only applies to logs of type <i>Update Cost</i>,注：自動ログの削除は、タイプ<i>更新コストのログにのみ適用されます</i>,
Note: Due Date exceeds allowed {0} credit days by {1} day(s),注：{1} day（s）による許可された{0}クレジット日を超える期日,
Note: Email will not be sent to disabled users,注：電子メールは無効なユーザーに送信されません,
"Note: If you want to use the finished good {0} as a raw material, then enable the 'Do Not Explode' checkbox in the Items table against the same raw material.",注：完成した良き{0}を原料として使用する場合は、同じ原料に対してアイテムテーブルの「爆発しないで」チェックボックスを有効にします。,
Note: Item {0} added multiple times,注：アイテム{0}は複数回追加されました,
Note: Payment Entry will not be created since 'Cash or Bank Account' was not specified,注：「現金または銀行口座」が指定されていないため、支払いの入力は作成されません,
Note: This Cost Center is a Group. Cannot make accounting entries against groups.,注：このコストセンターはグループです。グループに対して会計エントリを作成することはできません。,
"Note: To merge the items, create a separate Stock Reconciliation for the old item {0}",注：アイテムをマージするには、古いアイテムの個別のストック調整を作成します{0},
Note: {0},注：{0},
Notes,メモ,
Notes HTML,メモHTML,
Notes: ,注：,
Nothing is included in gross,グロスには何も含まれていません,
Nothing more to show.,これ以上表示するものはありません。,
Notice (days),通知（日）,
Notify Customers via Email,メールでお客様に通知します,
Notify Employee,従業員に通知します,
Notify Other,その他に通知します,
Notify Reposting Error to Role,役割への再投稿エラーに通知します,
Notify Supplier,サプライヤーに通知します,
Notify Via Email,メールで通知します,
Notify by Email on Creation of Automatic Material Request,自動材料要求の作成についてメールで通知します,
Notify customer and agent via email on the day of the appointment.,予約日に電子メールで顧客とエージェントに通知します。,
Number of Concurrent Appointments,同時予定の数,
Number of Days,日数,
Number of Interaction,相互作用の数,
Number of Order,注文数,
Number of days after invoice date has elapsed before canceling subscription or marking subscription as unpaid,サブスクリプションをキャンセルしたり、サブスクリプションをマークしたりする前に、請求書の日付が経過した日数,
Number of days appointments can be booked in advance,予約数は事前に予約できます,
Number of days that the subscriber has to pay invoices generated by this subscription,サブスクライバーがこのサブスクリプションによって生成された請求書を支払わなければならない日数,
"Number of intervals for the interval field e.g if Interval is 'Days' and Billing Interval Count is 3, invoices will be generated every 3 days",間隔フィールドの間隔数、たとえば間隔が「日」で、請求間隔数が3の場合、請求書は3日ごとに生成されます,
"Number of new Account, it will be included in the account name as a prefix",新しいアカウントの数、それはプレフィックスとしてアカウント名に含まれます,
"Number of new Cost Center, it will be included in the cost center name as a prefix",新しいコストセンターの数は、プレフィックスとしてコストセンター名に含まれます,
Numeric,数値,
Numeric Inspection,数値検査,
Numeric Values,数値,
Numero has not set in the XML file,numeroはXMLファイルに設定されていません,
O+,O+,
O-,o-,
Objective,客観的,
Objectives,目的,
Odometer Value (Last),走行距離計の値（最後）,
Off,オフ,
Offer Date,オファー日,
Office Equipment,オフィス機器,
Office Maintenance Expenses,オフィスメンテナンス費用,
Office Rent,オフィス家賃,
Offsetting Account,オフセットアカウント,
Offsetting for Accounting Dimension,会計次元の相殺,
Old Parent,古い親,
Oldest Of Invoice Or Advance,最も古い請求書または前進,
On Hold,保留中,
On Hold Since,それ以来保留中です,
On Item Quantity,アイテム数量,
On Net Total,正味合計,
On Paid Amount,有料金額,
On Previous Row Amount,前の行の金額,
On Previous Row Total,前の行の合計,
On This Date,この日付,
On Track,軌道に乗っています,
On enabling this cancellation entries will be posted on the actual cancellation date and reports will consider cancelled entries as well,このキャンセルエントリが実際のキャンセル日に投稿され、レポートはキャンセルされたエントリも検討します。,
"On expanding a row in the Items to Manufacture table, you'll see an option to 'Include Exploded Items'. Ticking this includes raw materials of the sub-assembly items in the production process.",テーブルを製造するためにアイテムの行を拡張すると、「爆発したアイテムを含める」オプションが表示されます。これは、生産プロセスにおけるサブアセンブリ項目の原材料が含まれます。,
"On submission of the stock transaction, system will auto create the Serial and Batch Bundle based on the Serial No / Batch fields.",在庫トランザクションの提出時に、システムはシリアルNO /バッチフィールドに基づいてシリアルおよびバッチバンドルを自動的に作成します。,
On-machine press checks,オンマシンプレスチェック,
"Once set, this invoice will be on hold till the set date",設定すると、この請求書は設定日まで保留になります,
Once the Work Order is Closed. It can't be resumed.,作業指示が閉じられたら。再開することはできません。,
One customer can be part of only single Loyalty Program.,1人の顧客は、単一のロイヤルティプログラムの一部になることができます。,
Ongoing Job Cards,継続的なジョブカード,
Only 'Payment Entries' made against this advance account are supported.,この前払いアカウントに対して行われた「支払いエントリ」のみがサポートされています。,
Only CSV and Excel files can be used to for importing data. Please check the file format you are trying to upload,データをインポートするために使用できるCSVおよびExcelファイルのみが使用できます。アップロードしようとしているファイル形式を確認してください,
Only Deduct Tax On Excess Amount ,過剰な金額に対してのみ税金を差し引く,
Only Include Allocated Payments,割り当てられた支払いのみを含めます,
Only Parent can be of type {0},親のみがタイプ{0}にすることができます,
Only Value available for Payment Entry,支払いエントリに利用可能な価値のみ,
Only applies for Normal Payments,通常の支払いにのみ適用されます,
Only existing assets,既存の資産のみ,
Only leaf nodes are allowed in transaction,トランザクションでは、葉のノードのみが許可されます,
Only one {0} entry can be created against the Work Order {1},作業順序に対して1つの{0}エントリのみを作成できます{1},
Only show Customer of these Customer Groups,これらの顧客グループの顧客のみを表示します,
Only show Items from these Item Groups,これらのアイテムグループのアイテムのみを表示します,
"Only values between [0,1) are allowed. Like {0.00, 0.04, 0.09, ...}
Ex: If allowance is set at 0.07, accounts that have balance of 0.07 in either of the currencies will be considered as zero balance account","[0,1）の間の値のみが許可されます。 {0.00、0.04、0.09、...}のように
例：許容値が0.07に設定されている場合、いずれかの通貨で0.07の残高を持つアカウントは、ゼロ残高口座と見なされます",
Only {0} are supported,{0}のみがサポートされています,
Open,開ける,
Open Activities HTML,オープンアクティビティHTML,
Open BOM {0},BOM {0}を開く,
Open Call Log,通話ログを開きます,
Open Contact,連絡先を開きます,
Open Event,オープンイベント,
Open Events,オープンイベント,
Open Form View,フォームビューを開きます,
Open Issues,未解決の問題,
Open Issues ,未解決の問題,
Open Item {0},オープンアイテム{0},
Open Notifications,オープン通知,
Open Projects,オープンプロジェクト,
Open Projects ,オープンプロジェクト,
Open Quotations,オープン引用,
Open Sales Orders,オープンセールス注文,
Open Task,オープンタスク,
Open Tasks,タスクを開きます,
Open To Do,やることを開いています,
Open To Do ,やることを開いています,
Open Work Order {0},オープンワークオーダー{0},
Open Work Orders,オープンワークオーダー,
Open a new ticket,新しいチケットを開きます,
Opening,オープニング,
Opening (Cr),オープニング（cr）,
Opening (Dr),オープニング（DR）,
Opening Accumulated Depreciation,開口部は減価償却を蓄積しました,
Opening Amount,営利額,
Opening Balance,営業バランス,
Opening Balance Details,営業バランスの詳細,
Opening Balance Equity,オープニングバランスエクイティ,
Opening Date,開幕日,
Opening Entry,オープニングエントリ,
Opening Entry can not be created after Period Closing Voucher is created.,期間閉じたバウチャーが作成された後、オープニングエントリを作成できません。,
Opening Invoice Creation In Progress,進行中の請求書作成を開く,
Opening Invoice Creation Tool,請求書作成ツールを開く,
Opening Invoice Creation Tool Item,請求書作成ツールアイテムを開く,
Opening Invoice Item,請求書の開くアイテム,
"Opening Invoice has rounding adjustment of {0}.<br><br> '{1}' account is required to post these values. Please set it in Company: {2}.<br><br> Or, '{3}' can be enabled to not post any rounding adjustment.",請求書の開くには、{0}。<br> <br> '{1}'アカウントの丸め調整があります。これらの値を投稿するには必要です。会社で設定してください：{2}。<br> <br>または、 '{3}'を丸め調整を投稿しないようにすることができます。,
Opening Invoices,請求書を開く,
Opening Invoices Summary,請求書の概要を開く,
Opening Number of Booked Depreciations,予約された減価償却の開く数,
Opening Purchase Invoices have been created.,購入請求書を開くことが作成されました。,
Opening Qty,数量のオープニング,
Opening Sales Invoices have been created.,販売請求書の開設が作成されました。,
Opening Stock,オープニングストック,
Opening Time,開口時間,
Opening Value,オープニング値,
Operating Cost,運用コスト,
Operating Cost (Company Currency),運用コスト（会社の通貨）,
Operating Cost Per BOM Quantity,BOM数量あたりの運用コスト,
Operating Cost as per Work Order / BOM,作業注文 / BOMに従って運用コスト,
Operating Cost(Company Currency),運用コスト（会社の通貨）,
Operating Costs,運用コスト,
Operation,手術,
Operation & Materials,操作と材料,
Operation Cost,運用コスト,
Operation Description,操作の説明,
Operation ID,操作ID,
Operation Id,操作ID,
Operation Row ID,操作行ID,
Operation Row Id,操作行ID,
Operation Row Number,操作行番号,
Operation Time,操作時間,
Operation Time must be greater than 0 for Operation {0},操作時間は操作{0}の場合は0より大きくなければなりません,
Operation completed for how many finished goods?,完成品の数で操作が完了しましたか？,
Operation time does not depend on quantity to produce,操作時間は、生成する量に依存しません,
Operation {0} added multiple times in the work order {1},操作{0}作業順に複数回追加された{1},
Operation {0} does not belong to the work order {1},操作{0}は作業順に属していません{1},
"Operation {0} longer than any available working hours in workstation {1}, break down the operation into multiple operations",操作{0}ワークステーション{1}で利用可能な労働時間よりも長く、操作を複数の操作に分解します,
Operations,操作,
Operations Routing,操作ルーティング,
Operations cannot be left blank,操作を空白のままにすることはできません,
Operator,オペレーター,
Opp Count,OPPカウント,
Opp/Lead %,opp/lead％,
Opportunities,機会,
Opportunities by Campaign,キャンペーン別の機会,
Opportunities by Medium,媒体による機会,
Opportunities by Source,ソース別の機会,
Opportunity,機会,
Opportunity Amount,機会量,
Opportunity Amount (Company Currency),機会額（会社の通貨）,
Opportunity Date,機会の日付,
Opportunity From,からの機会,
Opportunity Item,機会アイテム,
Opportunity Lost Reason,機会は理由を失いました,
Opportunity Lost Reason Detail,機会が理由の詳細を失いました,
Opportunity Owner,機会の所有者,
Opportunity Source,機会源,
Opportunity Summary by Sales Stage,販売段階別の機会の概要,
Opportunity Type,機会タイプ,
Opportunity Value,機会価値,
Opportunity {0} created,機会{0}作成されました,
Optimize Route,ルートを最適化します,
"Optional. Sets company's default currency, if not specified.",オプション。指定されていない場合、会社のデフォルト通貨を設定します。,
Optional. This setting will be used to filter in various transactions.,オプション。この設定は、さまざまなトランザクションでフィルタリングするために使用されます。,
Options,オプション,
Orange,オレンジ,
Order Amount,注文金額,
Order By,注文,
Order Confirmation Date,確認日を注文します,
Order Confirmation No,確認番号を注文します,
Order Count,注文カウント,
Order Date,注文日,
Order Information,情報を注文します,
Order No,注文番号,
Order Qty,数量を注文します,
Order Status,ステータスを注文します,
Order Summary,概要を注文します,
Order Type,注文タイプ,
Order Value,注文値,
Order/Quot %,注文/引用％,
Ordered,注文,
Ordered Qty,注文された数量,
"Ordered Qty: Quantity ordered for purchase, but not received.",注文された数量：購入のために注文された数量ですが、受け取っていません。,
Ordered Quantity,注文数量,
Orders,注文,
Organization,組織,
Organization Name,組織名,
Orientation,オリエンテーション,
Original Item,オリジナルアイテム,
Other,他の,
Other Details,その他の詳細,
Other Info,その他の情報,
Other Settings,その他の設定,
Out Qty,数量,
Out Value,価値,
Out of AMC,AMCから,
Out of Order,故障中,
Out of Stock,在庫切れ,
Out of Warranty,保証から,
Out of stock,在庫切れ,
Outdated POS Opening Entry,時代遅れのPOSオープニングエントリ,
Outgoing,発信,
Outgoing Rate,発信率,
Outstanding,並外れた,
Outstanding (Company Currency),傑出した（会社の通貨）,
Outstanding Amount,未払いの金額,
Outstanding Amt,傑出したamt,
Outstanding Cheques and Deposits to clear,クリアするための未払いの小切手と預金,
Outstanding for {0} cannot be less than zero ({1}),{0}の未解決はゼロ（{1}）未満にすることはできません,
Outward,外側,
Over Billing Allowance (%),過剰請求手当（％）,
Over Billing Allowance exceeded for Purchase Receipt Item {0} ({1}) by {2}%,購入領収書{0}（{1}）{2}％で請求手当を超えた,
Over Delivery/Receipt Allowance (%),過剰配達/領収書手当（％）,
Over Picking Allowance,手当を選択してください,
Over Receipt,領収書,
Over Receipt/Delivery of {0} {1} ignored for item {2} because you have {3} role.,{3}の役割を持っているため、{0} {1} {1} {1} {2}の領収書を無視します。,
Over Transfer Allowance,過剰転送手当,
Over Transfer Allowance (%),過剰転送手当（％）,
Overbilling of {0} {1} ignored for item {2} because you have {3} role.,{0} {1}の過剰ビルは、{3}の役割を持っているため、アイテム{2}に対して無視されます。,
Overbilling of {} ignored because you have {} role.,{}の過剰ビルは、{}の役割を持っているため無視されます。,
Overdue,期限切れ,
Overdue Days,延滞日,
Overdue Payment,期限切れの支払い,
Overdue Payments,期限切れの支払い,
Overdue Tasks,期限切れのタスク,
Overdue and Discounted,期限切れと割引,
Overlap in scoring between {0} and {1},{0}と{1}の間のスコアリングでオーバーラップ,
Overlapping conditions found between:,間に見つかった重複条件：,
Overproduction Percentage For Sales Order,販売注文の過剰生産率,
Overproduction Percentage For Work Order,作業注文の過剰生産率,
Overproduction for Sales and Work Order,販売および作業注文の過剰生産,
Overview,概要,
Owned,所有,
Owner,所有者,
PAN No,パンいいえ,
PDF Name,PDF名,
PIN,ピン,
PO Supplied Item,POが供給されたアイテム,
POS,Pos,
POS Additional Fields,追加のフィールド,
POS Closed,POは閉じた,
POS Closing Entry,POSクロージングエントリ,
POS Closing Entry Detail,閉じたエントリの詳細を締めくくります,
POS Closing Entry Taxes,閉鎖税,
POS Closing Failed,POSクロージングは失敗しました,
POS Closing failed while running in a background process. You can resolve the {0} and retry the process again.,POSクロージングは、バックグラウンドプロセスで実行中に失敗しました。 {0}を解決し、プロセスを再度再試行できます。,
POS Customer Group,POSカスタマーグループ,
POS Field,POSフィールド,
POS Invoice,請求書,
POS Invoice Item,請求書アイテム,
POS Invoice Merge Log,POS Invoice Merge Log,
POS Invoice Reference,POS請求書リファレンス,
POS Invoice is already consolidated,POS Invoiceはすでに統合されています,
POS Invoice is not submitted,POS Invoiceは提出されていません,
POS Invoice isn't created by user {},po請求書はユーザー{}によって作成されません,
POS Invoice should have the field {0} checked.,PO請求書には、フィールド{0}がチェックされている必要があります。,
POS Invoices,請求書,
POS Invoices can't be added when Sales Invoice is enabled,販売請求書が有効になっている場合、POS請求書は追加できません,
POS Invoices will be consolidated in a background process,POS請求書は、バックグラウンドプロセスで統合されます,
POS Invoices will be unconsolidated in a background process,POS請求書は、バックグラウンドプロセスでは解決されません,
POS Item Group,POSアイテムグループ,
POS Opening Entry,POSオープニングエントリ,
POS Opening Entry - {0} is outdated. Please close the POS and create a new POS Opening Entry.,POSオープニングエントリ -  {0}は時代遅れです。 POSを閉じて、新しいPOSオープニングエントリを作成してください。,
POS Opening Entry Cancellation Error,POSオープニングエントリキャンセルエラー,
POS Opening Entry Cancelled,POSオープニングエントリはキャンセルされました,
POS Opening Entry Detail,POSオープニングエントリの詳細,
POS Opening Entry Exists,POSオープニングエントリが存在します,
POS Opening Entry Missing,POSオープニングエントリがありません,
POS Opening Entry cannot be cancelled as unconsolidated Invoices exists.,POSオープニングエントリは、修正されていない請求書が存在するためキャンセルできません。,
POS Opening Entry has been cancelled. Please refresh the page.,POSオープニングエントリはキャンセルされました。ページを更新してください。,
POS Payment Method,POS支払い方法,
POS Profile,POSプロファイル,
POS Profile - {0} has multiple open POS Opening Entries. Please close or cancel the existing entries before proceeding.,POSプロファイル -  {0}には、複数のオープンPOSオープニングエントリがあります。先に進む前に、既存のエントリを閉鎖またはキャンセルしてください。,
POS Profile - {0} is currently open. Please close the POS or cancel the existing POS Opening Entry before cancelling this POS Closing Entry.,POSプロファイル -  {0}は現在開いています。このPOSクロージングエントリをキャンセルする前に、POSを閉じるか、既存のPOSオープニングエントリをキャンセルしてください。,
POS Profile User,POSプロファイルユーザー,
POS Profile doesn't match {},POSプロファイルは{}一致しません,
POS Profile is mandatory to mark this invoice as POS Transaction.,この請求書をPOSトランザクションとしてマークするには、POSプロファイルが必須です。,
POS Profile required to make POS Entry,POSプロファイルは、POSエントリを作成するために必要です,
POS Profile {} contains Mode of Payment {}. Please remove them to disable this mode.,POSプロファイル{}には、支払いモード{}が含まれます。このモードを無効にするためにそれらを削除してください。,
POS Profile {} does not belongs to company {},POSプロファイル{}は会社{}に属していません,
POS Register,POSレジスタ,
POS Search Fields,POS検索フィールド,
POS Setting,POS設定,
POS Settings,POS設定,
POS Transactions,POSトランザクション,
POS has been closed at {0}. Please refresh the page.,POは{0}で閉鎖されています。ページを更新してください。,
POS invoice {0} created successfully,POS Invoice {0}は正常に作成されました,
PSOA Cost Center,PSOAコストセンター,
PSOA Project,PSOAプロジェクト,
PZN,PZN,
Package No(s) already in use. Try from Package No {0},すでに使用されているパッケージ番号。パッケージno {0}から試してみてください,
Package Weight Details,パッケージの重みの詳細,
Packaging Slip From Delivery Note,配達メモからのパッケージスリップ,
Packed Item,パックされたアイテム,
Packed Items,詰め込まれたアイテム,
Packed Items cannot be transferred internally,梱包されたアイテムは内部的に転送することはできません,
Packed Qty,詰め込まれた数量,
Packing List,包装内容明細書,
Packing Slip,梱包スリップ,
Packing Slip Item,パッキングスリップアイテム,
Packing Slip(s) cancelled,梱包スリップがキャンセルされました,
Packing Unit,梱包ユニット,
Page Break,ページブレイク,
Page Break After Each SoA,各SOAの後のページブレイク,
Page {0} of {1},{1}のページ{0},
Paid,有料,
Paid Amount,有料金額,
Paid Amount (Company Currency),有料金額（会社の通貨）,
Paid Amount After Tax,税金後の支払額,
Paid Amount After Tax (Company Currency),税引後の支払額（会社通貨）,
Paid Amount cannot be greater than total negative outstanding amount {0},支払額は、総負の未払い額を超えることはできません{0},
Paid From Account Type,アカウントタイプから支払われます,
Paid To Account Type,アカウントタイプに支払われます,
Paid amount + Write Off Amount can not be greater than Grand Total,有給の金額 +償却額は総計よりも大きくなることはできません,
Pallets,パレット,
Parameter,パラメーター,
Parameter Group,パラメーターグループ,
Parameter Group Name,パラメーターグループ名,
Parameter Name,パラメーター名,
Parameters,パラメーター,
Parcel Template,小包テンプレート,
Parcel Template Name,小包テンプレート名,
Parcel weight cannot be 0,小包の重量は0になりません,
Parcels,区画,
Parent,親,
Parent Account,親アカウント,
Parent Account Missing,親アカウントがありません,
Parent Batch,親バッチ,
Parent Company,親会社,
Parent Company must be a group company,親会社はグループ会社でなければなりません,
Parent Cost Center,親費用センター,
Parent Customer Group,親の顧客グループ,
Parent Department,親部門,
Parent Detail docname,親の詳細docname,
Parent Document,親文書,
Parent Item,親アイテム,
Parent Item Group,親アイテムグループ,
Parent Item {0} must not be a Fixed Asset,親アイテム{0}は固定資産であってはなりません,
Parent Item {0} must not be a Stock Item,親アイテム{0}は在庫アイテムであってはなりません,
Parent Location,親の場所,
Parent Procedure,親の手順,
Parent Row No,親の列いいえ,
Parent Row No not found for {0},{0}には親の列が見つかりません,
Parent Sales Person,親の営業担当者,
Parent Supplier Group,親サプライヤーグループ,
Parent Task,親タスク,
Parent Task {0} is not a Template Task,親タスク{0}はテンプレートタスクではありません,
Parent Territory,親の領土,
Parent Warehouse,親倉庫,
Parsed file is not in valid MT940 format or contains no transactions.,解析されたファイルは有効なMT940形式ではないか、トランザクションが含まれていません。,
Parsing Error,解析エラー,
Partial Material Transferred,部分的な材料が転送されました,
Partial Payment in POS Transactions are not allowed.,POS取引の部分的な支払いは許可されていません。,
Partial Stock Reservation,部分的な在庫予約,
Partial Success,部分的な成功,
"Partial stock can be reserved. For example, If you have a Sales Order of 100 units and the Available Stock is 90 units then a Stock Reservation Entry will be created for 90 units. ",部分在庫は予約できます。たとえば、100ユニットの販売注文があり、利用可能な在庫が90ユニットの場合、90ユニットの在庫予約エントリが作成されます。,
Partially Completed,部分的に完了しました,
Partially Delivered,部分的に配信されます,
Partially Depreciated,部分的に減価した,
Partially Fulfilled,部分的に満たされています,
Partially Ordered,部分的に注文,
Partially Paid,部分的に支払われます,
Partially Received,部分的に受け取った,
Partially Reconciled,部分的に調整されます,
Partially Reserved,部分的に予約されています,
Partially ordered,部分的に注文,
Particulars,詳細,
Partly Billed,部分的に請求されます,
Partly Delivered,部分的に配信されます,
Partly Paid,部分的に支払われます,
Partly Paid and Discounted,部分的に支払われ、割引,
Partner Type,パートナータイプ,
Partner website,パートナーのウェブサイト,
Partnership,パートナーシップ,
Party,パーティー,
Party Account,パーティーアカウント,
Party Account Currency,パーティーアカウント通貨,
Party Account No. (Bank Statement),パーティーアカウント番号（銀行声明）,
Party Account {0} currency ({1}) and document currency ({2}) should be same,パーティーアカウント{0}通貨（{1}）および文書通貨（{2}）は同じでなければなりません,
Party Bank Account,党銀行口座,
Party Details,パーティーの詳細,
Party Full Name,パーティーのフルネーム,
Party IBAN (Bank Statement),パーティーイバン（銀行声明）,
Party Information,パーティー情報,
Party Item Code,パーティーアイテムコード,
Party Link,パーティーリンク,
Party Name,パーティー名,
Party Name/Account Holder (Bank Statement),パーティー名/アカウント所有者（銀行声明）,
Party Specific Item,パーティー固有のアイテム,
Party Type,パーティータイプ,
Party Type and Party can only be set for Receivable / Payable account<br><br>{0},パーティーの種類とパーティーは、受取 /支払可能なアカウントにのみ設定できます<br> <br> {0},
Party Type and Party is mandatory for {0} account,パーティータイプとパーティーは、{0}アカウントに必須です,
Party Type and Party is required for Receivable / Payable account {0},パーティーの種類とパーティーは、売掛金 /支払勘定に必要です{0},
Party Type is mandatory,パーティータイプは必須です,
Party User,パーティーユーザー,
Party can only be one of {0},パーティーは{0}の1つにすぎません,
Party is mandatory,パーティーは必須です,
Passed,合格した,
Passport Details,パスポートの詳細,
Passport Number,パスポート番号,
Past Due Date,過去の期日,
Past Events,過去のイベント,
Path,パス,
Pause,一時停止,
Pause Job,ジョブを一時停止します,
Pause SLA On Status,ステータスでSLAを一時停止します,
Paused,一時停止,
Pay,支払う,
Pay To / Recd From,から / recdから支払います,
Payable,支払可能,
Payable Account,ペイ可能アカウント,
Payables,買掛金,
Payer Settings,支払人の設定,
Payment,支払い,
Payment Account,支払い口座,
Payment Amount,支払い額,
Payment Amount (Company Currency),支払い額（会社の通貨）,
Payment Channel,支払いチャネル,
Payment Deductions or Loss,支払い控除または損失,
Payment Document,支払い文書,
Payment Document Type,支払いドキュメントタイプ,
Payment Due Date,支払い期日,
Payment Entries,支払いエントリ,
Payment Entries {0} are un-linked,支払いエントリ{0}はリンクされていません,
Payment Entry,支払いエントリ,
Payment Entry Deduction,支払いエントリ控除,
Payment Entry Reference,支払いエントリリファレンス,
Payment Entry already exists,支払いエントリはすでに存在します,
Payment Entry has been modified after you pulled it. Please pull it again.,支払いエントリは、あなたがそれを引いた後に変更されました。もう一度引っ張ってください。,
Payment Entry is already created,支払いエントリはすでに作成されています,
"Payment Entry {0} is linked against Order {1}, check if it should be pulled as advance in this invoice.",支払いエントリ{0}は、Order {1}に対してリンクされ、この請求書の前払いとして引く必要があるかどうかを確認します。,
Payment Failed,支払いは失敗しました,
Payment From / To,から /への支払い,
Payment Gateway,支払いゲートウェイ,
Payment Gateway Account,支払いゲートウェイアカウント,
"Payment Gateway Account not created, please create one manually.",作成されていない支払いゲートウェイアカウントは、手動で作成してください。,
Payment Gateway Details,支払いゲートウェイの詳細,
Payment Ledger,支払い台帳,
Payment Ledger Balance,支払い台帳の残高,
Payment Ledger Entry,支払い台帳のエントリ,
Payment Limit,支払い制限,
Payment Method,支払方法,
Payment Methods,支払い方法,
Payment Mode,支払いモード,
Payment Order,支払い注文,
Payment Order Reference,支払い注文参照,
Payment Order Status,支払い注文ステータス,
Payment Order Type,支払い注文タイプ,
Payment Ordered,注文された支払い,
Payment Period Based On Invoice Date,請求書の日付に基づく支払い期間,
Payment Plan,支払い計画,
Payment Receipt Note,支払い領収書,
Payment Received,受け取った支払い,
Payment Reconciliation,支払い調整,
Payment Reconciliation Allocation,支払い調整割り当て,
Payment Reconciliation Invoice,支払い調整請求書,
Payment Reconciliation Job: {0} is running for this party. Can't reconcile now.,支払い和解ジョブ：{0}はこのパーティーのために実行されています。今は和解できません。,
Payment Reconciliation Payment,支払い調整支払い,
Payment Reconciliation Settings,支払い調整設定,
Payment Reference,支払いリファレンス,
Payment References,支払い参照,
Payment Request,支払いリクエスト,
Payment Request Outstanding,支払いリクエストは未払いです,
Payment Request Type,支払いリクエストタイプ,
Payment Request created from Sales Order or Purchase Order will be in Draft status. When disabled document will be in unsaved state.,販売注文または発注書から作成された支払いリクエストは、ドラフトステータスになります。無効なドキュメントが救済されていない状態になる場合。,
Payment Request for {0},{0}の支払い要求,
Payment Request is already created,支払いリクエストはすでに作成されています,
Payment Request took too long to respond. Please try requesting for payment again.,支払いリクエストは応答するのに時間がかかりすぎました。もう一度支払いをリクエストしてみてください。,
Payment Requests cannot be created against: {0},支払い要求は以下に対して作成できません：{0},
Payment Schedule,支払いスケジュール,
Payment Status,支払いステータス,
Payment Term,支払い期間,
Payment Term Name,支払い期間名,
Payment Term Outstanding,支払い期間は未払い,
Payment Terms,支払い条件,
Payment Terms Status for Sales Order,販売注文の支払い条件ステータス,
Payment Terms Template,支払い条件テンプレート,
Payment Terms Template Detail,支払い条件テンプレートの詳細,
Payment Terms from orders will be fetched into the invoices as is,注文からの支払い条件は、そのまま請求書に取得されます,
Payment Terms:,支払い条件：,
Payment Type,支払いタイプ,
"Payment Type must be one of Receive, Pay and Internal Transfer",支払いタイプは、受信、支払い、内部転送の1つでなければなりません,
Payment URL,支払いURL,
Payment Unlink Error,支払いの解除エラーを解除します,
Payment against {0} {1} cannot be greater than Outstanding Amount {2},{0} {1}に対する支払いは、未払いの金額{2}よりも大きくすることはできません,
Payment amount cannot be less than or equal to 0,支払い額は0以下にすることはできません,
Payment methods are mandatory. Please add at least one payment method.,支払い方法は必須です。少なくとも1つの支払い方法を追加してください。,
Payment of {0} received successfully.,{0}の支払いは正常に受信されました。,
Payment of {0} received successfully. Waiting for other requests to complete...,{0}の支払いは正常に受信されました。他のリクエストが完了するのを待っています...,
Payment related to {0} is not completed,{0}に関連する支払いは完了していません,
Payment request failed,支払いリクエストは失敗しました,
Payment term {0} not used in {1},支払い期間{0} {1}で使用されていません,
Payments,支払い,
Payments could not be updated.,支払いは更新できませんでした。,
Payments updated.,支払いが更新されました。,
Payroll Cost Center,給与コストセンター,
Payroll Entry,給与エントリ,
Payroll Payable,支払い可能,
Payslip,削減,
Pegged Against,反対した,
Pegged Currencies,ペグ通貨,
Pegged Currency Details,ペグされた通貨の詳細,
Pending,保留中,
Pending Activities,保留中のアクティビティ,
Pending Amount,保留中の金額,
Pending Qty,保留中の数量,
Pending Quantity,保留中の数量,
Pending Review,保留中のレビュー,
Pending SO Items For Purchase Request,購入リクエストのためのアイテムが保留中,
Pending Work Order,保留中の作業注文,
Pending activities for today,今日の保留中の活動,
Pending processing,保留中の処理,
Per Month,月あたり,
Per Received,受信者ごと,
Per Transferred,転送ごと,
Per Week,週に,
Per Year,年間,
Percentage,パーセンテージ,
Percentage (%),パーセンテージ（％）,
Percentage Allocation,割り当ての割合,
Percentage Allocation should be equal to 100%,割合配分は100％に等しくなければなりません,
Percentage you are allowed to order beyond the Blanket Order quantity.,毛布注文数量を超えて注文することが許可されている割合。,
Percentage you are allowed to sell beyond the Blanket Order quantity.,毛布注文数量を超えて販売することが許可されている割合。,
Percentage you are allowed to transfer more against the quantity ordered. For example: If you have ordered 100 units. and your Allowance is 10% then you are allowed to transfer 110 units.,順序付けられた数量に対してより多く転送することが許可されている割合。例：100ユニットを注文した場合。そして、あなたの手当は10％です。その場合、110ユニットを転送できます。,
Perception Analysis,知覚分析,
Period,期間,
Period Based On,に基づく期間,
Period Closed,期間が閉じた,
Period Closing Entry For Current Period,現在の期間の期間閉鎖エントリ,
Period Closing Settings,期間の終了設定,
Period Closing Voucher,期間閉鎖バウチャー,
Period Details,期間の詳細,
Period End Date,期間の終了日,
Period End Date cannot be greater than Fiscal Year End Date,期間の終了日は会計年度の終了日より大きくなることはできません,
Period Name,期間名,
Period Score,期間スコア,
Period Settings,期間設定,
Period Start Date,期間開始日,
Period Start Date cannot be greater than Period End Date,期間開始日は期間終了日より大きくすることはできません,
Period Start Date must be {0},期間開始日は{0}でなければなりません,
Period To Date,これまでの期間,
Period based On,に基づく期間,
Period_from_date,期間_from_date,
Periodic Accounting,定期的な会計,
Periodic Accounting Entry,定期的な会計エントリ,
Periodic Accounting Entry is not allowed for company {0} with perpetual inventory enabled,定期的な会計エントリは、永続的な在庫を有効にする会社{0}には許可されていません,
Periodic Entry Difference Account,定期的なエントリの違いアカウント,
Periodicity,周期性,
Permanent Address,本籍地,
Permanent Address Is,永久住所はです,
Perpetual inventory required for the company {0} to view this report.,会社がこのレポートを表示するために必要な永久在庫。,
Personal Details,個人的な詳細,
Personal Email,個人的なメール,
Petrol,ガソリン,
Pharmaceutical,医薬品,
Phone,電話,
Phone Ext.,電話ext。,
Phone No,電話番号,
Phone Number,電話番号,
Pick List,選択リストを選択します,
Pick List Incomplete,リストの不完全を選択します,
Pick List Item,リスト項目を選択します,
Pick Manually,手動で選んでください,
Pick Serial / Batch,シリアル /バッチを選択します,
Pick Serial / Batch Based On,に基づいてシリアル /バッチを選択します,
Pick Serial / Batch No,シリアル /バッチ番号を選択します,
Picked Qty,数量を選んだ,
Picked Qty (in Stock UOM),選んだ数量（在庫uom）,
Pickup,選び出す,
Pickup Contact Person,ピックアップの連絡先,
Pickup Date,ピックアップ日,
Pickup Date cannot be before this day,ピックアップの日付は、この日までにはできません,
Pickup From,からのピックアップ,
Pickup To time should be greater than Pickup From time,時間のピックアップは時間からピックアップより大きくなければなりません,
Pickup Type,ピックアップタイプ,
Pickup from,からのピックアップ,
Pickup to,ピックアップ,
Pipeline By,パイプライン,
Place of Issue,発行場所,
Plaid Access Token,チェック柄のアクセストークン,
Plaid Client ID,格子縞のクライアントID,
Plaid Environment,格子縞の環境,
Plaid Link Failed,格子縞のリンクが失敗しました,
Plaid Link Refresh Required,格子縞のリンクリフレッシュが必要です,
Plaid Link Updated,Plaidリンクが更新されました,
Plaid Secret,格子縞の秘密,
Plaid Settings,格子縞の設定,
Plaid transactions sync error,格子縞のトランザクション同期エラー,
Plan,プラン,
Plan Name,計画名,
Plan material for sub-assemblies,サブアセンブリのための素材を計画します,
Plan operations X days in advance,計画x数日前,
Plan time logs outside Workstation working hours,ワークステーションの勤務時間外の時間ログを計画します,
Planned,計画,
Planned End Date,計画された終了日,
Planned End Time,計画された終了時間,
Planned Operating Cost,計画された運用コスト,
Planned Qty,計画された数量,
"Planned Qty: Quantity, for which, Work Order has been raised, but is pending to be manufactured.",計画された数量：数量、そのため、作業順序が提起されましたが、製造されるまで保留されています。,
Planned Quantity,計画数,
Planned Start Date,計画された開始日,
Planned Start Time,計画された開始時間,
Planning,計画,
Plans,予定,
Plant Dashboard,プラントダッシュボード,
Plant Floor,植物の床,
Plants and Machineries,植物と機械,
"Please Restock Items and Update the Pick List to continue. To discontinue, cancel the Pick List.",アイテムを補充し、ピックリストを更新して続行してください。中止するには、ピックリストをキャンセルします。,
Please Select a Company,会社を選択してください,
Please Select a Company.,会社を選択してください。,
Please Select a Customer,顧客を選択してください,
Please Select a Supplier,サプライヤーを選択してください,
Please Set Priority,優先順位を設定してください,
Please Set Supplier Group in Buying Settings.,購入設定でサプライヤーグループを設定してください。,
Please Specify Account,アカウントを指定してください,
Please add 'Supplier' role to user {0}.,「サプライヤー」の役割をユーザー{0}に追加してください。,
Please add Mode of payments and opening balance details.,支払いモードとオープニングバランスの詳細を追加してください。,
Please add Request for Quotation to the sidebar in Portal Settings.,ポータル設定のサイドバーに引用のリクエストを追加してください。,
Please add Root Account for - {0},ルートアカウントを追加してください -  {0},
Please add a Temporary Opening account in Chart of Accounts,アカウントのチャートに一時的なオープニングアカウントを追加してください,
Please add atleast one Serial No / Batch No,少なくとも1つのシリアル番号 /バッチ番号を追加してください,
Please add the Bank Account column,銀行口座の列を追加してください,
Please add the account to root level Company - {0},アカウントをルートレベルの会社に追加してください -  {0},
Please add the account to root level Company - {},アカウントをルートレベルの会社に追加してください -  {},
Please add {1} role to user {0}.,{1}ロールをユーザー{0}に追加してください。,
Please adjust the qty or edit {0} to proceed.,続行するには、数量を調整するか、{0}編集してください。,
Please attach CSV file,CSVファイルを添付してください,
Please cancel and amend the Payment Entry,支払いエントリをキャンセルして修正してください,
Please cancel payment entry manually first,最初に手動で支払いエントリをキャンセルしてください,
Please cancel related transaction.,関連するトランザクションをキャンセルしてください。,
Please check Multi Currency option to allow accounts with other currency,他の通貨とのアカウントを許可するために、多通貨オプションを確認してください,
Please check Process Deferred Accounting {0} and submit manually after resolving errors.,プロセスの延期会計{0}を確認し、エラーを解決した後に手動で送信してください。,
Please check either with operations or FG Based Operating Cost.,運用またはFGベースの運用コストのいずれかを確認してください。,
Please check the error message and take necessary actions to fix the error and then restart the reposting again.,エラーメッセージを確認し、エラーを修正するために必要なアクションを実行してから、再投稿を再開してください。,
Please check your Plaid client ID and secret values,格子縞のクライアントIDと秘密の値を確認してください,
Please check your email to confirm the appointment,予約を確認するには、メールを確認してください,
Please click on 'Generate Schedule',「スケジュールの生成」をクリックしてください,
Please click on 'Generate Schedule' to fetch Serial No added for Item {0},[スケジュールを生成]をクリックして、アイテム{0}に追加されていないシリアルなしを取得してください,
Please click on 'Generate Schedule' to get schedule,スケジュールを取得するには、「スケジュールを生成する」をクリックしてください,
Please contact any of the following users to extend the credit limits for {0}: {1},次のユーザーのいずれかに連絡して、{0}のクレジット制限を延長してください：{1},
Please contact any of the following users to {} this transaction.,次のユーザーのいずれかに連絡して、このトランザクションを{}にしてください。,
Please contact your administrator to extend the credit limits for {0}.,{0}のクレジット制限を延長するには、管理者に連絡してください。,
Please convert the parent account in corresponding child company to a group account.,対応する児童会社の親アカウントをグループアカウントに変換してください。,
Please create Customer from Lead {0}.,LEAD {0}から顧客を作成してください。,
Please create Landed Cost Vouchers against Invoices that have 'Update Stock' enabled.,「アップデートストック」が有効になっている請求書に対して、土地のコストバウチャーを作成してください。,
Please create a new Accounting Dimension if required.,必要に応じて、新しい会計次元を作成してください。,
Please create purchase from internal sale or delivery document itself,内部販売または配送文書自体から購入を作成してください,
Please create purchase receipt or purchase invoice for the item {0},アイテムの購入領収書または購入請求書を作成してください{0},
"Please delete Product Bundle {0}, before merging {1} into {2}",{1}を{2}にマージする前に、製品バンドルを削除してください{0},
Please disable workflow temporarily for Journal Entry {0},ジャーナルエントリ{0}については、ワークフローを一時的に無効にしてください,
Please do not book expense of multiple assets against one single Asset.,単一の資産に対して複数の資産の費用を予約しないでください。,
Please do not create more than 500 items at a time,一度に500個以上のアイテムを作成しないでください,
Please enable Applicable on Booking Actual Expenses,実際の費用の予約に適用できるようにしてください,
Please enable Applicable on Purchase Order and Applicable on Booking Actual Expenses,発注書に適用できるようにして、実際の費用の予約に適用できるようにしてください,
Please enable Use Old Serial / Batch Fields to make_bundle,古いシリアル /バッチフィールドを使用してmake_bundleを有効にしてください,
Please enable only if the understand the effects of enabling this.,これを有効にすることの効果を理解している場合にのみ有効にしてください。,
Please enable pop-ups,ポップアップを有効にしてください,
Please enable {0} in the {1}.,{1}で{0}を有効にしてください。,
Please enable {} in {} to allow same item in multiple rows,{} in {}を有効にして、複数行で同じアイテムを許可してください,
Please ensure that the {0} account is a Balance Sheet account. You can change the parent account to a Balance Sheet account or select a different account.,{0}アカウントが貸借対照表アカウントであることを確認してください。親アカウントを貸借対照表アカウントに変更するか、別のアカウントを選択できます。,
Please ensure that the {0} account {1} is a Payable account. You can change the account type to Payable or select a different account.,{0}アカウント{1}が支払可能なアカウントであることを確認してください。アカウントタイプを変更して、別のアカウントを選択するか、選択できます。,
Please ensure {} account is a Balance Sheet account.,{}アカウントが貸借対照表アカウントであることを確認してください。,
Please ensure {} account {} is a Receivable account.,{}アカウント{}が売掛金アカウントであることを確認してください。,
Please enter <b>Difference Account</b> or set default <b>Stock Adjustment Account</b> for company {0},<b>差のアカウントを入力するか、</b>を設定するか、会社{0}のデフォルト<b>株式調整アカウント</b>を設定してください,
Please enter Account for Change Amount,変更額についてはアカウントを入力してください,
Please enter Approving Role or Approving User,承認の役割を入力するか、ユーザーを承認してください,
Please enter Cost Center,コストセンターに入ってください,
Please enter Delivery Date,配達日を入力してください,
Please enter Employee Id of this sales person,この営業担当者の従業員IDを入力してください,
Please enter Expense Account,経費勘定を入力してください,
Please enter Item Code to get Batch Number,バッチ番号を取得するには、アイテムコードを入力してください,
Please enter Item Code to get batch no,バッチ番号を取得するには、アイテムコードを入力してください,
Please enter Item first,最初にアイテムを入力してください,
Please enter Maintenance Details first,最初にメンテナンスの詳細を入力してください,
Please enter Planned Qty for Item {0} at row {1},row {1}にアイテム{0}に計画された数量を入力してください,
Please enter Preferred Contact Email,優先連絡先のメールを入力してください,
Please enter Production Item first,最初に生産アイテムを入力してください,
Please enter Purchase Receipt first,最初に購入領収書を入力してください,
Please enter Receipt Document,領収書を入力してください,
Please enter Reference date,参照日を入力してください,
Please enter Root Type for account- {0},アカウントのルートタイプを入力してください -  {0},
Please enter Serial Nos,シリアルNOSを入力してください,
Please enter Shipment Parcel information,出荷小包情報を入力してください,
Please enter Warehouse and Date,倉庫と日付を入力してください,
Please enter Write Off Account,書き込みアカウントを入力してください,
Please enter company first,最初に会社に入ってください,
Please enter company name first,最初に会社名を入力してください,
Please enter default currency in Company Master,会社マスターにデフォルト通貨を入力してください,
Please enter message before sending,送信する前にメッセージを入力してください,
Please enter mobile number first.,最初に携帯番号を入力してください。,
Please enter parent cost center,親費用センターを入力してください,
Please enter quantity for item {0},アイテムの数量を入力してください{0},
Please enter relieving date.,緩和日を入力してください。,
Please enter serial nos,シリアルNOSを入力してください,
Please enter the company name to confirm,確認するには会社名を入力してください,
Please enter the phone number first,最初に電話番号を入力してください,
Please enter the {schedule_date}.,{schedule_date}を入力してください。,
Please enter valid Financial Year Start and End Dates,有効な会計年度の開始日と終了日を入力してください,
Please enter {0},{0}を入力してください,
Please enter {0} first,最初に{0}を入力してください,
Please fill the Material Requests table,マテリアルリクエストテーブルに記入してください,
Please fill the Sales Orders table,販売注文テーブルに記入してください,
"Please first set Last Name, Email and Phone for the user",最初にユーザーの姓、電子メール、電話を設定してください,
Please fix overlapping time slots for {0},{0}の重複する時間スロットを修正してください,
Please fix overlapping time slots for {0}.,{0}の重複する時間スロットを修正してください。,
Please import accounts against parent company or enable {} in company master.,親会社に対してアカウントをインポートするか、会社のマスターで{}を有効にしてください。,
Please make sure the employees above report to another Active employee.,上記の従業員が別のアクティブな従業員に報告していることを確認してください。,
Please make sure the file you are using has 'Parent Account' column present in the header.,使用しているファイルがヘッダーに「親アカウント」列が存在することを確認してください。,
Please make sure you really want to delete all the transactions for this company. Your master data will remain as it is. This action cannot be undone.,この会社のすべてのトランザクションを本当に削除したいことを確認してください。マスターデータはそのまま残ります。このアクションを元に戻すことはできません。,
Please mention 'Weight UOM' along with Weight.,重量とともに「重量uom」に言及してください。,
Please mention '{0}' in Company: {1},会社で「{0}」に言及してください：{1},
Please mention no of visits required,訪問は必要ないことに言及してください,
Please mention the Current and New BOM for replacement.,交換のための現在および新しいBOMに言及してください。,
Please pull items from Delivery Note,配達メモからアイテムを引き出してください,
Please rectify and try again.,修正して再試行してください。,
Please refresh or reset the Plaid linking of the Bank {}.,銀行の格子縞のリンクを更新またはリセットしてください{}。,
Please save before proceeding.,先に進む前に保存してください。,
Please save first,最初に保存してください,
Please select <b>Template Type</b> to download template,テンプレートをダウンロードするには、<b>テンプレートタイプ</b>を選択してください,
Please select Apply Discount On,Applyの割引を選択してください,
Please select BOM against item {0},アイテムに対してBOMを選択してください{0},
Please select BOM for Item in Row {0},行のアイテムのbomを選択してください{0},
Please select BOM in BOM field for Item {item_code}.,アイテム{item_code}のBOMフィールドでBOMフィールドを選択してください。,
Please select Bank Account,銀行口座を選択してください,
Please select Category first,最初にカテゴリを選択してください,
Please select Charge Type first,最初に充電タイプを選択してください,
Please select Company,会社を選択してください,
Please select Company and Posting Date to getting entries,エントリを取得するために会社と投稿日を選択してください,
Please select Company first,最初に会社を選択してください,
Please select Completion Date for Completed Asset Maintenance Log,完了した資産メンテナンスログの完了日を選択してください,
Please select Customer first,最初に顧客を選択してください,
Please select Existing Company for creating Chart of Accounts,アカウントのチャートを作成するには、既存の会社を選択してください,
Please select Finished Good Item for Service Item {0},サービスアイテムの完成した良いアイテム{0}を選択してください,
Please select Item Code first,最初にアイテムコードを選択してください,
Please select Maintenance Status as Completed or remove Completion Date,完了時にメンテナンスステータスを選択するか、完了日を削除してください,
Please select Party Type first,最初にパーティータイプを選択してください,
Please select Periodic Accounting Entry Difference Account,定期的な会計エントリの差分アカウントを選択してください,
Please select Posting Date before selecting Party,パーティーを選択する前に、投稿日を選択してください,
Please select Posting Date first,最初に投稿日を選択してください,
Please select Price List,価格表を選択してください,
Please select Qty against item {0},アイテム{0}に対してQtyを選択してください,
Please select Sample Retention Warehouse in Stock Settings first,最初に在庫設定のサンプル保持倉庫を選択してください,
Please select Serial/Batch Nos to reserve or change Reservation Based On to Qty.,数量に基づいて予約を予約または変更するには、シリアル/バッチNOSを選択してください。,
Please select Start Date and End Date for Item {0},項目{0}の開始日と終了日を選択してください,
Please select Stock Asset Account,株式資産口座を選択してください,
Please select Subcontracting Order instead of Purchase Order {0},発注書の代わりに下請け注文を選択してください{0},
Please select Unrealized Profit / Loss account or add default Unrealized Profit / Loss account account for company {0},未実現の利益 /損失アカウントを選択するか、会社のデフォルトの未実現の損益勘定アカウントを追加してください{0},
Please select a BOM,BOMを選択してください,
Please select a Company,会社を選択してください,
Please select a Company first.,最初に会社を選択してください。,
Please select a Customer,顧客を選択してください,
Please select a Delivery Note,配達メモを選択してください,
Please select a Subcontracting Purchase Order.,下請け注文を選択してください。,
Please select a Supplier,サプライヤーを選択してください,
Please select a Warehouse,倉庫を選択してください,
Please select a Work Order first.,最初に作業注文を選択してください。,
Please select a country,国を選択してください,
Please select a customer for fetching payments.,支払いの取得については、顧客を選択してください。,
Please select a date,日付を選択してください,
Please select a date and time,日付と時刻を選択してください,
Please select a default mode of payment,デフォルトの支払いモードを選択してください,
Please select a field to edit from numpad,Numpadから編集するフィールドを選択してください,
Please select a row to create a Reposting Entry,再投稿エントリを作成するには、行を選択してください,
Please select a supplier for fetching payments.,支払いの取得については、サプライヤーを選択してください。,
Please select a valid Purchase Order that has Service Items.,サービスアイテムがある有効な発注書を選択してください。,
Please select a valid Purchase Order that is configured for Subcontracting.,下請けのために構成されている有効な発注書を選択してください。,
Please select a value for {0} quotation_to {1},{0} quotation_to {1}の値を選択してください,
Please select an item code before setting the warehouse.,倉庫を設定する前に、アイテムコードを選択してください。,
Please select atleast one item to continue,継続するために少なくとも1つのアイテムを選択してください,
Please select correct account,正しいアカウントを選択してください,
Please select date,日付を選択してください,
Please select either the Item or Warehouse or Warehouse Type filter to generate the report.,レポートを生成するために、アイテムまたは倉庫または倉庫タイプフィルターのいずれかを選択してください。,
Please select item code,アイテムコードを選択してください,
Please select items to reserve.,予約するアイテムを選択してください。,
Please select items to unreserve.,予約するアイテムを選択してください。,
Please select only one row to create a Reposting Entry,再投稿エントリを作成するには、1つの行のみを選択してください,
Please select rows to create Reposting Entries,再投稿エントリを作成するには、行を選択してください,
Please select the Company,会社を選択してください,
Please select the Multiple Tier Program type for more than one collection rules.,複数のコレクションルールに対して複数のティアプログラムタイプを選択してください。,
Please select the customer.,顧客を選択してください。,
Please select the document type first,最初にドキュメントタイプを選択してください,
Please select the required filters,必要なフィルターを選択してください,
Please select valid document type.,有効なドキュメントタイプを選択してください。,
Please select weekly off day,毎週休みを選択してください,
Please select {0},{0}を選択してください,
Please select {0} first,最初に{0}を選択してください,
Please set 'Apply Additional Discount On',「追加の割引を申請する」を設定してください,
Please set 'Asset Depreciation Cost Center' in Company {0},会社{0}に「資産減価償却費センター」を設定してください,
Please set 'Gain/Loss Account on Asset Disposal' in Company {0},会社{0}で「資産処分に獲得/損失アカウント」を設定してください,
Please set '{0}' in Company: {1},会社に「{0}」を設定してください：{1},
Please set Account,アカウントを設定してください,
Please set Account for Change Amount,変更量についてはアカウントを設定してください,
Please set Account in Warehouse {0} or Default Inventory Account in Company {1},Warehouse {0}でアカウントを設定するか、会社{1}でデフォルトのインベントリアカウントを設定してください,
Please set Accounting Dimension {} in {},{}に会計次元{}を設定してください,
Please set Company,会社を設定してください,
Please set Depreciation related Accounts in Asset Category {0} or Company {1},資産カテゴリ{0}または会社{1}に減価償却関連アカウントを設定してください,
Please set Email/Phone for the contact,連絡先に電子メール/電話を設定してください,
Please set Fiscal Code for the customer '%s',顧客の「％s」の財政コードを設定してください,
Please set Fiscal Code for the public administration '%s',行政「％s」の財政コードを設定してください,
Please set Fixed Asset Account in Asset Category {0},資産カテゴリ{0}に固定資産口座を設定してください,
Please set Fixed Asset Account in {} against {}.,{}に対して固定資産口座を{}に対して設定してください。,
Please set Parent Row No for item {0},アイテム{0}の親行番号を設定してください,
Please set Root Type,ルートタイプを設定してください,
Please set Tax ID for the customer '%s',顧客の「％s」に納税IDを設定してください,
Please set Unrealized Exchange Gain/Loss Account in Company {0},会社に未実現の交換獲得/損失アカウントを設定してください{0},
Please set VAT Accounts in {0},{0}にVATアカウントを設定してください,
"Please set Vat Accounts for Company: ""{0}"" in UAE VAT Settings",VATアカウントを会社に設定してください：「{0}」VAT設定,
Please set a Company,会社を設定してください,
Please set a Cost Center for the Asset or set an Asset Depreciation Cost Center for the Company {},資産のコストセンターを設定するか、会社の資産減価償却コストセンターを設定してください{},
Please set a Supplier against the Items to be considered in the Purchase Order.,注文書で考慮されるアイテムに対してサプライヤーを設定してください。,
Please set a default Holiday List for Company {0},会社のデフォルトのホリデーリストを設定してください{0},
Please set a default Holiday List for Employee {0} or Company {1},従業員{0}または会社{1}のデフォルトのホリデーリストを設定してください,
Please set account in Warehouse {0},倉庫にアカウントを設定してください{0},
Please set an Address on the Company '%s',会社の「％s」に住所を設定してください,
Please set an Expense Account in the Items table,アイテムテーブルに経費勘定を設定してください,
Please set an email id for the Lead {0},LEAD {0}に電子メールIDを設定してください,
Please set at least one row in the Taxes and Charges Table,税金と料金のテーブルに少なくとも1つの行を設定してください,
Please set both the Tax ID and Fiscal Code on Company {0},税IDと財政コードの両方を会社に設定してください{0},
Please set default Cash or Bank account in Mode of Payment {0},支払いモードにデフォルトの現金または銀行口座を設定してください{0},
Please set default Cash or Bank account in Mode of Payment {},支払いモードにデフォルトの現金または銀行口座を設定してください{},
Please set default Cash or Bank account in Mode of Payments {},支払いモードにデフォルトの現金または銀行口座を設定してください{},
Please set default Exchange Gain/Loss Account in Company {},会社{}でデフォルトの交換ゲイン/損失アカウントを設定してください,
Please set default Expense Account in Company {0},会社{0}でデフォルトの経費勘定を設定してください,
Please set default UOM in Stock Settings,在庫設定でデフォルトのUOMを設定してください,
Please set default cost of goods sold account in company {0} for booking rounding gain and loss during stock transfer,株式移転中に丸めのゲインと損失を予約するために、会社の販売アカウントのデフォルトコストを会社{0}に設定してください,
Please set default {0} in Company {1},会社{1}でデフォルト{0}を設定してください,
Please set filter based on Item or Warehouse,アイテムまたは倉庫に基づいてフィルターを設定してください,
Please set filters,フィルターを設定してください,
Please set one of the following:,次のいずれかを設定してください。,
Please set opening number of booked depreciations,予約された減価償却のオープニング数を設定してください,
Please set recurring after saving,保存後に繰り返し設定してください,
Please set the Customer Address,顧客アドレスを設定してください,
Please set the Default Cost Center in {0} company.,{0}会社にデフォルトのコストセンターを設定してください。,
Please set the Item Code first,最初にアイテムコードを設定してください,
Please set the Target Warehouse in the Job Card,ターゲットウェアハウスをジョブカードに設定してください,
Please set the WIP Warehouse in the Job Card,ジョブカードにWIPウェアハウスを設定してください,
Please set the cost center field in {0} or setup a default Cost Center for the Company.,コストセンターフィールドを{0}に設定するか、会社のデフォルトコストセンターを設定してください。,
Please set up the Campaign Schedule in the Campaign {0},キャンペーンでキャンペーンスケジュールを設定してください{0},
Please set {0},{0}を設定してください,
Please set {0} first.,最初に{0}を設定してください。,
"Please set {0} for Batched Item {1}, which is used to set {2} on Submit.",Batched Item {1}の{0}を設定してください。これは、送信時に{2}を設定するために使用されます。,
Please set {0} for address {1},アドレス{1}に{0}を設定してください,
Please set {0} in BOM Creator {1},BOM CREATOR {1}に{0}を設定してください,
Please set {0} in Company {1} to account for Exchange Gain / Loss,交換利益 /損失を考慮するために、会社{1}に{0}を設定してください,
"Please set {0} to {1}, the same account that was used in the original invoice {2}.",{0}を{1}に設定してください。これは、元の請求書{2}で使用されたのと同じアカウントです。,
Please setup and enable a group account with the Account Type - {0} for the company {1},会社{1}のアカウントタイプでグループアカウントを設定して有効にしてください -  {0},
Please share this email with your support team so that they can find and fix the issue.,このメールをサポートチームと共有して、問題を見つけて修正できるようにしてください。,
Please specify,指定してください,
Please specify Company,会社を指定してください,
Please specify Company to proceed,続行するには会社を指定してください,
Please specify a valid Row ID for row {0} in table {1},テーブル{1}に行{0}の有効な行IDを指定してください,
Please specify a {0} first.,最初に{0}を指定してください。,
Please specify at least one attribute in the Attributes table,属性テーブルに少なくとも1つの属性を指定してください,
Please specify either Quantity or Valuation Rate or both,数量または評価率、またはその両方を指定してください,
Please specify from/to range,範囲から、範囲から指定してください,
Please supply the specified items at the best possible rates,指定されたアイテムを可能な限り最高の料金で供給してください,
Please try again in an hour.,1時間後にもう一度やり直してください。,
Please update Repair Status.,修理ステータスを更新してください。,
Point of Sale,販売ポイント,
Policy No,ポリシー番号,
Policy number,ポリシー番号,
Portal User,ポータルユーザー,
Portal Users,ポータルユーザー,
Portrait,肖像画,
Possible Supplier,可能なサプライヤー,
Post Description Key,投稿の説明キー,
Post Graduate,卒業生,
Post Route Key,ポストルートキー,
Post Route Key List,ポストルートキーリスト,
Post Route String,ポストルート文字列,
Post Title Key,投稿タイトルキー,
Postal Code,郵便番号,
Postal Expenses,郵便費用,
Posting Date,投稿日,
Posting Date Inheritance for Exchange Gain / Loss,Exchange Gain / Lossの投稿日継承,
Posting Date cannot be future date,投稿日は将来の日付になることはできません,
Posting Date will change to today's date as Edit Posting Date and Time is unchecked. Are you sure want to proceed?,投稿日の編集日と時刻がチェックされていないため、投稿日は今日の日付に変更されます。確かに進みたいですか？,
Posting Datetime,DateTimeの投稿,
Posting Time,投稿時間,
Posting date and posting time is mandatory,投稿日と投稿時間は必須です,
Posting timestamp must be after {0},タイムスタンプの投稿は{0}の後でなければなりません,
Potential Sales Deal,潜在的な販売取引,
Powered by {0},{0}を搭載,
Pre Sales,販売前,
Preference,好み,
Preferred Contact Email,推奨される連絡先電子メール,
Preferred Email,優先電子メール,
Prevdoc DocType,prevdoc doctype,
Prevent POs,POSを防ぎます,
Prevent Purchase Orders,発注書を防ぎます,
Prevent RFQs,RFQを防ぎます,
Preventive,予防,
Preventive Action,予防措置,
Preventive Maintenance,予防保守,
Preview,プレビュー,
Preview Email,プレビューメール,
Preview Required Materials,必要な材料をプレビューします,
Previous Financial Year is not closed,前会計年度は閉鎖されていません,
Previous Work Experience,以前の実務経験,
"Previous Year is not closed, please close it first",前年は閉鎖されていません。最初に閉じてください,
Price,価格,
Price ({0}),価格（{0}）,
Price Discount Scheme,価格割引スキーム,
Price Discount Slabs,価格割引スラブ,
Price List,価格表,
Price List Country,価格表の国,
Price List Currency,価格表通貨,
Price List Currency not selected,価格表は選択されていません,
Price List Defaults,価格表のデフォルト,
Price List Exchange Rate,価格表の為替レート,
Price List Name,価格リスト名,
Price List Rate,価格表,
Price List Rate (Company Currency),価格表（会社通貨）,
Price List must be applicable for Buying or Selling,価格表は、売買に適用する必要があります,
Price List {0} is disabled or does not exist,価格リスト{0}は無効になっているか、存在しません,
Price Not UOM Dependent,価格は依存していません,
Price Per Unit ({0}),ユニットあたりの価格（{0}）,
Price is not set for the item.,価格はアイテムに設定されていません。,
Price not found for item {0} in price list {1},価格{1}のアイテム{0}の価格が見つかりません{0},
Price or Product Discount,価格または製品割引,
Price or product discount slabs are required,価格または製品割引スラブが必要です,
Price per Unit (Stock UOM),ユニットあたりの価格（株式UOM）,
Pricing,価格設定,
Pricing Rule,価格ルール,
Pricing Rule Brand,価格ルールブランド,
Pricing Rule Detail,価格ルールの詳細,
Pricing Rule Help,価格ルールヘルプ,
Pricing Rule Item Code,価格ルール項目コード,
Pricing Rule Item Group,価格ルールアイテムグループ,
Pricing Rule {0} is updated,価格ルール{0}が更新されます,
Pricing Rules,価格設定ルール,
Primary Address,主なアドレス,
Primary Address Details,主なアドレスの詳細,
Primary Address and Contact,一次住所と連絡先,
Primary Contact,一次接触,
Primary Contact Details,主な連絡先の詳細,
Primary Contact Email,主な連絡先メール,
Primary Party,一次党,
Primary Role,主な役割,
Primary Settings,一次設定,
Print,印刷,
Print Format,印刷形式,
Print Heading,見出しを印刷します,
Print IRS 1099 Forms,IRS 1099フォームを印刷します,
Print Language,印刷言語,
Print Preferences,印刷設定,
Print Receipt,領収書を印刷します,
Print Receipt on Order Complete,注文の領収書を完了します,
Print Settings,印刷設定,
Print UOM after Quantity,数量後にuomを印刷します,
Print Without Amount,金額なしで印刷します,
Print and Stationery,印刷と文房具,
Print settings updated in respective print format,印刷設定は、それぞれの印刷形式で更新されました,
Print taxes with zero amount,ゼロの税金を印刷します,
Printed on {0},{0}に印刷,
Printing Details,詳細の印刷,
Printing Settings,印刷設定,
Priorities,優先順位,
Priority,優先度,
Priority cannot be lesser than 1.,優先度は1未満にすることはできません。,
Priority has been changed to {0}.,優先度は{0}に変更されました。,
Priority is mandatory,優先順位が必須です,
Priority {0} has been repeated.,優先度{0}が繰り返されました。,
Probability,確率,
Probability (%),確率（％）,
Problem,問題,
Procedure,手順,
Process Deferred Accounting,プロセスの延期会計,
Process Description,プロセスの説明,
Process Loss,プロセス損失,
Process Loss Percentage cannot be greater than 100,プロセス損失率は100を超えることはできません,
Process Loss Qty,プロセス損失数量,
Process Loss Quantity,プロセス損失数量,
Process Loss Report,プロセス損失レポート,
Process Loss Value,プロセス損失値,
Process Owner,プロセス所有者,
Process Owner Full Name,プロセス所有者のフルネーム,
Process Payment Reconciliation,支払いの調整を処理します,
Process Payment Reconciliation Log,支払い調整ログを処理します,
Process Payment Reconciliation Log Allocations,プロセス支払い調整ログの割り当て,
Process Statement Of Accounts,アカウントのプロセスステートメント,
Process Statement Of Accounts CC,アカウントのプロセスステートメントCC,
Process Statement Of Accounts Customer,アカウントの顧客のプロセスステートメント,
Process Subscription,サブスクリプションを処理します,
Process in Single Transaction,単一のトランザクションでの処理,
Processed BOMs,処理されたボム,
Processes,プロセス,
Processing XML Files,XMLファイルの処理,
Procurement,調達,
Procurement Tracker,調達トラッカー,
Produce Qty,数量を生産します,
Produced / Received Qty,数量を生産 /受信しました,
Produced Qty,数量を生産しました,
Produced Quantity,生産量,
Product,製品,
Product Bundle,製品バンドル,
Product Bundle Balance,製品バンドルバランス,
Product Bundle Help,製品バンドルヘルプ,
Product Bundle Item,製品バンドルアイテム,
Product Discount Scheme,製品割引スキーム,
Product Discount Slabs,製品割引スラブ,
Product Enquiry,製品照会,
Product Price ID,製品価格ID,
Production,生産,
Production Analytics,生産分析,
Production Item,生産アイテム,
Production Plan,生産計画,
Production Plan Already Submitted,生産計画はすでに提出されています,
Production Plan Item,生産計画項目,
Production Plan Item Reference,生産計画項目のリファレンス,
Production Plan Material Request,生産計画の材料リクエスト,
Production Plan Material Request Warehouse,生産計画材料リクエスト倉庫,
Production Plan Qty,生産計画の数量,
Production Plan Sales Order,生産計画販売注文,
Production Plan Sub Assembly Item,生産計画サブアセンブリアイテム,
Production Plan Sub-assembly Item,生産計画サブアセンブリアイテム,
Production Plan Summary,生産計画の概要,
Production Planning Report,生産計画レポート,
Products,製品,
Profile,プロフィール,
Profit & Loss,利益と損失,
Profit This Year,今年の利益,
Profit and Loss,利益と損失,
Profit and Loss Statement,損益計算書,
Profit and Loss Summary,利益と損失の概要,
Profit for the year,その年の利益,
Profitability Analysis,収益性分析,
Progress,進捗,
Progress % for a task cannot be more than 100.,タスクの進捗％は100を超えることはできません。,
Progress (%),進捗 （％）,
Project,プロジェクト,
Project Collaboration Invitation,プロジェクトコラボレーションの招待状,
Project Id,プロジェクトID,
Project Name,プロジェクト名,
Project Profitability,プロジェクトの収益性,
Project Progress:,プロジェクトの進捗状況：,
Project Start Date,プロジェクト開始日,
Project Status,プロジェクトステータス,
Project Summary,プロジェクトの概要,
Project Summary for {0},{0}のプロジェクトの概要,
Project Template,プロジェクトテンプレート,
Project Template Task,プロジェクトテンプレートタスク,
Project Type,プロジェクトタイプ,
Project Update,プロジェクトの更新,
Project Update.,プロジェクトの更新。,
Project User,プロジェクトユーザー,
Project Value,プロジェクト値,
Project activity / task.,プロジェクトアクティビティ /タスク。,
Project master.,プロジェクトマスター。,
Project will be accessible on the website to these users,プロジェクトはこれらのユーザーにウェブサイトでアクセス可能になります,
Project wise Stock Tracking,プロジェクトごとのストックトラッキング,
Project-wise data is not available for Quotation,プロジェクトごとのデータは見積もりには利用できません,
Projected Qty,投影された数量,
Projected Quantity,投影数量,
Projected Quantity Formula,投影数量式,
Projected qty,投影された数量,
Projects,プロジェクト,
Projects Manager,プロジェクトマネージャー,
Projects Settings,プロジェクト設定,
Projects User,プロジェクトユーザー,
Promotional,プロモーション,
Promotional Scheme,プロモーションスキーム,
Promotional Scheme Id,プロモーションスキームID,
Promotional Scheme Price Discount,プロモーションスキーム価格割引,
Promotional Scheme Product Discount,プロモーションスキーム製品割引,
Prompt Qty,迅速な数量,
Proposal Writing,提案書の執筆,
Proposal/Price Quote,提案/価格の見積もり,
Prorate,報道,
Prospect,見通し,
Prospect Lead,見込み客のリード,
Prospect Opportunity,見込み客の機会,
Prospect Owner,見込み客,
Prospect {0} already exists,Prospect {0}はすでに存在します,
Prospecting,探査,
Prospects Engaged But Not Converted,見込み客は従事していますが、変換されていません,
Provide Email Address registered in company,会社で登録されているメールアドレスを提供します,
Provider,プロバイダー,
Providing,提供,
Provisional Account,暫定アカウント,
Provisional Expense Account,暫定費用勘定,
Provisional Profit / Loss (Credit),暫定的な損益（クレジット）,
Publish Date,公開日,
Published Date,公開された日付,
Publisher,出版社,
Publisher ID,出版社ID,
Purchase,購入,
Purchase Amount,購入金額,
Purchase Analytics,分析を購入します,
Purchase Date,購入日,
Purchase Defaults,デフォルトを購入します,
Purchase Details,購入の詳細,
Purchase Invoice,請求書を購入します,
Purchase Invoice Advance,請求書の前進を購入します,
Purchase Invoice Item,請求書を購入します,
Purchase Invoice Trends,請求書の傾向を購入します,
Purchase Invoice cannot be made against an existing asset {0},既存の資産に対して請求書を購入することはできません{0},
Purchase Invoice {0} is already submitted,購入請求書{0}はすでに提出されています,
Purchase Invoices,請求書を購入します,
Purchase Manager,購入マネージャー,
Purchase Master Manager,マスターマネージャーを購入します,
Purchase Order,注文書,
Purchase Order Amount,発注額,
Purchase Order Amount(Company Currency),発注額（会社の通貨）,
Purchase Order Analysis,注文分析,
Purchase Order Date,発注日,
Purchase Order Item,発注書アイテム,
Purchase Order Item Supplied,提供された発注書,
Purchase Order Item reference is missing in Subcontracting Receipt {0},購買注文のアイテムの参照は、下請け領収書に欠落しています{0},
Purchase Order Items not received on time,時間通りに受け取っていない発注書,
Purchase Order Pricing Rule,注文書の価格ルール,
Purchase Order Required,注文が必要です,
Purchase Order Required for item {},アイテムに必要な発注{},
Purchase Order Trends,発注書の傾向,
Purchase Order already created for all Sales Order items,すべての販売注文アイテム用に作成された発注書,
Purchase Order number required for Item {0},アイテムに必要な発注書{0},
Purchase Order {0} is not submitted,注文{0}は提出されていません,
Purchase Orders,発注書,
Purchase Orders Items Overdue,発注書の延期,
Purchase Orders are not allowed for {0} due to a scorecard standing of {1}.,{1}のスコアカードのために、{0}の注文は許可されていません。,
Purchase Orders to Bill,請求書への注文,
Purchase Orders to Receive,受け取る注文,
Purchase Orders {0} are un-linked,発注書{0}はリンクされていません,
Purchase Price List,購入価格表,
Purchase Receipt,領収書を購入します,
Purchase Receipt (Draft) will be auto-created on submission of Subcontracting Receipt.,購入領収書（ドラフト）は、下請け領収書の提出時に自動作成されます。,
Purchase Receipt Detail,領収書の詳細を購入します,
Purchase Receipt Item,領収書を購入します,
Purchase Receipt Item Supplied,領収書を購入します,
Purchase Receipt Items,領収書を購入します,
Purchase Receipt No,領収書番号を購入します,
Purchase Receipt Required,必要な領収書,
Purchase Receipt Required for item {},アイテムに必要な領収書{},
Purchase Receipt Trends,領収書の傾向を購入します,
Purchase Receipt doesn't have any Item for which Retain Sample is enabled.,購入領収書には、保持サンプルが有効になっているアイテムがありません。,
Purchase Receipt {0} created.,領収書{0}を作成しました。,
Purchase Receipt {0} is not submitted,購入領収書{0}は提出されていません,
Purchase Register,購入登録,
Purchase Return,購入返品,
Purchase Tax Template,購入税テンプレート,
Purchase Taxes and Charges,購入税と料金,
Purchase Taxes and Charges Template,購入税と料金テンプレート,
Purchase User,ユーザーを購入します,
Purchase Value,購入価値,
Purchase orders help you plan and follow up on your purchases,発注書は、購入を計画してフォローアップするのに役立ちます,
Purchased,購入した,
Purchases,購入,
Purchasing,購入,
Purple,紫,
Purpose,目的,
Purpose must be one of {0},目的は{0}の1つでなければなりません,
Purposes,目的,
Purposes Required,必要な目的,
Putaway Rule,パタウェイルール,
Putaway Rule already exists for Item {0} in Warehouse {1}.,Putawayルールは、ウェアハウス{1}のアイテム{0}にはすでに存在します。,
Qty,数量,
Qty ,数量,
Qty (Company),数量（会社）,
Qty (Warehouse),数量（倉庫）,
Qty After Transaction,トランザクション後の数量,
Qty Change,数量の変更,
Qty Consumed Per Unit,単位ごとに消費されます,
Qty In Stock,数量の在庫,
Qty Per Unit,ユニットあたり数量,
Qty To Manufacture,製造する数量,
"Qty To Manufacture ({0}) cannot be a fraction for the UOM {2}. To allow this, disable '{1}' in the UOM {2}.",Qty To Manufacture（{0}）は、UOM {2}の分数ではありません。これを許可するには、uom {2}で「{1}」を無効にします。,
Qty To Produce,生産する数量,
Qty Wise Chart,数量の賢明なチャート,
Qty and Rate,数量とレート,
Qty as Per Stock UOM,在庫uomに従って数量,
Qty as per Stock UOM,在庫uomに従って数量,
Qty for which recursion isn't applicable.,再帰が適用されない数量。,
Qty for {0},{0}の数量,
Qty in Stock UOM,在庫uomの数量,
Qty in WIP Warehouse,WIPウェアハウスの数量,
Qty of Finished Goods Item,完成品の数量,
Qty of Finished Goods Item should be greater than 0.,完成品の数量は0より大きくする必要があります。,
Qty of raw materials will be decided based on the qty of the Finished Goods Item,原材料の数量は、完成品の数量に基づいて決定されます,
Qty to Be Consumed,消費される数量,
Qty to Bill,数量から請求書,
Qty to Build,ビルドする数量,
Qty to Deliver,配信する数量,
Qty to Fetch,フェッチするために数量,
Qty to Manufacture,製造する数量,
Qty to Order,注文する数量,
Qty to Produce,生産する数量,
Qty to Receive,受信する数量,
Qualification,資格,
Qualification Status,資格ステータス,
Qualified,資格,
Qualified By,資格があります,
Qualified on,資格があります,
Quality,品質,
Quality Action,質の高いアクション,
Quality Action Resolution,品質アクション解像度,
Quality Feedback,質の高いフィードバック,
Quality Feedback Parameter,品質フィードバックパラメーター,
Quality Feedback Template,高品質のフィードバックテンプレート,
Quality Feedback Template Parameter,高品質のフィードバックテンプレートパラメーター,
Quality Goal,質の高い目標,
Quality Goal Objective,質の高い目標目標,
Quality Inspection,品質検査,
Quality Inspection Analysis,品質検査分析,
Quality Inspection Parameter,品質検査パラメーター,
Quality Inspection Parameter Group,品質検査パラメーターグループ,
Quality Inspection Reading,品質検査の読み取り,
Quality Inspection Required,品質検査が必要です,
Quality Inspection Settings,品質検査設定,
Quality Inspection Summary,品質検査の概要,
Quality Inspection Template,品質検査テンプレート,
Quality Inspection Template Name,品質検査テンプレート名,
Quality Inspection(s),品質検査,
Quality Management,品質管理,
Quality Manager,品質マネージャー,
Quality Meeting,質の高い会議,
Quality Meeting Agenda,質の高い会議アジェンダ,
Quality Meeting Minutes,質の高い会議議事録,
Quality Procedure,品質手順,
Quality Procedure Process,品質手順プロセス,
Quality Review,品質レビュー,
Quality Review Objective,質の高いレビュー目標,
Quantity,量,
Quantity  that must be bought or sold per UOM,UOMごとに購入または販売する必要がある数量,
Quantity & Stock,数量と在庫,
Quantity (A - B),数量（a -b）,
Quantity Difference,量の違い,
Quantity and Amount,量と量,
Quantity and Description,数量と説明,
Quantity and Rate,数量とレート,
Quantity and Warehouse,数量と倉庫,
Quantity cannot be greater than {0} for Item {1},アイテム{1}の場合、量は{0}より大きくすることはできません,
Quantity in row {0} ({1}) must be same as manufactured quantity {2},列{0}（{1}）の数量は、製造された数量{2}と同じでなければなりません,
Quantity is required,数量が必要です,
"Quantity must be greater than zero, and less or equal to {0}",量はゼロより大きく、{0}よりも少ない必要があります,
Quantity must not be more than {0},量は{0}以上であってはなりません,
Quantity of item obtained after manufacturing / repacking from given quantities of raw materials,与えられた量の原材料から製造 /再梱包後に得られたアイテムの量,
Quantity required for Item {0} in row {1},行{0}に必要な数量{1},
Quantity should be greater than 0,数量は0より大きくする必要があります,
Quantity to Make,作る量,
Quantity to Manufacture,製造する量,
Quantity to Manufacture can not be zero for the operation {0},操作{0}の製造量はゼロではありません,
Quantity to Manufacture must be greater than 0.,製造量は0より大きくなければなりません。,
Quantity to Produce,生産する量,
Quantity to Produce should be greater than zero.,生成する量はゼロより大きくする必要があります。,
Quantity to Scan,スキャンする数量,
Quarter {0} {1},クォーター{0} {1},
Quarterly,四半期,
Query Options,クエリオプション,
Query Route String,クエリルート文字列,
Queue Size should be between 5 and 100,キューサイズは5〜100の間でなければなりません,
Queued,キュー,
Quick Entry,クイックエントリ,
Quick Journal Entry,クイックジャーナルエントリ,
Quick Stock Balance,クイックストックバランス,
Quot Count,引用符,
Quot/Lead %,QUOT/LEAD％,
Quotation,引用,
Quotation Amount,見積額,
Quotation Item,引用符,
Quotation Lost Reason,引用は理由を失った,
Quotation Lost Reason Detail,引用符が失われた理由の詳細,
Quotation Number,引用番号,
Quotation To,の引用,
Quotation Trends,見積りの傾向,
Quotation {0} is cancelled,Quotation {0}がキャンセルされます,
Quotation {0} not of type {1},QUOTATION {0}タイプ{1}ではありません,
Quotations,引用,
"Quotations are proposals, bids you have sent to your customers",引用は提案であり、あなたがあなたの顧客に送った入札です,
Quotations: ,引用：,
Quote Status,引用ステータス,
Quoted Amount,引用額,
RFQs are not allowed for {0} due to a scorecard standing of {1},{1}のスコアカードのため、RFQは{0}の場合は許可されていません,
Raise Material Request When Stock Reaches Re-order Level,在庫が再注文レベルに達したら、マテリアルリクエストを上げます,
Raised By,によって上げられた,
Raised By (Email),（電子メール）によって育てられた,
Random,ランダム,
Range,範囲,
Rate,レート,
Rate & Amount,レートと金額,
Rate (Company Currency),レート（会社の通貨）,
Rate Of Materials Based On,に基づく材料の速度,
Rate Of TDS As Per Certificate,証明書に従ってTDSのレート,
Rate Section,レートセクション,
Rate With Margin,マージンでレート,
Rate With Margin (Company Currency),マージン（会社の通貨）のレート,
Rate and Amount,レートと金額,
Rate at which Customer Currency is converted to customer's base currency,顧客通貨が顧客の基本通貨に変換されるレート,
Rate at which Price list currency is converted to company's base currency,価格表通貨が会社の基本通貨に変換されるレート,
Rate at which Price list currency is converted to customer's base currency,価格表通貨が顧客の基本通貨に変換されるレート,
Rate at which customer's currency is converted to company's base currency,顧客の通貨が会社の基本通貨に変換されるレート,
Rate at which supplier's currency is converted to company's base currency,サプライヤーの通貨が会社の基本通貨に変換されるレート,
Rate at which this tax is applied,この税が適用される税率,
Rate of Depreciation,減価償却率,
Rate of Depreciation (%),減価償却率（％）,
Rate of Interest (%) Yearly,年間利率（％）,
Rate of Stock UOM,株式uomのレート,
Rate or Discount,レートまたは割引,
Rate or Discount is required for the price discount.,価格割引には料金または割引が必要です。,
Rates,料金,
Rating,評価,
Ratios,比率,
Raw Material,原材料,
Raw Material Code,原材料コード,
Raw Material Cost,原材料コスト,
Raw Material Cost (Company Currency),原材料コスト（会社通貨）,
Raw Material Cost Per Qty,数量ごとの原料費,
Raw Material Item,原材料アイテム,
Raw Material Item Code,原材料アイテムコード,
Raw Material Name,原材料名,
Raw Material Value,原材料価値,
Raw Material Warehouse,原材料倉庫,
Raw Materials,原材料,
Raw Materials Actions,原材料の行動,
Raw Materials Consumed,消費された原材料,
Raw Materials Consumption,原材料の消費,
Raw Materials Supplied,供給された原材料,
Raw Materials Supplied Cost,原材料は供給されました,
Raw Materials cannot be blank.,原材料を空白にすることはできません。,
Re-open,再開します,
Re-order Level,再注文レベル,
Re-order Qty,数量を再注文します,
Reached Root,ルートに到達しました,
Read Only,読むだけです,
Reading 1,読む1,
Reading 10,読む10,
Reading 2,読む2,
Reading 3,読書3,
Reading 4,読書4,
Reading 5,読む5,
Reading 6,読書6,
Reading 7,読む7,
Reading 8,8を読む,
Reading 9,9を読む,
Reading Value,読み取り値,
Readings,測定値,
Reason,理由,
Reason For Putting On Hold,保留にする理由,
Reason for Failure,失敗の理由,
Reason for Hold,ホールドの理由,
Reason for Leaving,去る理由,
Reason for hold:,保留の理由：,
Rebuild Tree,ツリーを再構築します,
Rebuilding BTree for period ...,BTREEを期間再構築します...,
Recalculate Bin Qty,ビンの数量を再計算します,
Recalculate Incoming/Outgoing Rate,着信/発信率を再計算します,
Receipt,レシート,
Receipt Document,領収書ドキュメント,
Receipt Document Type,領収書の種類,
Receipt Items,領収書,
Receipts,領収書,
Receivable,売掛金,
Receivable / Payable Account,受取 /支払勘定,
Receivable Account,売掛金アカウント,
Receivable/Payable Account,受取/支払勘定,
Receivable/Payable Account: {0} doesn't belong to company {1},売掛金/支払勘定：{0}は会社に属していません{1},
Receivables,売掛金,
Receive,受け取る,
Received,受け取った,
Received Amount,受け取った金額,
Received Amount (Company Currency),受け取った金額（会社の通貨）,
Received Amount After Tax,税金後の金額,
Received Amount After Tax (Company Currency),税金（会社通貨）の後に受け取った金額,
Received Amount cannot be greater than Paid Amount,受け取った金額は、支払額を超えることはできません,
Received From,から受け取った,
Received Items To Be Billed,請求されるアイテムを受け取った,
Received On,オンにした,
Received Qty,数量を受け取りました,
Received Qty Amount,数量額を受け取りました,
Received Qty in Stock UOM,在庫のある数量を受け取りました,
Received Quantity,受信数量,
Received Stock Entries,在庫エントリを受け取りました,
Received and Accepted,受け取って受け入れられました,
Receiver List,受信者リスト,
Receiver List is empty. Please create Receiver List,受信者リストは空です。受信者リストを作成してください,
Receiving,受信,
Recent Orders,最近の注文,
Recent Transactions,最近のトランザクション,
Recipient,受信者,
Recipient Message And Payment Details,受信者のメッセージと支払いの詳細,
Recipients,受信者,
Reconcile,和解します,
Reconcile All Serial Nos / Batches,すべてのシリアルNOS /バッチを調整します,
Reconcile Effect On,上に効果を調整します,
Reconcile Entries,エントリを調整します,
Reconcile on Advance Payment Date,前払い日に調整します,
Reconcile the Bank Transaction,銀行取引を調整します,
Reconciled,和解,
Reconciled Entries,調整されたエントリ,
Reconciliation Date,和解日,
Reconciliation Error Log,調整エラーログ,
Reconciliation Logs,和解ログ,
Reconciliation Progress,和解の進行,
Reconciliation Queue Size,調整キューサイズ,
Reconciliation Takes Effect On,和解が有効になります,
Recording HTML,HTMLの記録,
Recording URL,URLの記録,
Recoverable Standard Rated expenses should not be set when Reverse Charge Applicable is Y,回復可能な標準定格費用は、逆充電が適用される場合は設定しないでください,
Recreate Stock Ledgers,在庫台帳を再現します,
Recurse Every (As Per Transaction UOM),すべてを再開します（トランザクションに従ってUOMに従って）,
Recurse Over Qty cannot be less than 0,数量を超えて繰り返すことは0未満ではありません,
Recursive Discounts with Mixed condition is not supported by the system,混合状態の再帰割引は、システムによってサポートされていません,
Red,赤,
Redeem Against,対抗する,
Redeem Loyalty Points,ロイヤルティポイントを引き換えます,
Redeemed Points,償還されたポイント,
Redemption,償還,
Redemption Account,償還口座,
Redemption Cost Center,償還コストセンター,
Redemption Date,償還日,
Ref Code,refコード,
Ref Date,ref日付,
Reference,参照,
Reference #{0} dated {1},参照＃{0} {1},
Reference Date,参照日,
Reference Date for Early Payment Discount,早期支払い割引の参照日,
Reference Detail,参照の詳細,
Reference Detail No,参照詳細番号,
Reference DocType,参照Doctype,
Reference Doctype,参照Doctype,
Reference Doctype must be one of {0},参照doctypeは{0}の1つでなければなりません,
Reference Document,参照ドキュメント,
Reference Document Name,参照文書名,
Reference Document Type,参照ドキュメントタイプ,
Reference Due Date,参照期日,
Reference Exchange Rate,参照為替レート,
Reference Name,参照名,
Reference No,参照番号,
Reference No & Reference Date is required for {0},{0}には参照番号と参照日が必要です,
Reference No and Reference Date is mandatory for Bank transaction,参照番号と参照日は、銀行取引に必須です,
Reference No is mandatory if you entered Reference Date,参照日を入力した場合、参照番号は必須です,
Reference No.,参照番号,
Reference Number,参照番号,
Reference Purchase Receipt,参照購入領収書,
Reference Row,参照行,
Reference Row #,参照行＃,
Reference Type,参照タイプ,
Reference for Reservation,予約のための参照,
Reference number of the invoice from the previous system,前のシステムからの請求書の参照番号,
"Reference: {0}, Item Code: {1} and Customer: {2}",参照：{0}、項目コード：{1}および顧客：{2},
References,参照,
References to Sales Invoices are Incomplete,販売請求書への参照は不完全です,
References to Sales Orders are Incomplete,販売注文への参照は不完全です,
References {0} of type {1} had no outstanding amount left before submitting the Payment Entry. Now they have a negative outstanding amount.,タイプ{1}の参照{0}には、支払いエントリを送信する前に未払いの金額が残っていませんでした。今、彼らは負の未払い額を持っています。,
Referral Code,紹介コード,
Referral Sales Partner,紹介販売パートナー,
Refresh,リフレッシュします,
Refresh Google Sheet,Googleシートを更新します,
Refresh Plaid Link,格子縞のリンクを更新します,
"Regards,",よろしく、,
Regenerate Stock Closing Entry,在庫の閉鎖エントリを再生します,
Regional,地域,
Registration Details,登録の詳細,
Regular,通常,
Rejected,拒否された,
Rejected ,拒否された,
Rejected Qty,数量を拒否しました,
Rejected Quantity,拒否された数量,
Rejected Serial No,拒否されたシリアル番号,
Rejected Serial and Batch Bundle,シリアルおよびバッチバンドルを拒否しました,
Rejected Warehouse,拒否された倉庫,
Rejected Warehouse and Accepted Warehouse cannot be same.,拒否された倉庫と受け入れられた倉庫は同じではありません。,
Related,関連している,
Relation,関係,
Release Date,発売日,
Release date must be in the future,リリース日は将来でなければなりません,
Relieving Date,緩和日,
Reload,リロード,
Remaining,残り,
Remaining Amount,残りの金額,
Remaining Balance,残りのバランス,
Remark,述べる,
Remarks,備考,
Remarks Column Length,列の長さの備考,
Remarks:,備考：,
Remove Parent Row No in Items Table,アイテムのテーブルで親の行を削除します,
Remove SABB Entry,SABBエントリを削除します,
Remove item if charges is not applicable to that item,請求がそのアイテムに適用されない場合はアイテムを削除します,
Removed items with no change in quantity or value.,数量や価値の変更なしで削除されたアイテム。,
Removing rows without exchange gain or loss,交換利益や損失なしで行を削除します,
Rename,名前を変更します,
Rename Attribute Value in Item Attribute.,アイテム属性の属性値を変更します。,
Rename Log,ログの名前を変更します,
Rename Not Allowed,許可されていない名前を変更します,
Rename Tool,ツールの名前を変更します,
Rename jobs for doctype {0} have been enqueued.,Doctype {0}のジョブの名前を変更しました。,
Rename jobs for doctype {0} have not been enqueued.,Doctype {0}のジョブの名前を変更していません。,
"Renaming it is only allowed via parent company {0}, to avoid mismatch.",改名は、不一致を避けるために、親会社{0}を介してのみ許可されます。,
Rent Cost,賃料費用,
Rented,賃貸,
Reopen,再開します,
Reorder Level,並べ替えレベル,
Reorder Qty,数量を並べ替えます,
Reorder level based on Warehouse,倉庫に基づく並べ替えレベル,
Repack,再梱包,
Repair Asset,修理資産,
Repair Cost,修理費用,
Repair Purchase Invoices,購入請求書を修理します,
Repair Status,修理ステータス,
Repair cost cannot be greater than purchase invoice base net total {0},修理費用は購入請求書ベースネット合計{0}よりも大きくすることはできません,
Repeat Customer Revenue,顧客の収益を繰り返します,
Repeat Customers,リピーター,
Replace,交換する,
Replace BOM,BOMを交換します,
"Replace a particular BOM in all other BOMs where it is used. It will replace the old BOM link, update cost and regenerate ""BOM Explosion Item"" table as per new BOM.
It also updates latest price in all the BOMs.","使用されている他のすべてのBOMで特定のBOMを交換します。古いBOMリンクを置き換え、コストを更新し、新しいBOMに従って「BOM Explosion Item」テーブルを再生します。
また、すべてのBOMで最新の価格を更新します。",
Replied,答えた,
Report,報告,
Report Date,報告日,
Report Error,エラーを報告します,
Report Filters,レポートフィルター,
Report Type,レポートタイプ,
Report Type is mandatory,レポートタイプは必須です,
Report View,レポートビュー,
Report an Issue,問題を報告します,
Reports,報告,
Reports to,に報告します,
Repost Accounting Ledger,再投稿会計台帳,
Repost Accounting Ledger Items,アカウンティング元帳項目を再投稿します,
Repost Accounting Ledger Settings,アカウンティング元帳設定を再投稿します,
Repost Allowed Types,許可されたタイプを再投稿します,
Repost Error Log,エラーログを再投稿します,
Repost Item Valuation,アイテムの評価を再投稿します,
Repost Payment Ledger,支払い台帳を再投稿します,
Repost Payment Ledger Items,支払い台帳を再投稿します,
Repost Status,ステータスを再投稿します,
Repost has started in the background,Repostはバックグラウンドで開始されました,
Repost in background,バックグラウンドで再投稿します,
Repost started in the background,Repostはバックグラウンドで開始されました,
Reposting Completed {0}%,完了した{0}％の再投稿,
Reposting Data File,データファイルの再投稿,
Reposting Info,情報の再投稿,
Reposting Progress,進捗状況の再投稿,
Reposting entries created: {0},作成されたエントリの再投稿：{0},
Reposting has been started in the background.,バックグラウンドで再投稿が開始されました。,
Reposting in the background.,バックグラウンドで再投稿します。,
Represents Company,会社を代表します,
Represents a Financial Year. All accounting entries and other major transactions are tracked against the Fiscal Year.,会計年度を表します。すべての会計エントリおよびその他の主要な取引は、会計年度に対して追跡されます。,
Reqd By Date,日付までにreqd,
Reqd Qty (BOM),reqd数量（bom）,
Reqd by date,日付までにreqd,
Reqired Qty,Qtyを再Qty,
Request For Quotation,見積のリクエスト,
Request Parameters,リクエストパラメーター,
Request Timeout,リクエストタイムアウト,
Request Type,リクエストタイプ,
Request for,のリクエスト,
Request for Information,情報のリクエスト,
Request for Quotation,見積のリクエスト,
Request for Quotation Item,見積項目のリクエスト,
Request for Quotation Supplier,見積供給者のリクエスト,
Request for Raw Materials,原材料のリクエスト,
Requested,リクエスト,
Requested Items To Be Transferred,転送されるアイテムを要求しました,
Requested Items to Order and Receive,注文して受信するためのアイテムを要求しました,
Requested Qty,要求された数量,
"Requested Qty: Quantity requested for purchase, but not ordered.",要求された数量：購入のために要求された数量ですが、注文されていません。,
Requesting Site,リクエストサイト,
Requestor,リクエスター,
Required By,に必要です,
Required Date,必要な日付,
Required Items,必要なアイテム,
Required On,で必要です,
Required Qty,必要な数量,
Required Quantity,必要な数量,
Required Skills,必要なスキル,
Requirement,要件,
Requires Fulfilment,充足が必要です,
Research,研究,
Research & Development,研究と開発,
"Reselect, if the chosen address is edited after save",選択したアドレスが保存後に編集された場合、再選択します,
"Reselect, if the chosen contact is edited after save",選択した連絡先が保存後に編集された場合、再選択します,
Resend Payment Email,支払いメールを再送信します,
Reservation,予約,
Reservation Based On,に基づく予約,
Reserve,予約する,
Reserve Stock,予備株,
Reserve Warehouse,予備倉庫,
Reserve for Raw Materials,原材料の予約,
Reserve for Sub-assembly,サブアセンブリの予約,
Reserved,予約済み,
Reserved Qty,予約された数量,
"Reserved Qty ({0}) cannot be a fraction. To allow this, disable '{1}' in UOM {3}.",予約された数量（{0}）は分数ではありません。これを許可するには、uom {3}で「{1}」を無効にします。,
Reserved Qty for Production,生産のために予約された数量,
Reserved Qty for Production Plan,生産計画のために予約された数量,
Reserved Qty for Production: Raw materials quantity to make manufacturing items.,生産用の予約数量：製造品を作るための原材料量。,
Reserved Qty for Subcontract,下請けのために予約された数量,
Reserved Qty for Subcontract: Raw materials quantity to make subcontracted items.,下請けのための予約数量：下請け項目を作成するための原材料の量。,
Reserved Qty should be greater than Delivered Qty.,予約された数量は、配信される数量よりも大きくなければなりません。,
"Reserved Qty: Quantity ordered for sale, but not delivered.",予約された数量：販売の注文数量ですが、配達されていません。,
Reserved Quantity,予約数量,
Reserved Quantity for Production,生産のための予約数量,
Reserved Serial No.,予約されたシリアル番号,
Reserved Stock,予約株,
Reserved Stock for Batch,バッチ用の予約株,
Reserved Stock for Raw Materials,原材料の予約株,
Reserved Stock for Sub-assembly,サブアセンブリ用の予約株,
Reserved Warehouse is mandatory for the Item {item_code} in Raw Materials supplied.,予約された倉庫は、提供された原材料のアイテム{item_code}に必須です。,
Reserved for POS Transactions,POSトランザクション用に予約されています,
Reserved for Production,生産用に予約されています,
Reserved for Production Plan,生産計画のために予約されています,
Reserved for Sub Contracting,サブ契約のために予約されています,
Reserved for manufacturing,製造用に予約されています,
Reserved for sale,販売用予約,
Reserved for sub contracting,サブ契約のために予約されています,
Reserving Stock...,在庫を予約...,
Reset,リセット,
Reset Company Default Values,会社のデフォルト値をリセットします,
Reset Plaid Link,格子縞のリンクをリセットします,
Reset Raw Materials Table,原材料テーブルをリセットします,
Reset Service Level Agreement,サービスレベル契約をリセットします,
Resetting Service Level Agreement.,サービスレベル契約のリセット。,
Resignation Letter Date,辞任書の日付,
Resolution,解決,
Resolution By,解決,
Resolution Date,解決日,
Resolution Details,解決の詳細,
Resolution Due,解決期限,
Resolution Time,解像度時間,
Resolutions,解決策,
Resolve,解決する,
Resolved,解決しました,
Resolved By,解決されました,
Response By,による応答,
Response Details,応答の詳細,
Response Key List,応答キーリスト,
Response Options,応答オプション,
Response Result Key Path,応答結果キーパス,
Response Time for {0} priority in row {1} can't be greater than Resolution Time.,行の{0}優先度の応答時間{1}は、解像度よりも大きくすることはできません。,
Response and Resolution,応答と解決,
Responsible,責任者,
Rest Of The World,世界の残り,
Restart,再起動,
Restart Subscription,サブスクリプションを再起動します,
Restore Asset,資産を復元します,
Restrict,制限,
Restrict Items Based On,に基づいてアイテムを制限します,
Restrict to Countries,国に制限します,
Result Key,結果キー,
Result Preview Field,結果プレビューフィールド,
Result Route Field,結果ルートフィールド,
Result Title Field,結果タイトルフィールド,
Resume,再開する,
Resume Job,ジョブを再開します,
Resume Timer,履歴書タイマー,
Retain Sample,サンプルを保持します,
Retained Earnings,留保所得,
Retention Stock Entry,保持在庫エントリ,
Retention Stock Entry already created or Sample Quantity not provided,既に作成された在庫在庫の入力または提供されていない数量のサンプル,
Retried,再試行,
Retry,リトライ,
Retry Failed Transactions,失敗したトランザクションを再試行します,
Return,戻る,
Return / Credit Note,返品 /クレジットノート,
Return / Debit Note,RETURN / DEBITノート,
Return Against,反対します,
Return Against Delivery Note,配達メモに戻ります,
Return Against Purchase Invoice,購入請求書に戻ります,
Return Against Purchase Receipt,購入領収書に対して戻ります,
Return Against Subcontracting Receipt,下請け領収書に戻ります,
Return Components,返品コンポーネント,
Return Issued,発行された返品,
Return Qty,数量を返します,
Return Qty from Rejected Warehouse,拒否された倉庫から数量を返します,
Return invoice of asset cancelled,キャンセルされた資産の請求書を返す,
Return of Components,コンポーネントの返品,
Returned,返された,
Returned Against,反対した,
Returned Amount,返された金額,
Returned Qty,数量を返しました,
Returned Qty ,数量を返しました,
Returned Qty in Stock UOM,在庫uomで数量を返しました,
Returned exchange rate is neither integer not float.,返された為替レートは、整数ではないことではありません。,
Returns,返品,
Revaluation Journals,再評価ジャーナル,
Revaluation Surplus,再評価余剰,
Revenue,収益,
Reversal Of,の逆転,
Reverse Journal Entry,逆ジャーナルエントリ,
Review,レビュー,
Review Date,日付を確認します,
Reviews,レビュー,
Rgt,RGT,
Right Child,右の子供,
Right Index,右インデックス,
Ringing,鳴る,
Role Allowed to Create/Edit Back-dated Transactions,バックデートトランザクションの作成/編集が許可されています,
Role Allowed to Edit Frozen Stock,フローズンストックの編集が許可されています,
Role Allowed to Over Bill ,請求額を許可する役割,
Role Allowed to Over Deliver/Receive,過度に配信/受信を許可する役割,
Role Allowed to Override Stop Action,停止アクションをオーバーライドする役割,
Role Allowed to Set Frozen Accounts and Edit Frozen Entries,フローズンアカウントを設定し、冷凍エントリを編集することが許可されている役割,
Role allowed to bypass Credit Limit,クレジット制限をバイパスすることが許可されている役割,
Root,根,
Root Company,ルートカンパニー,
Root Type,ルートタイプ,
"Root Type for {0} must be one of the Asset, Liability, Income, Expense and Equity",{0}のルートタイプは、資産、責任、収入、費用、および株式の1つでなければなりません,
Root Type is mandatory,ルートタイプは必須です,
Root cannot be edited.,ルートを編集できません。,
Root cannot have a parent cost center,ルートには親のコストセンターを持つことはできません,
Round Free Qty,丸い無料の数量,
Round Off,丸めます,
Round Off Tax Amount,税額を締めくくります,
Round Off for Opening,オープニングのために丸くオフ,
Round Tax Amount Row-wise,ラウンド税額並行して,
Rounded Total,丸い合計,
Rounded Total (Company Currency),丸い合計（会社の通貨）,
Rounding Adjustment,丸め調整,
Rounding Adjustment (Company Currency,丸め調整（会社通貨,
Rounding Adjustment (Company Currency),丸め調整（会社通貨）,
Rounding Loss Allowance,丸め損失手当,
Rounding Loss Allowance should be between 0 and 1,丸め損失手当は0〜1の間でなければなりません,
Rounding gain/loss Entry for Stock Transfer,在庫株式移転の丸めゲイン/損失エントリ,
Route,ルート,
Routing,ルーティング,
Routing Name,ルーティング名,
Row #,行 ＃,
Row # {0}:,行＃{0}：,
Row # {0}: Cannot return more than {1} for Item {2},行＃{0}：アイテム{2}に対して{1}以上を返すことはできません,
Row # {0}: Please add Serial and Batch Bundle for Item {1},行＃{0}：アイテムにシリアルとバッチバンドルを追加してください{1},
Row # {0}: Please enter quantity for Item {1} as it is not zero.,行＃{0}：ゼロではないため、項目{1}の数量を入力してください。,
Row # {0}: Rate cannot be greater than the rate used in {1} {2},行＃{0}：レートは{1} {2}で使用されるレートよりも大きくすることはできません,
Row # {0}: Returned Item {1} does not exist in {2} {3},行＃{0}：返されたアイテム{1}は{2} {3}に存在しません,
Row #{0} (Payment Table): Amount must be negative,行＃{0}（支払いテーブル）：金額はマイナスでなければなりません,
Row #{0} (Payment Table): Amount must be positive,行＃{0}（支払いテーブル）：金額は正でなければなりません,
Row #{0}: A reorder entry already exists for warehouse {1} with reorder type {2}.,行＃{0}：Reorder Type {2}を備えた倉庫{1}には、再注文エントリが既に存在します。,
Row #{0}: Acceptance Criteria Formula is incorrect.,行＃{0}：受け入れ基準式が正しくありません。,
Row #{0}: Acceptance Criteria Formula is required.,行＃{0}：受け入れ基準式が必要です。,
Row #{0}: Accepted Warehouse and Rejected Warehouse cannot be same,行＃{0}：受け入れられた倉庫と拒否された倉庫は同じではない,
Row #{0}: Accepted Warehouse is mandatory for the accepted Item {1},行＃{0}：受け入れられた倉庫は、受け入れられたアイテム{1}に必須です,
Row #{0}: Account {1} does not belong to company {2},行＃{0}：account {1}は{2}に属していません,
Row #{0}: Allocated Amount cannot be greater than Outstanding Amount of Payment Request {1},行＃{0}：割り当てられた金額は、未払い額の支払い要求{1}よりも大きくすることはできません,
Row #{0}: Allocated Amount cannot be greater than outstanding amount.,行＃{0}：割り当てられた金額は、未払いの金額より大きくなることはできません。,
Row #{0}: Allocated amount:{1} is greater than outstanding amount:{2} for Payment Term {3},行＃{0}：割り当てられた金額：{1}は未払いの金額よりも大きい：{2}支払い期間{3},
Row #{0}: Amount must be a positive number,行＃{0}：金額は正の数でなければなりません,
"Row #{0}: Asset {1} cannot be sold, it is already {2}",行＃{0}：Asset {1}は販売できません。すでに{2}です,
Row #{0}: Asset {1} is already sold,行＃{0}：Asset {1}はすでに販売されています,
Row #{0}: BOM is not specified for subcontracting item {0},行＃{0}：bomは下請け項目{0}に指定されていません,
Row #{0}: Batch No {1} is already selected.,行＃{0}：batch no {1}は既に選択されています。,
Row #{0}: Cannot allocate more than {1} against payment term {2},行＃{0}：支払い期間{2}に対して{1}以上を割り当てることはできません,
Row #{0}: Cannot delete item {1} which has already been billed.,行＃{0}：すでに請求されているアイテム{1}を削除できません。,
Row #{0}: Cannot delete item {1} which has already been delivered,行＃{0}：すでに配信されているアイテム{1}を削除できません,
Row #{0}: Cannot delete item {1} which has already been received,行＃{0}：すでに受信されているアイテム{1}を削除できません,
Row #{0}: Cannot delete item {1} which has work order assigned to it.,行＃{0}：作業指示が割り当てられているアイテム{1}を削除できません。,
Row #{0}: Cannot delete item {1} which is assigned to customer's purchase order.,行＃{0}：顧客の発注書に割り当てられたアイテム{1}を削除できません。,
Row #{0}: Cannot set Rate if the billed amount is greater than the amount for Item {1}.,行＃{0}：請求額がアイテム{1}の金額よりも大きい場合、レートを設定できません。,
Row #{0}: Cannot transfer more than Required Qty {1} for Item {2} against Job Card {3},行＃{0}：ジョブカードに対してアイテム{2}に対して必要な数量{1}を超えて転送することはできません{3},
Row #{0}: Child Item should not be a Product Bundle. Please remove Item {1} and Save,行＃{0}：子アイテムは製品バンドルではないはずです。アイテム{1}を削除して保存してください,
Row #{0}: Consumed Asset {1} cannot be Draft,行＃{0}：消費されたアセット{1}はドラフトすることはできません,
Row #{0}: Consumed Asset {1} cannot be cancelled,行＃{0}：消費されたアセット{1}はキャンセルできません,
Row #{0}: Consumed Asset {1} cannot be the same as the Target Asset,行＃{0}：消費されたアセット{1}はターゲットアセットと同じではありません,
Row #{0}: Consumed Asset {1} cannot be {2},行＃{0}：消費されたアセット{1}は{2}ではありません,
Row #{0}: Consumed Asset {1} does not belong to company {2},行＃{0}：消費されたアセット{1}は会社{2}に属していません,
Row #{0}: Cost Center {1} does not belong to company {2},行＃{0}：コストセンター{1}は会社{2}に属していません,
Row #{0}: Cumulative threshold cannot be less than Single Transaction threshold,行＃{0}：累積しきい値は、単一のトランザクションしきい値を下回ることはできません,
Row #{0}: Dates overlapping with other row,行＃{0}：他の行と重複する日付,
Row #{0}: Default BOM not found for FG Item {1},行＃{0}：fgアイテムにはデフォルトのbom {1}が見つかりません,
Row #{0}: Depreciation Start Date is required,行＃{0}：減価償却開始日が必要です,
Row #{0}: Duplicate entry in References {1} {2},行＃{0}：参照の重複{1} {2},
Row #{0}: Expected Delivery Date cannot be before Purchase Order Date,行＃{0}：予想される配達日は、発注日前にはできません,
Row #{0}: Expense Account not set for the Item {1}. {2},行＃{0}：項目{1}に設定されていません。 {2},
Row #{0}: Finished Good Item Qty can not be zero,行＃{0}：良いアイテムの数量はゼロになりません,
Row #{0}: Finished Good Item is not specified for service item {1},行＃{0}：完成した良いアイテムは、サービスアイテムに指定されていません{1},
Row #{0}: Finished Good Item {1} must be a sub-contracted item,行＃{0}：完成した良いアイテム{1}は下請けのアイテムでなければなりません,
Row #{0}: Finished Good must be {1},行＃{0}：完成した善は{1}でなければなりません,
Row #{0}: Finished Good reference is mandatory for Scrap Item {1}.,行＃{0}：スクラップアイテム{1}には適切な参照が必須です。,
"Row #{0}: For {1}, you can select reference document only if account gets credited",行＃{0}：{1}の場合、アカウントがクレジットになる場合にのみ参照ドキュメントを選択できます,
"Row #{0}: For {1}, you can select reference document only if account gets debited",行＃{0}：{1}の場合、アカウントがデビューされた場合にのみ参照ドキュメントを選択できます,
Row #{0}: From Date cannot be before To Date,行＃{0}：日付から前にすることはできません,
Row #{0}: From Time and To Time fields are required,行＃{0}：時間と時間のフィールドが必要です,
Row #{0}: Item added,行＃{0}：アイテムが追加されました,
Row #{0}: Item {1} does not exist,行＃{0}：アイテム{1}は存在しません,
"Row #{0}: Item {1} has been picked, please reserve stock from the Pick List.",行＃{0}：アイテム{1}が選択されました。ピックリストから在庫を予約してください。,
Row #{0}: Item {1} has zero rate but 'Allow Zero Valuation Rate' is not enabled.,行＃{0}：item {1}のレートはゼロですが、「許可ゼロ評価率」は有効になりません。,
Row #{0}: Item {1} is not a Serialized/Batched Item. It cannot have a Serial No/Batch No against it.,行＃{0}：アイテム{1}は、シリアル化/バッチ付きアイテムではありません。シリアルノー/バッチNOを持つことはできません。,
Row #{0}: Item {1} is not a service item,行＃{0}：アイテム{1}はサービスアイテムではありません,
Row #{0}: Item {1} is not a stock item,行＃{0}：アイテム{1}はストックアイテムではありません,
Row #{0}: Journal Entry {1} does not have account {2} or already matched against another voucher,行＃{0}：ジャーナルエントリ{1}はアカウント{2}を持っていないか、別のバウチャーと既に一致していません,
Row #{0}: Next Depreciation Date cannot be before Available-for-use Date,行＃{0}：次の減価償却日は利用可能な日付前にできません,
Row #{0}: Next Depreciation Date cannot be before Purchase Date,行＃{0}：次の減価償却日は購入日前にはできません,
Row #{0}: Not allowed to change Supplier as Purchase Order already exists,行＃{0}：発注書が既に存在するため、サプライヤーを変更することは許可されていません,
Row #{0}: Only {1} available to reserve for the Item {2},行＃{0}：アイテムを予約できる{1}のみ{2},
Row #{0}: Opening Accumulated Depreciation must be less than or equal to {1},行＃{0}：蓄積された減価償却を開くことは{1}以下でなければなりません,
Row #{0}: Operation {1} is not completed for {2} qty of finished goods in Work Order {3}. Please update operation status via Job Card {4}.,行＃{0}：操作{1}は、{2}の数量で完了していない{3}。ジョブカード{4}を介して操作ステータスを更新してください。,
Row #{0}: Please select Item Code in Assembly Items,行＃{0}：アセンブリアイテムでアイテムコードを選択してください,
Row #{0}: Please select the BOM No in Assembly Items,行＃{0}：アセンブリアイテムのbom noを選択してください,
Row #{0}: Please select the Sub Assembly Warehouse,行＃{0}：サブアセンブリウェアハウスを選択してください,
Row #{0}: Please set reorder quantity,行＃{0}：並べ替え数量を設定してください,
Row #{0}: Please update deferred revenue/expense account in item row or default account in company master,行＃{0}：アイテム行の延期された収益/経費アカウントを、会社マスターのデフォルトアカウントを更新してください,
Row #{0}: Qty increased by {1},行＃{0}：数量は{1}で増加しました,
Row #{0}: Qty must be a positive number,行＃{0}：数量は正の数字でなければなりません,
Row #{0}: Qty should be less than or equal to Available Qty to Reserve (Actual Qty - Reserved Qty) {1} for Iem {2} against Batch {3} in Warehouse {4}.,行＃{0}：数量は、倉庫{4}のバッチ{3}に対してIEM {2} for IEM {2} for IEM {1} for IEM {1} for IEM {1} for IEM {1} for IEM {1}を予約するために利用可能な数量以下である必要があります。,
Row #{0}: Quality Inspection is required for Item {1},行＃{0}：アイテム{1}には品質検査が必要です,
Row #{0}: Quality Inspection {1} is not submitted for the item: {2},行＃{0}：品質検査{1}はアイテムに提出されていません：{2},
Row #{0}: Quality Inspection {1} was rejected for item {2},行＃{0}：品質検査{1}はアイテム{2}に対して拒否されました,
Row #{0}: Quantity for Item {1} cannot be zero.,行＃{0}：アイテムの数量{1}はゼロになりません。,
Row #{0}: Quantity to reserve for the Item {1} should be greater than 0.,行＃{0}：アイテムの予約{1}は0より大きくする必要があります。,
Row #{0}: Rate must be same as {1}: {2} ({3} / {4}),行＃{0}：レートは{1}と同じでなければなりません：{2}（{3} / {4}）,
"Row #{0}: Reference Document Type must be one of Purchase Order, Purchase Invoice or Journal Entry",行＃{0}：リファレンスドキュメントタイプは、発注書、購入請求書またはジャーナルエントリのいずれかである必要があります,
"Row #{0}: Reference Document Type must be one of Sales Order, Sales Invoice, Journal Entry or Dunning",行＃{0}：リファレンスドキュメントタイプは、販売注文、販売請求書、ジャーナルエントリまたはダニングの1つである必要があります,
Row #{0}: Rejected Qty cannot be set for Scrap Item {1}.,行＃{0}：拒否された数量は、スクラップアイテム{1}に設定できません。,
Row #{0}: Rejected Warehouse is mandatory for the rejected Item {1},行＃{0}：拒否された倉庫は拒否されたアイテム{1}に必須です,
Row #{0}: Return Against is required for returning asset,行＃{0}：返品は、資産を返すために必要です,
Row #{0}: Scrap Item Qty cannot be zero,行＃{0}：スクラップアイテムの数量はゼロになりません,
"Row #{0}: Selling rate for item {1} is lower than its {2}.
					Selling {3} should be atleast {4}.<br><br>Alternatively,
					you can disable selling price validation in {5} to bypass
					this validation.","行＃{0}：アイテム{1}の販売率は{2}よりも低くなっています。
					{3}の販売は、少なくとも{4}。<br> <br>
					{5}で販売価格の検証を無効にしてバイパスできます
					この検証。",
Row #{0}: Serial No {1} does not belong to Batch {2},行＃{0}：シリアルno {1}はbatch {2}に属していません,
Row #{0}: Serial No {1} for Item {2} is not available in {3} {4} or might be reserved in another {5}.,行＃{0}：アイテム{2}のシリアル番号{1}は{3} {4}では使用できないか、別の{5}で予約されている可能性があります。,
Row #{0}: Serial No {1} is already selected.,行＃{0}：シリアルno {1}は既に選択されています。,
Row #{0}: Service End Date cannot be before Invoice Posting Date,行＃{0}：サービスの終了日は請求書の投稿日前にできません,
Row #{0}: Service Start Date cannot be greater than Service End Date,行＃{0}：サービス開始日はサービスの終了日より大きくできません,
Row #{0}: Service Start and End Date is required for deferred accounting,行＃{0}：延期会計にはサービスの開始日と終了日が必要です,
Row #{0}: Set Supplier for item {1},行＃{0}：アイテムのサプライヤーを設定{1},
Row #{0}: Start Time and End Time are required,行＃{0}：開始時間と終了時間が必要です,
Row #{0}: Start Time must be before End Time,行＃{0}：開始時間は終了前に必要です,
Row #{0}: Status is mandatory,行＃{0}：ステータスは必須です,
Row #{0}: Status must be {1} for Invoice Discounting {2},行＃{0}：請求書の割引{2}のステータスは{1}でなければなりません,
Row #{0}: Stock cannot be reserved for Item {1} against a disabled Batch {2}.,行＃{0}：無効なバッチ{2}に対してアイテム{1}に在庫を予約できません。,
Row #{0}: Stock cannot be reserved for a non-stock Item {1},行＃{0}：ストックは在庫のないアイテムのために予約できません{1},
Row #{0}: Stock cannot be reserved in group warehouse {1}.,行＃{0}：グループウェアハウス{1}では在庫を予約できません。,
Row #{0}: Stock is already reserved for the Item {1}.,行＃{0}：在庫はすでにアイテム{1}用に予約されています。,
Row #{0}: Stock is reserved for item {1} in warehouse {2}.,行＃{0}：在庫は、倉庫{2}のアイテム{1}用に予約されています。,
Row #{0}: Stock not available to reserve for Item {1} against Batch {2} in Warehouse {3}.,行＃{0}：倉庫のバッチ{2}に対してアイテム{1}を予約することはできません{3}。,
Row #{0}: Stock not available to reserve for the Item {1} in Warehouse {2}.,row＃{0}：倉庫{2}でアイテム{1}を予約することはできません。,
Row #{0}: The batch {1} has already expired.,行＃{0}：バッチ{1}はすでに期限切れです。,
Row #{0}: The warehouse {1} is not a child warehouse of a group warehouse {2},行＃{0}：倉庫{1}は、グループ倉庫の子倉庫ではありません{2},
Row #{0}: Timings conflicts with row {1},行＃{0}：タイミングは行{1}と矛盾します,
Row #{0}: Total Number of Depreciations cannot be less than or equal to Opening Number of Booked Depreciations,行＃{0}：減価償却の総数は、予約された減価償却の開く数以下にすることはできません,
Row #{0}: You cannot use the inventory dimension '{1}' in Stock Reconciliation to modify the quantity or valuation rate. Stock reconciliation with inventory dimensions is intended solely for performing opening entries.,行＃{0}：在庫和解でインベントリディメンション '{1}'を使用して、数量または評価率を変更することはできません。在庫の寸法との在庫調整は、オープニングエントリの実行のみを目的としています。,
Row #{0}: You must select an Asset for Item {1}.,行＃{0}：アイテム{1}のアセットを選択する必要があります。,
Row #{0}: {1} can not be negative for item {2},行＃{0}：{1}は項目{2}には否定的ではありません,
Row #{0}: {1} is not a valid reading field. Please refer to the field description.,行＃{0}：{1}は有効な読み取りフィールドではありません。フィールドの説明を参照してください。,
Row #{0}: {1} is required to create the Opening {2} Invoices,行＃{0}：{1}は、オープニング{2}請求書を作成するために必要です,
Row #{0}: {1} of {2} should be {3}. Please update the {1} or select a different account.,行＃{0}：{2}の{1}は{3}である必要があります。 {1}を更新するか、別のアカウントを選択してください。,
Row #{1}: Warehouse is mandatory for stock Item {0},行＃{1}：倉庫は在庫項目{0}に必須です,
Row #{idx}: Cannot select Supplier Warehouse while suppling raw materials to subcontractor.,行＃{IDX}：サプライヤーウェアハウスを選択しながら、下請けに原材料を補給できません。,
Row #{idx}: Item rate has been updated as per valuation rate since its an internal stock transfer.,行＃{IDX}：アイテムレートは、内部株式転送以来、評価レートごとに更新されています。,
Row #{idx}: Please enter a location for the asset item {item_code}.,行＃{idx}：Asset Item {item_code}の場所を入力してください。,
Row #{idx}: Received Qty must be equal to Accepted + Rejected Qty for Item {item_code}.,行＃{idx}：受信された数量は、Item {item_code}の受け入れ +拒否された数量に等しくなければなりません。,
Row #{idx}: {field_label} can not be negative for item {item_code}.,row＃{idx}：{field_label}は、item {item_code}でネガティブになりません。,
Row #{idx}: {field_label} is mandatory.,行＃{idx}：{field_label}が必須です。,
Row #{idx}: {field_label} is not allowed in Purchase Return.,行＃{idx}：{field_label}は、購入返品で許可されていません。,
Row #{idx}: {from_warehouse_field} and {to_warehouse_field} cannot be same.,row＃{idx}：{from_warehouse_field}と{to_warehouse_field}は同じではありません。,
Row #{idx}: {schedule_date} cannot be before {transaction_date}.,row＃{idx}：{schedule_date}は{transaction_date}の前にすることはできません。,
Row #{}: Currency of {} - {} doesn't matches company currency.,行＃{}：{}  -  {}の通貨は、会社の通貨と一致しません。,
Row #{}: Finance Book should not be empty since you're using multiple.,行＃{}：倍数を使用しているため、金融本は空にしてはいけません。,
Row #{}: Item Code: {} is not available under warehouse {}.,行＃{}：アイテムコード：{}は、倉庫{}で使用できません。,
Row #{}: POS Invoice {} has been {},行＃{}：pos Invoice {}は{}です,
Row #{}: POS Invoice {} is not against customer {},行＃{}：POS Invoice {}は顧客に対してではありません{},
Row #{}: POS Invoice {} is not submitted yet,行＃{}：pos Invoice {}はまだ提出されていません,
Row #{}: Please assign task to a member.,行＃{}：メンバーにタスクを割り当ててください。,
Row #{}: Please use a different Finance Book.,行＃{}：別のファイナンスブックを使用してください。,
Row #{}: Serial No {} cannot be returned since it was not transacted in original invoice {},行＃{}：シリアルno {}は、元の請求書{}で取引されていないため、返品できません。,
Row #{}: Stock quantity not enough for Item Code: {} under warehouse {}. Available quantity {}.,行＃{}：アイテムコードに十分ではない在庫数：{}用出{} {}。利用可能な数量{}。,
Row #{}: The original Invoice {} of return invoice {} is not consolidated.,行＃{}：return Invoice {}の元の請求書{}は統合されていません。,
Row #{}: You cannot add positive quantities in a return invoice. Please remove item {} to complete the return.,行＃{}：返品請求書に正の量を追加することはできません。返品を完了するには、アイテム{}を削除してください。,
Row #{}: item {} has been picked already.,行＃{}：アイテム{}はすでに選ばれています。,
Row #{}: {},行 ＃{}： {},
Row #{}: {} {} does not exist.,行＃{}：{} {}は存在しません。,
Row #{}: {} {} doesn't belong to Company {}. Please select valid {}.,行＃{}：{} {}は{}に属していません。有効な{}を選択してください。,
Row No {0}: Warehouse is required. Please set a Default Warehouse for Item {1} and Company {2},row no {0}：倉庫が必要です。アイテム{1}および会社{2}のデフォルトの倉庫を設定してください,
Row Number,行番号,
Row {0},行{0},
Row {0} : Operation is required against the raw material item {1},row {0}：原材料項目{1}に対して操作が必要です,
"Row {0} picked quantity is less than the required quantity, additional {1} {2} required.",行{0}選択した数量は、必要な数量よりも少なく、追加{1} {2}が必要です。,
Row {0}# Item {1} cannot be transferred more than {2} against {3} {4},row {0}＃item {1}は{3} {4}に対して{2}以上転送できません,
Row {0}# Item {1} not found in 'Raw Materials Supplied' table in {2} {3},row {0}＃item {1} {2} {3}の「供給された」テーブルに「供給された」テーブルにはありません,
Row {0}: Accepted Qty and Rejected Qty can't be zero at the same time.,row {0}：受け入れられた数量と拒否された数量は、同時にゼロにすることはできません。,
Row {0}: Account {1} and Party Type {2} have different account types,row {0}：アカウント{1}とパーティータイプ{2}は異なるアカウントタイプの,
Row {0}: Activity Type is mandatory.,行{0}：アクティビティタイプは必須です。,
Row {0}: Advance against Customer must be credit,row {0}：顧客に対する前進はクレジットでなければなりません,
Row {0}: Advance against Supplier must be debit,row {0}：サプライヤーに対する前進は借方でなければなりません,
Row {0}: Allocated amount {1} must be less than or equal to invoice outstanding amount {2},row {0}：割り当てられた金額{1}は、未払いの金額{2}請求書以下でなければなりません,
Row {0}: Allocated amount {1} must be less than or equal to remaining payment amount {2},row {0}：割り当てられた金額{1}は、残りの支払い額{2}以下でなければなりません,
"Row {0}: As {1} is enabled, raw materials cannot be added to {2} entry. Use {3} entry to consume raw materials.",row {0}：{1}が有効になると、原材料を{2}エントリに追加することはできません。 {3}エントリを使用して、原材料を消費します。,
Row {0}: Bill of Materials not found for the Item {1},row {0}：アイテムには見つかりません{1},
Row {0}: Both Debit and Credit values cannot be zero,行{0}：デビット値とクレジット値の両方がゼロになることはできません,
Row {0}: Conversion Factor is mandatory,行{0}：変換係数は必須です,
Row {0}: Cost Center {1} does not belong to Company {2},row {0}：コストセンター{1}は会社{2}に属していません,
Row {0}: Cost center is required for an item {1},行{0}：アイテムにはコストセンターが必要です{1},
Row {0}: Credit entry can not be linked with a {1},row {0}：クレジットエントリは{1}とリンクできません,
Row {0}: Currency of the BOM #{1} should be equal to the selected currency {2},row {0}：BOM＃{1}の通貨は、選択した通貨{2}に等しくなければなりません,
Row {0}: Debit entry can not be linked with a {1},行{0}：デビットエントリは{1}とリンクできません,
Row {0}: Delivery Warehouse ({1}) and Customer Warehouse ({2}) can not be same,row {0}：配達倉庫（{1}）と顧客倉庫（{2}）が同じではない,
Row {0}: Due Date in the Payment Terms table cannot be before Posting Date,row {0}：支払い条件の期日は、掲載される前にできません,
Row {0}: Either Delivery Note Item or Packed Item reference is mandatory.,row {0}：配信ノートアイテムまたはパックされたアイテムの参照のいずれかが必須です。,
Row {0}: Exchange Rate is mandatory,行{0}：為替レートは必須です,
Row {0}: Expected Value After Useful Life must be less than Gross Purchase Amount,row {0}：耐用年数後の期待値は総購入金額よりも少ない必要があります,
Row {0}: Expense Head changed to {1} as no Purchase Receipt is created against Item {2}.,row {0}：項目{2}に対して購入領収書が作成されないため、経費ヘッドが{1}に変更されました。,
Row {0}: Expense Head changed to {1} because account {2} is not linked to warehouse {3} or it is not the default inventory account,row {0}：account {2}が倉庫{3}にリンクされていないか、デフォルトのインベントリアカウントではないため、経費ヘッドが{1}に変更されました,
Row {0}: Expense Head changed to {1} because expense is booked against this account in Purchase Receipt {2},row {0}：経費ヘッドが{1}に変更されたため、このアカウントに対して購入領収書{2}が予約されるため,
"Row {0}: For Supplier {1}, Email Address is Required to send an email",行{0}：サプライヤー{1}の場合、メールアドレスがメールを送信する必要があります,
Row {0}: From Time and To Time is mandatory.,row {0}：時間と時間が必須です。,
Row {0}: From Time and To Time of {1} is overlapping with {2},row {0}：{1}の時間と時間まで{2}と重複しています,
Row {0}: From Warehouse is mandatory for internal transfers,row {0}：倉庫から内部転送には必須です,
Row {0}: From time must be less than to time,row {0}：時代よりも時間よりも少ない必要があります,
Row {0}: Hours value must be greater than zero.,行{0}：時間の値はゼロより大きくなければなりません。,
Row {0}: Invalid reference {1},row {0}：無効な参照{1},
Row {0}: Item Tax template updated as per validity and rate applied,行{0}：アイテム税テンプレートは、有効性と適用された税率に応じて更新されました,
Row {0}: Item rate has been updated as per valuation rate since its an internal stock transfer,行{0}：内部株式転送以来、アイテムレートは評価レートに従って更新されました,
Row {0}: Item {1} must be a stock item.,row {0}：アイテム{1}はストックアイテムである必要があります。,
Row {0}: Item {1} must be a subcontracted item.,row {0}：item {1}は、下請け項目でなければなりません。,
Row {0}: Item {1}'s quantity cannot be higher than the available quantity.,row {0}：item {1}の数量は、利用可能な数量よりも高くなることはできません。,
Row {0}: Packed Qty must be equal to {1} Qty.,row {0}：梱包された数量は{1}数量に等しくなければなりません。,
Row {0}: Packing Slip is already created for Item {1}.,row {0}：パッキングスリップは、項目{1}用にすでに作成されています。,
Row {0}: Party / Account does not match with {1} / {2} in {3} {4},row {0}：パーティ /アカウントは{3} {4}の{1} / {2}と一致しません,
Row {0}: Party Type and Party is required for Receivable / Payable account {1},row {0}：パーティーの種類とパーティーは、売掛金 /支払勘定に必要です{1},
Row {0}: Payment Term is mandatory,行{0}：支払い期間は必須です,
Row {0}: Payment against Sales/Purchase Order should always be marked as advance,行{0}：販売/購入注文に対する支払いは、常に前進としてマークされる必要があります,
Row {0}: Please check 'Is Advance' against Account {1} if this is an advance entry.,row {0}：これがアドバンスエントリである場合は、アカウント{1}に対して「アドバンス」を確認してください。,
Row {0}: Please provide a valid Delivery Note Item or Packed Item reference.,row {0}：有効な配送メモアイテムまたは梱包されたアイテムのリファレンスを提供してください。,
Row {0}: Please select a BOM for Item {1}.,row {0}：アイテム{1}のbomを選択してください。,
Row {0}: Please select an active BOM for Item {1}.,row {0}：アイテム{1}のアクティブなBOMを選択してください。,
Row {0}: Please select an valid BOM for Item {1}.,row {0}：アイテム{1}の有効なBOMを選択してください。,
Row {0}: Please set at Tax Exemption Reason in Sales Taxes and Charges,行{0}：売上税と請求の免税理由に設定してください,
Row {0}: Please set the Mode of Payment in Payment Schedule,row {0}：支払いスケジュールで支払いモードを設定してください,
Row {0}: Please set the correct code on Mode of Payment {1},行{0}：支払いモード{1}に正しいコードを設定してください,
Row {0}: Project must be same as the one set in the Timesheet: {1}.,row {0}：プロジェクトは、タイムシートの1つのセットと同じでなければなりません：{1}。,
Row {0}: Purchase Invoice {1} has no stock impact.,row {0}：請求書を購入{1}を購入しても、在庫の影響はありません。,
Row {0}: Qty cannot be greater than {1} for the Item {2}.,row {0}：数量は、アイテム{2}で{1}より大きくすることはできません。,
Row {0}: Qty in Stock UOM can not be zero.,row {0}：在庫の数量はゼロになりません。,
Row {0}: Qty must be greater than 0.,row {0}：数量は0より大きくする必要があります。,
Row {0}: Quantity cannot be negative.,row {0}：数量は負になりません。,
Row {0}: Quantity not available for {4} in warehouse {1} at posting time of the entry ({2} {3}),row {0}：エントリ（{2} {3}）の投稿時にウェアハウス{1}で{4}に使用できない量{4}）,
Row {0}: Shift cannot be changed since the depreciation has already been processed,row {0}：減価償却がすでに処理されているため、シフトを変更できません,
Row {0}: Subcontracted Item is mandatory for the raw material {1},row {0}：下請けのアイテムは、原材料{1}に必須です,
Row {0}: Target Warehouse is mandatory for internal transfers,行{0}：ターゲットウェアハウスは、内部転送に必須です,
Row {0}: Task {1} does not belong to Project {2},row {0}：タスク{1}はproject {2}に属していません,
"Row {0}: The item {1}, quantity must be positive number",row {0}：アイテム{1}、数量は正の数でなければなりません,
Row {0}: The {3} Account {1} does not belong to the company {2},row {0}：{3}アカウント{1}は会社に属していません{2},
"Row {0}: To set {1} periodicity, difference between from and to date must be greater than or equal to {2}",row {0}：{1}周期性を設定するには、{2}以上の違いが{2}以上でなければなりません,
Row {0}: UOM Conversion Factor is mandatory,row {0}：UOM変換係数は必須です,
Row {0}: Workstation or Workstation Type is mandatory for an operation {1},row {0}：ワークステーションまたはワークステーションタイプは操作に必須{1},
Row {0}: user has not applied the rule {1} on the item {2},row {0}：ユーザーはアイテム{2}にルール{1}を適用していません,
Row {0}: {1} account already applied for Accounting Dimension {2},row {0}：{1}アカウントは、会計次元にすでに適用されています{2},
Row {0}: {1} must be greater than 0,行{0}：{1}は0より大きくなければなりません,
Row {0}: {1} {2} cannot be same as {3} (Party Account) {4},row {0}：{1} {2}は{3}（パーティーアカウント）{4}と同じにすることはできません,
Row {0}: {1} {2} does not match with {3},row {0}：{1} {2}は{3}と一致しません,
Row {0}: {2} Item {1} does not exist in {2} {3},row {0}：{2} item {1}は{2} {3}に存在しません,
"Row {1}: Quantity ({0}) cannot be a fraction. To allow this, disable '{2}' in UOM {3}.",row {1}：数量（{0}）は分数ではありません。これを許可するには、uom {3}で「{2}」を無効にします。,
Row {idx}: Asset Naming Series is mandatory for the auto creation of assets for item {item_code}.,row {idx}：Asset Namingシリーズは、item {item_code}のアセットの自動作成に必須です。,
Row({0}): Outstanding Amount cannot be greater than actual Outstanding Amount {1} in {2},row（{0}）：未払いの金額は、{2}の実際の未払いの金額{1}よりも大きくすることはできません,
Row({0}): {1} is already discounted in {2},row（{0}）：{1}は{2}ですでに割引されています,
Rows Added in {0},{0}に追加された行,
Rows Removed in {0},{0}で削除された行,
Rows with Same Account heads will be merged on Ledger,同じアカウントヘッドを持つ行は元帳上にマージされます,
Rows with duplicate due dates in other rows were found: {0},他の行に重複した期日がある行が見つかりました：{0},
Rows: {0} have 'Payment Entry' as reference_type. This should not be set manually.,行：{0} reference_typeとして「支払いエントリ」があります。これは手動で設定しないでください。,
Rows: {0} in {1} section are Invalid. Reference Name should point to a valid Payment Entry or Journal Entry.,行：{1}のセクションの{0}は無効です。参照名は、有効な支払いエントリまたはジャーナルエントリを指す必要があります。,
Rule Applied,適用されたルール,
Rule Description,ルールの説明,
Run parallel job cards in a workstation,ワークステーションで並列ジョブカードを実行します,
Running,ランニング,
S.O. No.,それで。いいえ。,
SCO Supplied Item,SCOが提供したアイテム,
SLA Fulfilled On,SLAが満たされました,
SLA Fulfilled On Status,SLAはステータスで満たされました,
SLA Paused On,SLAは立ち止まりました,
SLA is on hold since {0},{0}以来SLAは保留中です,
SLA will be applied if {1} is set as {2}{3},{1}が{2} {3}として設定されている場合、SLAは適用されます,
SLA will be applied on every {0},SLAはすべての{0}に適用されます,
SMS Center,SMSセンター,
SO Qty,だから数量,
SO Total Qty,だから合計数量,
STATEMENT OF ACCOUNTS,アカウントの声明,
SWIFT Number,迅速な番号,
SWIFT number,迅速な番号,
Safety Stock,安全在庫,
Salary,給料,
Salary Currency,給与通貨,
Salary Mode,給与モード,
Salary Slip,給与スリップ,
Sales,販売,
Sales Account,販売口座,
Sales Analytics,販売分析,
Sales Contributions and Incentives,販売の拠出とインセンティブ,
Sales Defaults,販売デフォルト,
Sales Expenses,販売費用,
Sales Funnel,販売目標到達プロセス,
Sales Incoming Rate,販売受信料,
Sales Invoice,販売請求書,
Sales Invoice Advance,販売請求書の前進,
Sales Invoice Item,販売請求書アイテム,
Sales Invoice No,販売請求書番号,
Sales Invoice Payment,販売請求書の支払い,
Sales Invoice Reference,販売請求書リファレンス,
Sales Invoice Timesheet,販売請求書のタイムシート,
Sales Invoice Transactions,販売請求書取引,
Sales Invoice Trends,販売請求書の傾向,
Sales Invoice does not have Payments,販売請求書には支払いがありません,
Sales Invoice is already consolidated,販売請求書はすでに統合されています,
Sales Invoice is not created using POS,販売請求書は、POSを使用して作成されません,
Sales Invoice is not submitted,販売請求書は提出されていません,
Sales Invoice isn't created by user {},販売請求書はユーザー{}によって作成されません,
Sales Invoice mode is activated in POS. Please create Sales Invoice instead.,販売請求書モードはPOSでアクティブ化されています。代わりに販売請求書を作成してください。,
Sales Invoice {0} has already been submitted,販売請求書{0}はすでに提出されています,
Sales Invoice {0} must be deleted before cancelling this Sales Order,販売請求書{0}は、この販売注文をキャンセルする前に削除する必要があります,
Sales Manager,営業部長,
Sales Master Manager,セールスマスターマネージャー,
Sales Monthly History,毎月の販売履歴,
Sales Opportunities by Campaign,キャンペーンごとの販売機会,
Sales Opportunities by Medium,メディアによる販売機会,
Sales Opportunities by Source,ソースごとの販売機会,
Sales Order,販売注文,
Sales Order Analysis,販売注文分析,
Sales Order Date,販売注文日,
Sales Order Item,販売注文アイテム,
Sales Order Packed Item,販売注文パックアイテム,
Sales Order Reference,販売注文参照,
Sales Order Status,販売注文ステータス,
Sales Order Trends,販売注文の傾向,
Sales Order required for Item {0},アイテムに必要な販売注文{0},
"Sales Order {0} already exists against Customer's Purchase Order {1}. To allow multiple Sales Orders, Enable {2} in {3}",販売注文{0}は、顧客の発注書{1}に対してすでに存在しています。複数の販売注文を許可するには、{3}で{2}を有効にします,
Sales Order {0} is not submitted,販売注文{0}は送信されません,
Sales Order {0} is not valid,販売注文{0}は無効です,
Sales Order {0} is {1},販売注文{0}は{1}です,
Sales Orders,販売注文,
Sales Orders Required,販売注文が必要です,
Sales Orders to Bill,請求書への販売注文,
Sales Orders to Deliver,配信する販売注文,
Sales Partner,販売パートナー,
Sales Partner ,販売パートナー,
Sales Partner Commission Summary,販売パートナー委員会の概要,
Sales Partner Item,販売パートナーアイテム,
Sales Partner Name,販売パートナー名,
Sales Partner Target,販売パートナーのターゲット,
Sales Partner Target Variance based on Item Group,アイテムグループに基づく販売パートナーの目標分散,
Sales Partner Transaction Summary,販売パートナートランザクションの概要,
Sales Partner Type,販売パートナータイプ,
Sales Partners Commission,販売パートナー委員会,
Sales Payment Summary,販売支払いの概要,
Sales Person,営業担当者,
Sales Person <b>{0}</b> is disabled.,営業担当者<b> {0} </b>は無効です。,
Sales Person Commission Summary,営業担当者委員会の概要,
Sales Person Name,営業担当者の名前,
Sales Person Target Variance Based On Item Group,アイテムグループに基づく販売者のターゲット分散,
Sales Person Targets,営業担当者のターゲット,
Sales Person-wise Transaction Summary,営業担当者ごとのトランザクションの概要,
Sales Pipeline,販売パイプライン,
Sales Pipeline Analytics,販売パイプライン分析,
Sales Pipeline by Stage,ステージごとの販売パイプライン,
Sales Price List,販売価格表,
Sales Register,販売登録,
Sales Return,販売リターン,
Sales Stage,販売段階,
Sales Summary,販売概要,
Sales Tax Template,売上税テンプレート,
Sales Taxes and Charges,売上税と料金,
Sales Taxes and Charges Template,売上税と料金テンプレート,
Sales Team,セールスチーム,
Sales Update Frequency in Company and Project,会社とプロジェクトの販売更新頻度,
Sales User,販売ユーザー,
Sales Value,販売価値,
Sales and Returns,販売とリターン,
Sales orders are not available for production,販売注文は生産には利用できません,
Salutation,挨拶,
Salvage Value,サルベージ値,
Salvage Value Percentage,サルベージ値の割合,
Same Company is entered more than once,同じ会社が複数回参加しています,
Same Item,同じアイテム,
Same item and warehouse combination already entered.,同じアイテムと倉庫の組み合わせがすでに入力されています。,
Same item cannot be entered multiple times.,同じアイテムを複数回入力することはできません。,
Same supplier has been entered multiple times,同じサプライヤーが複数回参加しています,
Sample Quantity,サンプル数量,
Sample Retention Warehouse,サンプル保持ウェアハウス,
Sample Size,サンプルサイズ,
Sample quantity {0} cannot be more than received quantity {1},サンプル数量{0}は、受信量を超えることはできません{1},
Sanctioned,認可,
Saturday,土曜日,
Save,保存,
Save Changes and Load New Invoice,変更を保存し、新しい請求書をロードします,
Savings,節約,
Scan Barcode,バーコードをスキャンします,
Scan Batch No,スキャンバッチ番号,
Scan Job Card Qrcode,ジョブカードqrcodeをスキャンします,
Scan Mode,スキャンモード,
Scan Serial No,スキャンシリアル番号,
Scan barcode for item {0},アイテムのバーコードをスキャン{0},
"Scan mode enabled, existing quantity will not be fetched.",スキャンモードが有効になっているため、既存の数量は取得されません。,
Scanned Cheque,スキャンされたチェック,
Scanned Quantity,スキャンされた数量,
Schedule,スケジュール,
Schedule Date,スケジュール日,
Scheduled,スケジュール,
Scheduled Date,スケジュール日,
Scheduled Time,予定時間,
Scheduled Time Logs,スケジュールされた時間ログ,
Scheduler Inactive,スケジューラが非アクティブ,
Scheduler is Inactive. Can't trigger job now.,スケジューラは非アクティブです。今はジョブをトリガーできません。,
Scheduler is Inactive. Can't trigger jobs now.,スケジューラは非アクティブです。今はジョブをトリガーできません。,
Scheduler is inactive. Cannot enqueue job.,スケジューラは非アクティブです。ジョブをenqueueすることはできません。,
Scheduler is inactive. Cannot import data.,スケジューラは非アクティブです。データをインポートできません。,
Scheduler is inactive. Cannot merge accounts.,スケジューラは非アクティブです。アカウントをマージできません。,
Schedules,スケジュール,
Scheduling,スケジューリング,
Scheduling...,スケジューリング...,
School/University,学校/大学,
Score,スコア,
Scorecard Actions,スコアカードアクション,
"Scorecard variables can be used, as well as:
{total_score} (the total score from that period),
{period_number} (the number of periods to present day)
","スコアカード変数を使用できます。
{total_score}（その期間の合計スコア）、
{Period_Number}（現在の期間数）",
Scorecards,スコアカード,
Scoring Criteria,スコアリング基準,
Scoring Setup,スコアリングセットアップ,
Scoring Standings,得点の順位,
Scrap & Process Loss,スクラップとプロセスの損失,
Scrap Asset,スクラップ資産,
Scrap Cost Per Qty,数量あたりのスクラップコスト,
Scrap Item Code,スクラップアイテムコード,
Scrap Item Name,スクラップアイテム名,
Scrap Items,スクラップアイテム,
Scrap Material Cost,スクラップ材料コスト,
Scrap Material Cost(Company Currency),スクラップ材料コスト（会社通貨）,
Scrap Warehouse,スクラップウェアハウス,
Scrap date cannot be before purchase date,スクラップ日付は購入日前にはできません,
Scrapped,廃棄,
Search,検索,
Search APIs,APIを検索します,
Search Sub Assemblies,サブアセンブリを検索します,
Search Term Param Name,用語のパラメーション名を検索します,
"Search by customer name, phone, email.",顧客名、電話、電子メールで検索します。,
Search by invoice id or customer name,請求書IDまたは顧客名で検索します,
"Search by item code, serial number or barcode",アイテムコード、シリアル番号、またはバーコードで検索します,
Second Email,2番目のメール,
Secondary Party,二次パーティー,
Secondary Role,二次的な役割,
Section,セクション,
Section Code,セクションコード,
Secured Loans,安全なローン,
Securities and Deposits,証券と預金,
See All Articles,すべての記事を参照してください,
See all open tickets,すべてのオープンチケットをご覧ください,
Segregate Serial / Batch Bundle,シリアル /バッチバンドルを分離します,
Select,選択します,
Select Accounting Dimension.,アカウンティングディメンションを選択します。,
Select Alternate Item,代替アイテムを選択します,
Select Alternative Items for Sales Order,販売注文の代替アイテムを選択します,
Select Attribute Values,属性値を選択します,
Select BOM,BOMを選択します,
Select BOM and Qty for Production,生産用にBOMと数量を選択します,
"Select BOM, Qty and For Warehouse",Bom、Qty、および倉庫を選択します,
Select Batch No,バッチ番号を選択します,
Select Billing Address,請求アドレスを選択します,
Select Brand...,ブランドを選択...,
Select Columns and Filters,列とフィルターを選択します,
Select Company,Companyを選択します,
Select Corrective Operation,是正操作を選択します,
Select Customers By,顧客を選択します,
Select Date of Birth. This will validate Employees age and prevent hiring of under-age staff.,生年月日を選択します。これにより、従業員の年齢が検証され、未成年のスタッフの雇用が防止されます。,
"Select Date of joining. It will have impact on the first salary calculation, Leave allocation on pro-rata bases.",参加日を選択します。それは最初の給与計算に影響を及ぼし、プロラタベースに割り当てを残します。,
Select Default Supplier,デフォルトのサプライヤーを選択します,
Select Difference Account,[差異アカウント]を選択します,
Select Dimension,[ディメンション]を選択します,
Select Dispatch Address ,ディスパッチアドレスを選択します,
Select DocType,Doctypeを選択します,
Select Employees,従業員を選択します,
Select Finished Good,完成したグッドを選択します,
Select Items,アイテムを選択します,
Select Items based on Delivery Date,配達日に基づいてアイテムを選択します,
Select Items for Quality Inspection,品質検査のためにアイテムを選択します,
Select Items to Manufacture,製造するアイテムを選択します,
Select Items up to Delivery Date,配達日までアイテムを選択します,
Select Job Worker Address,ジョブワーカーアドレスを選択します,
Select Loyalty Program,ロイヤルティプログラムを選択します,
Select Possible Supplier,可能なサプライヤーを選択します,
Select Quantity,数量を選択します,
Select Serial No,シリアル番号を選択します,
Select Serial and Batch,シリアルとバッチを選択します,
Select Shipping Address,配送先住所を選択します,
Select Supplier Address,サプライヤーアドレスを選択します,
Select Target Warehouse,ターゲットウェアハウスを選択します,
Select Time,時間を選択します,
Select View,[ビュー]を選択します,
Select Vouchers to Match,一致するバウチャーを選択します,
Select Warehouse...,倉庫を選択してください...,
Select Warehouses to get Stock for Materials Planning,倉庫を選択するには、材料計画の在庫を取得します,
Select a Company,会社を選択します,
Select a Company this Employee belongs to.,この従業員が所属する会社を選択します。,
Select a Customer,顧客を選択します,
Select a Default Priority.,デフォルトの優先度を選択します。,
Select a Payment Method.,支払い方法を選択します。,
Select a Supplier,サプライヤーを選択します,
"Select a Supplier from the Default Suppliers of the items below. On selection, a Purchase Order will be made against items belonging to the selected Supplier only.",以下のアイテムのデフォルトのサプライヤーからサプライヤーを選択します。選択時には、選択したサプライヤーのみに属するアイテムに対して発注書が作成されます。,
Select a company,会社を選択します,
Select an Item Group.,アイテムグループを選択します。,
Select an account to print in account currency,アカウント通貨で印刷するアカウントを選択します,
Select an invoice to load summary data,請求書を選択して概要データをロードします,
Select an item from each set to be used in the Sales Order.,販売注文で使用する各セットからアイテムを選択します。,
Select at least one value from each of the attributes.,各属性から少なくとも1つの値を選択します。,
Select company first,最初に会社を選択します,
Select company name first.,最初に会社名を選択します。,
Select finance book for the item {0} at row {1},row {1}でアイテム{0}のファイナンスブックを選択します,
Select item group,アイテムグループを選択します,
Select template item,テンプレートアイテムを選択します,
Select the Bank Account to reconcile.,銀行口座を選択して調整します。,
Select the Default Workstation where the Operation will be performed. This will be fetched in BOMs and Work Orders.,操作が実行されるデフォルトのワークステーションを選択します。これは、BomsとWork Ordersでフェッチされます。,
Select the Item to be manufactured.,製造するアイテムを選択します。,
"Select the Item to be manufactured. The Item name, UoM, Company, and Currency will be fetched automatically.",製造するアイテムを選択します。アイテム名、UOM、会社、および通貨は自動的にフェッチされます。,
Select the Warehouse,倉庫を選択します,
Select the customer or supplier.,顧客またはサプライヤーを選択します。,
Select the date,日付を選択します,
Select the date and your timezone,日付とTimeZoneを選択します,
Select the raw materials (Items) required to manufacture the Item,アイテムの製造に必要な原材料（アイテム）を選択します,
Select variant item code for the template item {0},テンプレートアイテムのバリアントアイテムコードを選択{0},
"Select whether to get items from a Sales Order or a Material Request. For now select <b>Sales Order</b>.
 A Production Plan can also be created manually where you can select the Items to manufacture.","販売注文からのアイテムを取得するか、物質的なリクエストを取得するかを選択します。今のところ、<b>販売注文</b>を選択します。
 生産計画は、製造するアイテムを選択できる場所で手動で作成することもできます。",
Select your weekly off day,毎週休みの日を選択してください,
"Select, to make the customer searchable with these fields",選択して、これらのフィールドで顧客を検索可能にします,
Selected POS Opening Entry should be open.,選択したPOSオープニングエントリを開いている必要があります。,
Selected Price List should have buying and selling fields checked.,選択した価格表には、フィールドの売買がチェックされている必要があります。,
Selected Serial and Batch Bundle entries have been removed.,選択したシリアルおよびバッチバンドルエントリが削除されました。,
Selected Vouchers,選択したバウチャー,
Selected date is,選択された日付はです,
Selected document must be in submitted state,選択したドキュメントは、提出された状態である必要があります,
Self delivery,セルフ配信,
Sell,売る,
Sell Asset,資産を売る,
Selling,販売,
Selling Amount,販売額,
Selling Price List,販売価格表,
Selling Rate,販売料金,
Selling Settings,販売設定,
"Selling must be checked, if Applicable For is selected as {0}",該当する場合は{0}として該当する場合は、販売をチェックする必要があります。,
Semi Finished Good / Finished Good,セミフィニッシュグッド /フィニッシュグッド,
Semi Finished Goods / Finished Goods,半完成品 /完成品,
Send,送信,
Send After (days),後に送る（日）,
Send Attached Files,添付ファイルを送信します,
Send Document Print,ドキュメントプリントを送信します,
Send Email,メールを送信します,
Send Emails,メールを送信します,
Send Emails to Suppliers,サプライヤーにメールを送信します,
Send Now,今すぐ送信してください,
Send SMS,SMSを送信します,
Send To,に送ります,
Send To Primary Contact,一次連絡先に送信します,
Send regular summary reports via Email.,メールで定期的な要約レポートを送信します。,
Send to Subcontractor,下請業者に送信します,
Send with Attachment,添付ファイルで送信します,
Sender,送信者,
Sending,送信,
Sent,送信済み,
Sequence ID,シーケンスID,
Sequence Id,シーケンスID,
Sequential,一連,
Serial & Batch Item,シリアルおよびバッチアイテム,
Serial & Batch Item Settings,シリアルおよびバッチアイテムの設定,
Serial / Batch Bundle,シリアル /バッチバンドル,
Serial / Batch Bundle Missing,シリアル /バッチバンドルがありません,
Serial / Batch No,シリアル /バッチ番号,
Serial / Batch Nos,シリアル /バッチ番号,
Serial No,シリアル番号,
Serial No (In/Out),シリアル番号（イン/アウト）,
Serial No / Batch,シリアル番号 /バッチ,
Serial No Count,シリアルなしカウント,
Serial No Ledger,シリアルなし元帳,
Serial No Range,シリアルなし範囲,
Serial No Reserved,シリアルなし予約済み,
Serial No Service Contract Expiry,シリアルなしサービス契約の有効期限,
Serial No Status,シリアルなしステータス,
Serial No Warranty Expiry,シリアルなし保証有効期限,
Serial No and Batch,シリアル番号とバッチ,
Serial No and Batch Selector cannot be use when Use Serial / Batch Fields is enabled.,シリアル /バッチセレクターは、シリアル /バッチフィールドを使用する場合は使用できません。,
Serial No is mandatory,シリアル番号は必須です,
Serial No is mandatory for Item {0},シリアル番号はアイテム{0}に必須です,
Serial No {0} already exists,シリアル番号{0}はすでに存在します,
Serial No {0} already scanned,シリアルNO {0}はすでにスキャンされています,
Serial No {0} does not belong to Delivery Note {1},シリアルno {0}は配信注{1}に属していません,
Serial No {0} does not belong to Item {1},シリアルno {0}はアイテム{1}に属していません,
Serial No {0} does not exist,シリアル番号{0}は存在しません,
Serial No {0} does not exists,シリアル番号{0}は存在しません,
Serial No {0} is already added,シリアルNO {0}はすでに追加されています,
"Serial No {0} is not present in the {1} {2}, hence you can't return it against the {1} {2}",シリアル番号{0}は{1} {2}に存在しないため、{1} {2}に対して返すことはできません,
Serial No {0} is under maintenance contract upto {1},シリアル番号{0}は{1}までのメンテナンス契約に基づいています,
Serial No {0} is under warranty upto {1},シリアル番号{0}は{1}までの保証下にあります,
Serial No {0} not found,シリアルno {0}見つかりません,
Serial No: {0} has already been transacted into another POS Invoice.,シリアル番号：{0}は、すでに別のPOS請求書に取引されています。,
Serial Nos,シリアルNOS,
Serial Nos / Batch Nos,シリアルNOS /バッチNO,
Serial Nos and Batches,シリアルNOSおよびバッチ,
Serial Nos are created successfully,シリアルNOは正常に作成されます,
"Serial Nos are reserved in Stock Reservation Entries, you need to unreserve them before proceeding.",シリアルNOは在庫予約エントリで予約されているため、進行する前にそれらを解除する必要があります。,
Serial Number Series,シリアル番号シリーズ,
Serial and Batch,シリアルとバッチ,
Serial and Batch Bundle,シリアルバンドルとバッチバンドル,
Serial and Batch Bundle created,作成されたシリアルおよびバッチバンドル,
Serial and Batch Bundle updated,シリアルバンドルとバッチバンドルが更新されました,
Serial and Batch Bundle {0} is already used in {1} {2}.,シリアルおよびバッチバンドル{0}は、{1} {2}ですでに使用されています。,
Serial and Batch Details,シリアルおよびバッチの詳細,
Serial and Batch Entry,シリアルおよびバッチエントリ,
Serial and Batch No,シリアルおよびバッチ番号,
Serial and Batch Nos,シリアルおよびバッチNos,
Serial and Batch Nos will be auto-reserved based on <b>Pick Serial / Batch Based On</b>,シリアルおよびバッチNOSは、< / b>に基づいて<b>ピックシリアル /バッチに基づいて自動予約されます,
Serial and Batch Reservation,シリアルおよびバッチ予約,
Serial and Batch Summary,シリアルとバッチの概要,
Serial number {0} entered more than once,シリアル番号{0}は複数回入力しました,
Serial numbers unavailable for Item {0} under warehouse {1}. Please try changing warehouse.,ウェアハウスの下のアイテム{0}については使用できません{1}。倉庫を交換してみてください。,
Series,シリーズ,
Series for Asset Depreciation Entry (Journal Entry),資産減価償却のシリーズ（ジャーナルエントリ）,
Series is mandatory,シリーズは必須です,
Service,サービス,
Service Address,サービスアドレス,
Service Cost Per Qty,数量ごとのサービスコスト,
Service Day,サービスの日,
Service End Date,サービスの終了日,
Service Expense Total Amount,サービス費用総額,
Service Expenses,サービス費用,
Service Item,サービスアイテム,
Service Item Qty,サービスアイテムの数量,
Service Item Qty / Finished Good Qty,サービスアイテムの数量 /完成した良い数量,
Service Item UOM,サービスアイテムUOM,
Service Item {0} is disabled.,サービスアイテム{0}は無効です。,
Service Item {0} must be a non-stock item.,サービスアイテム{0}は非株式アイテムでなければなりません。,
Service Items,サービスアイテム,
Service Level Agreement,サービスレベル契約,
Service Level Agreement Creation,サービスレベル契約の作成,
Service Level Agreement Details,サービスレベルの契約の詳細,
Service Level Agreement Status,サービスレベル契約ステータス,
Service Level Agreement for {0} {1} already exists.,{0} {1}のサービスレベル契約はすでに存在します。,
Service Level Agreement has been changed to {0}.,サービスレベルの契約は{0}に変更されました。,
Service Level Agreement was reset.,サービスレベルの契約はリセットされました。,
Service Level Agreements,サービスレベル契約,
Service Level Name,サービスレベル名,
Service Level Priority,サービスレベルの優先順位,
Service Provider,サービスプロバイダー,
Service Received But Not Billed,受け取ったが請求されていないサービス,
Service Start Date,サービス開始日,
Service Stop Date,サービスの停止日,
Service Stop Date cannot be after Service End Date,サービスの停止日は、サービスの終了日以降にできません,
Service Stop Date cannot be before Service Start Date,サービスの停止日は、サービス開始日前にはできません,
Service item not present in Purchase Invoice {0},購入請求書に存在しないサービスアイテム{0},
Services,サービス,
Session Defaults,セッションのデフォルト,
Set Accepted Warehouse,受け入れられた倉庫を設定します,
Set Advances and Allocate (FIFO),アドバンスを設定して割り当てる（FIFO）,
Set Basic Rate Manually,基本レートを手動で設定します,
Set Default Supplier,デフォルトのサプライヤーを設定します,
Set Finished Good Quantity,完成した量を設定します,
Set From Warehouse,倉庫からセット,
Set Grand Total to Default Payment Method,総計をデフォルトの支払い方法に設定します,
Set Item Group-wise budgets on this Territory. You can also include seasonality by setting the Distribution.,この領域でアイテムグループごとの予算を設定します。分布を設定して季節性を含めることもできます。,
Set Landed Cost Based on Purchase Invoice Rate,購入請求書率に基づいて土地コストを設定します,
Set Loyalty Program,ロイヤルティプログラムを設定します,
Set New Release Date,新しいリリース日を設定します,
Set Operating Cost / Scrap Items From Sub-assemblies,サブアセンブリから操作コスト /スクラップアイテムを設定します,
Set Operating Cost Based On BOM Quantity,BOM数量に基づいて運用コストを設定します,
Set Parent Row No in Items Table,アイテムのテーブルに親の行を設定します,
Set Posting Date,投稿日を設定します,
Set Process Loss Item Quantity,プロセス損失アイテムの数量を設定します,
Set Project Status,プロジェクトステータスを設定します,
Set Project and all Tasks to status {0}?,プロジェクトとすべてのタスクをステータス{0}に設定しますか？,
Set Quantity,数量を設定します,
Set Reserve Warehouse,予備倉庫を設定します,
Set Response Time for Priority {0} in row {1}.,{1}行の優先度{0}の応答時間を設定します。,
Set Serial and Batch Bundle Naming Based on Naming Series,ネーミングシリーズに基づいて、シリアルとバッチバンドルの命名を設定します,
Set Source Warehouse,ソースウェアハウスを設定します,
Set Target Warehouse,ターゲットウェアハウスを設定します,
Set Valuation Rate Based on Source Warehouse,ソースウェアハウスに基づいて評価率を設定します,
Set Valuation Rate for Rejected Materials,拒否された材料の評価率を設定します,
Set Warehouse,倉庫を設定します,
Set as Closed,閉じたように設定します,
Set as Completed,完了したとおりに設定します,
Set as Lost,失われたように設定します,
Set as Open,開いて設定します,
Set by Item Tax Template,アイテム税テンプレートによって設定されています,
Set default inventory account for perpetual inventory,永久在庫のデフォルトのインベントリアカウントを設定します,
Set default {0} account for non stock items,非在庫項目のデフォルト{0}アカウントを設定します,
Set fieldname from which you want to fetch the data from the parent form.,親フォームからデータを取得するフィールド名を設定します。,
Set quantity of process loss item:,プロセス損失項目の量を設定します：,
Set rate of sub-assembly item based on BOM,BOMに基づくサブアセンブリアイテムの設定レート,
Set targets Item Group-wise for this Sales Person.,この営業担当者のターゲットをグループごとに設定します。,
Set the Planned Start Date (an Estimated Date at which you want the Production to begin),計画された開始日を設定します（生産を開始したい推定日）,
Set the status manually.,ステータスを手動で設定します。,
Set this if the customer is a Public Administration company.,顧客が行政会社である場合、これを設定します。,
Set {0} in asset category {1} for company {2},会社{2}の資産カテゴリ{1}で{0}をset {0},
Set {0} in asset category {1} or company {2},Asset Category {1}またはCompany {2}で{0}をset {0},
Set {0} in company {1},会社{1}で{0}をset {0},
Sets 'Accepted Warehouse' in each row of the Items table.,アイテムテーブルの各行に「受け入れられた倉庫」を設定します。,
Sets 'Rejected Warehouse' in each row of the Items table.,アイテムテーブルの各行に「拒否された倉庫」を設定します。,
Sets 'Reserve Warehouse' in each row of the Supplied Items table.,付属のアイテムテーブルの各行に「予備倉庫」を設定します。,
Sets 'Source Warehouse' in each row of the items table.,アイテムテーブルの各行に「ソースウェアハウス」を設定します。,
Sets 'Target Warehouse' in each row of the items table.,アイテムテーブルの各行に「ターゲットウェアハウス」を設定します。,
Sets 'Warehouse' in each row of the Items table.,アイテムテーブルの各行に「倉庫」を設定します。,
Setting Account Type helps in selecting this Account in transactions.,アカウントタイプの設定は、トランザクションでこのアカウントを選択するのに役立ちます。,
"Setting Events to {0}, since the Employee attached to the below Sales Persons does not have a User ID{1}",以下の営業担当者に添付されている従業員にはユーザーIDがないため、イベントを{0}に設定します{1},
Setting Item Locations...,アイテムの場所の設定...,
Setting defaults,デフォルトの設定,
Setting the account as a Company Account is necessary for Bank Reconciliation,銀行の和解には、アカウントを会社アカウントとして設定することが必要です,
Setting up company,会社のセットアップ,
Settings,設定,
Settings for Selling Module,販売モジュールの設定,
Settled,落ち着いた,
Setup,設定,
Setup your organization,組織をセットアップします,
Share Balance,バランスを共有します,
Share Ledger,レジャーを共有します,
Share Transfer,共有転送,
Share Type,共有タイプ,
Shareholder,株主,
Shelf Life In Days,数日の貯蔵寿命,
Shelf Life in Days,数日の貯蔵寿命,
Shift,シフト,
Shift Factor,シフト係数,
Shift Name,シフト名,
Shift Request Approver,シフトリクエスト承認者,
Shipment,出荷,
Shipment Amount,出荷額,
Shipment Delivery Note,出荷配達ノート,
Shipment ID,出荷ID,
Shipment Information,出荷情報,
Shipment Parcel,出荷小包,
Shipment Parcel Template,出荷小包テンプレート,
Shipment Type,出荷タイプ,
Shipment details,出荷の詳細,
Shipments,出荷,
Shipping Account,配送口座,
Shipping Address,お届け先の住所,
Shipping Address Details,配送先住所の詳細,
Shipping Address Name,配送先住所名,
Shipping Address Template,配送先住所テンプレート,
Shipping Address does not belong to the {0},配送先住所は{0}に属していません,
"Shipping Address does not have country, which is required for this Shipping Rule",配送先住所には国がありません。これはこの配送ルールに必要です,
Shipping Amount,出荷金額,
Shipping City,海運都市,
Shipping Country,出荷国,
Shipping County,海運郡,
Shipping Rule,配送ルール,
Shipping Rule Condition,配送ルールの条件,
Shipping Rule Conditions,配送ルール条件,
Shipping Rule Country,出荷ルール国,
Shipping Rule Label,配送ルールラベル,
Shipping Rule Type,配送ルールタイプ,
Shipping State,出荷状態,
Shipping Zipcode,発送zipcode,
Shipping rule not applicable for country {0} in Shipping Address,配送先住所で国{0}に適用されない配送ルール,
Shipping rule only applicable for Buying,購入にのみ適用される配送ルール,
Shipping rule only applicable for Selling,販売にのみ適用される配送ルール,
Shopping Cart,ショッピングカート,
Short Name,短い名前,
Short Term Loan Account,短期ローン口座,
Short biography for website and other publications.,ウェブサイトやその他の出版物のための短い伝記。,
Shortage Qty,不足数量,
Show Aggregate Value from Subsidiary Companies,子会社からの総価値を示します,
Show Balances in Chart Of Accounts,アカウントのチャートに残高を表示します,
Show Barcode Field in Stock Transactions,ストックトランザクションでバーコードフィールドを表示します,
Show Cancelled Entries,キャンセルされたエントリを表示します,
Show Completed,完成したショー,
Show Cumulative Amount,累積量を表示します,
Show Dimension Wise Stock,ディメンションワイズストックを表示します,
Show Disabled Warehouses,障害のある倉庫を表示します,
Show Failed Logs,失敗したログを表示します,
Show Future Payments,将来の支払いを示します,
Show GL Balance,GLバランスを表示します,
Show In Website,ウェブサイトで表示します,
Show Inclusive Tax in Print,印刷物に包括的税を示します,
Show Item Name,アイテム名を表示します,
Show Items,アイテムを表示します,
Show Latest Forum Posts,最新のフォーラムの投稿を表示します,
Show Ledger View,元帳ビューを表示します,
Show Linked Delivery Notes,リンクされた配信ノートを表示します,
Show Net Values in Party Account,パーティーアカウントにネット値を表示します,
Show Open,開いて表示します,
Show Opening Entries,オープニングエントリを表示します,
Show Operations,操作を表示します,
Show Pay Button in Purchase Order Portal,注文書ポータルに支払いボタンを表示します,
Show Payment Details,支払いの詳細を表示します,
Show Payment Schedule in Print,プリントの支払いスケジュールを表示します,
Show Preview,プレビューを表示します,
Show Remarks,発言を示します,
Show Return Entries,返品エントリを表示します,
Show Sales Person,営業担当者を表示します,
Show Stock Ageing Data,在庫の老化データを表示します,
Show Taxes as Table in Print,印刷物のテーブルとして税金を表示します,
Show Traceback,トレースバックを表示します,
Show Variant Attributes,バリアント属性を表示します,
Show Variants,バリエーションを表示します,
Show Warehouse-wise Stock,倉庫ごとのストックを表示します,
Show exploded view,爆発的なビューを表示します,
Show in Website,ウェブサイトで表示します,
Show net values in opening and closing columns,開閉列にネット値を表示します,
Show only POS,POSのみを表示します,
Show only the Immediate Upcoming Term,近日中の期間のみを表示します,
Show pending entries,保留中のエントリを表示します,
Show unclosed fiscal year's P&L balances,閉鎖されていない会計年度のP＆Lバランスを示します,
Show with upcoming revenue/expense,今後の収益/費用で表示します,
Show zero values,ゼロ値を表示します,
Show {0},show {0},
Signatory Position,署名ポジション,
Signed,署名,
Signed By (Company),署名（会社）,
Signed On,サインオン,
Signee,署名者,
Signee (Company),署名者（会社）,
Signee Details,署名者の詳細,
"Simple Python Expression, Example: doc.status == 'Open' and doc.issue_type == 'Bug'",単純なpython式、例：doc.status == 'open'およびdoc.issue_type == 'bug',
"Simple Python Expression, Example: territory != 'All Territories'",単純なPython表現、例：領土！=「すべての領土」,
"Simple Python formula applied on Reading fields.<br> Numeric eg. 1: <b>reading_1 &gt; 0.2 and reading_1 &lt; 0.5</b><br>
Numeric eg. 2: <b>mean &gt; 3.5</b> (mean of populated fields)<br>
Value based eg.:  <b>reading_value in (""A"", ""B"", ""C"")</b>","読み取りフィールドに適用される単純なPython式。<br>数値EG。 1：<b> ready_1＆gt; 0.2およびReading_1＆lt; 0.5 </b> <br>
数値EG。 2：<b>平均＆gt; 3.5 </b>（人口磁場の平均）<br>
eg。：<b> ready_value in（ ""a""、 ""b""、 ""c""）</b>",
Simultaneous,同時,
"Since there is a process loss of {0} units for the finished good {1}, you should reduce the quantity by {0} units for the finished good {1} in the Items Table.",完成した良き{1}に対して{0}ユニットのプロセス損失があるため、アイテムテーブルの完成した良好な{1}に対して{0}ユニットで数量を減らす必要があります。,
Single,シングル,
Single Tier Program,単一層プログラム,
Single Transaction Threshold,単一のトランザクションしきい値,
Single Variant,単一バリアント,
Size,サイズ,
Skills,スキル,
Skip Delivery Note,配達ノートをスキップします,
Skip Material Transfer,素材の転送をスキップします,
Skip Material Transfer to WIP,マテリアル転送をWIPにスキップします,
Skipped,スキップ,
Skipping Tax Withholding Category {0} as there is no associated account set for Company {1} in it.,会社{1}に設定された関連アカウントがないため、税源泉徴収カテゴリ{0}をスキップします。,
"Skipping {0} of {1}, {2}",{1}の{0}、{2}のスキップ,
Skype ID,Skype ID,
Small,小さい,
Smoothing Constant,一定のスムージング,
Software,ソフトウェア,
Sold,売れた,
Sold by,販売,
Something went wrong please try again,何かがうまくいかなかったのはもう一度やり直してください,
"Sorry, this coupon code is no longer valid",申し訳ありませんが、このクーポンコードはもはや有効ではありません,
"Sorry, this coupon code's validity has expired",申し訳ありませんが、このクーポンコードの有効性は失効しています,
"Sorry, this coupon code's validity has not started",申し訳ありませんが、このクーポンコードの有効性は開始されていません,
Source,ソース,
Source DocType,ソースDoctype,
Source Document Name,ソースドキュメント名,
Source Document Type,ソースドキュメントタイプ,
Source Exchange Rate,ソース為替レート,
Source Fieldname,ソースフィールド名,
Source Location,ソースの場所,
Source Name,ソース名,
Source Type,ソースタイプ,
Source Warehouse,ソースウェアハウス,
Source Warehouse Address,ソースウェアハウスアドレス,
Source Warehouse Address Link,ソースウェアハウスアドレスリンク,
Source Warehouse is mandatory for the Item {0}.,ソースウェアハウスは、アイテム{0}に必須です。,
Source and Target Location cannot be same,ソースとターゲットの場所は同じではありません,
Source and target warehouse cannot be same for row {0},ソースとターゲットウェアハウスはrow {0}で同じにすることはできません,
Source and target warehouse must be different,ソースとターゲットウェアハウスは異なる必要があります,
Source of Funds (Liabilities),資金源（負債）,
Source warehouse is mandatory for row {0},ソースウェアハウスは行{0}に必須です,
Sourced by Supplier,サプライヤーによって調達されました,
South Africa VAT Account,南アフリカのVATアカウント,
South Africa VAT Settings,南アフリカのVAT設定,
Spacer,スペーサー,
Specify Exchange Rate to convert one currency into another,為替レートを指定して、ある通貨を別の通貨に変換します,
Specify conditions to calculate shipping amount,出荷量を計算する条件を指定します,
Split,スプリット,
Split Asset,分割資産,
Split Batch,分割バッチ,
Split Early Payment Discount Loss into Income and Tax Loss,早期支払い割引損失を所得と税務上の損失に分割する,
Split From,から分割,
Split Issue,分割問題,
Split Qty,数量を分割します,
Split Quantity must be less than Asset Quantity,分割数量は、資産数量よりも少ない必要があります,
Splitting {0} {1} into {2} rows as per Payment Terms,{0} {1}を支払い条件に従って{2}行に分割します,
Sr,sr,
Stage,ステージ,
Stage Name,ステージ名,
Stale Days,古い日,
Stale Days should start from 1.,古い日は1から始まるはずです。,
Standard Buying,標準購入,
Standard Description,標準的な説明,
Standard Rated Expenses,標準評価の費用,
Standard Selling,標準販売,
Standard Selling Rate,標準販売率,
Standard Template,標準テンプレート,
"Standard Terms and Conditions that can be added to Sales and Purchases. Examples: Validity of the offer, Payment Terms, Safety and Usage, etc.",販売および購入に追加できる標準的な契約条件。例：オファー、支払い条件、安全、使用などの有効性,
Standard rated supplies in {0},{0}の標準評価の供給,
"Standard tax template that can be applied to all Purchase Transactions. This template can contain a list of tax heads and also other expense heads like ""Shipping"", ""Insurance"", ""Handling"", etc.",すべての購入取引に適用できる標準税テンプレート。このテンプレートには、「配送」、「保険」、「取り扱い」など、税務責任者のリストとその他の費用ヘッドが含まれます。,
"Standard tax template that can be applied to all Sales Transactions. This template can contain a list of tax heads and also other expense/income heads like ""Shipping"", ""Insurance"", ""Handling"" etc.",すべての販売取引に適用できる標準税テンプレート。このテンプレートには、「配送」、「保険」、「ハンドリング」などの税務責任者のリスト、およびその他の費用/収入ヘッドが含まれます。,
Standing Name,スタンディング名,
Start,始める,
Start / Resume,開始 /履歴書,
Start Date,開始日,
Start Date cannot be before the current date,開始日は現在の日付より前にすることはできません,
Start Date should be lower than End Date,開始日は終了日よりも低くする必要があります,
Start Deletion,削除を開始します,
Start Import,インポートを開始します,
Start Job,仕事を始めます,
Start Merge,マージを開始します,
Start Reposting,再投稿を開始します,
Start Time,開始時間,
Start Time can't be greater than or equal to End Time for {0}.,開始時間は、{0}の終了時間以上にすることはできません。,
Start Timer,タイマーを開始します,
Start Year,開始年,
Start Year and End Year are mandatory,開始年と終わりの年は必須です,
Start and End Dates,日付を開始して終了します,
Start date of current invoice's period,現在の請求書期間の開始日,
Start date should be less than end date for Item {0},開始日は、アイテム{0}の終了日未満である必要があります,
Start date should be less than end date for task {0},開始日は、タスク{0}の終了日未満である必要があります,
Started,始まった,
Started Time,時間を開始しました,
Started a background job to create {1} {0},{1} {0}を作成するためのバックグラウンドジョブを開始しました,
Starting location from left edge,左端からの開始場所,
Starting position from top edge,上端からの開始位置,
State/Province,州/州,
Status,状態,
Status Details,ステータスの詳細,
Status Illustration,ステータスイラスト,
Status must be Cancelled or Completed,ステータスはキャンセルまたは完了する必要があります,
Status must be one of {0},ステータスは{0}の1つでなければなりません,
Status set to rejected as there are one or more rejected readings.,拒否された測定値が1つ以上あるため、ステータスが拒否されるように設定されています。,
Statutory info and other general information about your Supplier,法定情報およびサプライヤーに関するその他の一般情報,
Stock,ストック,
Stock Adjustment,在庫調整,
Stock Adjustment Account,在庫調整アカウント,
Stock Ageing,在庫の老化,
Stock Analytics,ストック分析,
Stock Asset Account,株式資産口座,
Stock Assets,株式資産,
Stock Available,利用可能な在庫,
Stock Balance,在庫残高,
Stock Balance Report,株価残高レポート,
Stock Capacity,株式容量,
Stock Closing,在庫の閉鎖,
Stock Closing Balance,在庫閉鎖残高,
Stock Closing Entry,ストッククロージングエントリ,
Stock Closing Entry {0} already exists for the selected date range,選択した日付範囲には在庫閉鎖エントリ{0}がすでに存在します,
"Stock Closing Entry {0} has been queued for processing, system will take sometime to complete it.",ストッククロージングエントリ{0}は処理のためにキューに留められており、システムはそれを完了するのにいつか時間がかかります。,
Stock Closing Log,ストッククロージングログ,
Stock Details,在庫の詳細,
Stock Entries already created for Work Order {0}: {1},既に作業注文のために作成されたストックエントリ{0}：{1},
Stock Entry,在庫エントリ,
Stock Entry (Outward GIT),在庫入力（外向きGit）,
Stock Entry Child,在庫の入場子,
Stock Entry Detail,在庫エントリの詳細,
Stock Entry Item,在庫入力アイテム,
Stock Entry Type,在庫入力タイプ,
Stock Entry has been already created against this Pick List,このピックリストに対して在庫入力はすでに作成されています,
Stock Entry {0} created,在庫エントリ{0}作成,
Stock Entry {0} has created,在庫エントリ{0}が作成しました,
Stock Entry {0} is not submitted,在庫入力{0}は提出されません,
Stock Expenses,株価,
Stock Frozen Up To,まで凍結しています,
Stock In Hand,手に在庫,
Stock Items,ストックアイテム,
Stock Ledger,ストック台帳,
Stock Ledger Entries and GL Entries are reposted for the selected Purchase Receipts,選択した購入領収書のために、ストック台帳とGLエントリが再投稿されます,
Stock Ledger Entry,在庫元帳エントリ,
Stock Ledger ID,ストック元帳ID,
Stock Ledger Invariant Check,ストック台帳の不変チェック,
Stock Ledger Variance,ストック台帳の分散,
Stock Levels,在庫レベル,
Stock Liabilities,株式負債,
Stock Manager,株式マネージャー,
Stock Movement,ストックの動き,
Stock Partially Reserved,部分的に予約されている在庫,
Stock Planning,株式計画,
Stock Projected Qty,株式投影数量,
Stock Qty,ストック数量,
Stock Qty vs Serial No Count,ストック数量vsシリアルカウントなし,
Stock Received But Not Billed,在庫は受け取ったが請求されなかった,
Stock Reconciliation,株式調整,
Stock Reconciliation Item,ストック調整アイテム,
Stock Reconciliations,ストック調整,
Stock Reposting Settings,ストック再投稿設定,
Stock Reservation,在庫予約,
Stock Reservation Entries Cancelled,在庫予約エントリはキャンセルされました,
Stock Reservation Entries Created,作成された在庫予約エントリ,
Stock Reservation Entry,在庫予約エントリ,
Stock Reservation Entry cannot be updated as it has been delivered.,在庫予約エントリは、配信されているため、更新することはできません。,
"Stock Reservation Entry created against a Pick List cannot be updated. If you need to make changes, we recommend canceling the existing entry and creating a new one.",ピックリストに対して作成された在庫予約エントリは更新できません。変更を加える必要がある場合は、既存のエントリをキャンセルして新しいエントリを作成することをお勧めします。,
Stock Reservation Warehouse Mismatch,株式予約倉庫の不一致,
Stock Reservation can only be created against {0}.,在庫予約は、{0}に対してのみ作成できます。,
Stock Reserved,在庫予約,
Stock Reserved Qty,在庫予約数量,
Stock Reserved Qty (in Stock UOM),在庫予約数量（株式UOM）,
Stock Settings,在庫設定,
Stock Summary,在庫の概要,
Stock Transactions Settings,ストックトランザクション設定,
Stock UOM,ストックUOM,
Stock UOM Quantity,在庫数量,
Stock Unreservation,在庫のない保証,
Stock Uom,ストックUOM,
Stock User,在庫ユーザー,
Stock Validations,在庫の検証,
Stock Value,株価,
Stock and Account Value Comparison,在庫と口座価値の比較,
Stock and Manufacturing,在庫と製造,
Stock cannot be reserved in group warehouse {0}.,在庫は、グループウェアハウス{0}で予約することはできません。,
Stock cannot be reserved in the group warehouse {0}.,在庫は、グループウェアハウス{0}で予約することはできません。,
Stock cannot be updated against Purchase Receipt {0},株式は購入領収書に対して更新できません{0},
Stock cannot be updated against the following Delivery Notes: {0},在庫は、次の配達ノートに対して更新することはできません：{0},
Stock cannot be updated because the invoice contains a drop shipping item. Please disable 'Update Stock' or remove the drop shipping item.,請求書にはドロップシッピングアイテムが含まれているため、在庫を更新できません。 「在庫の更新」を無効にするか、ドロップシッピングアイテムを削除してください。,
Stock has been unreserved for work order {0}.,在庫は、作業指示{0}のために予約されていません。,
Stock not available for Item {0} in Warehouse {1}.,倉庫{1}でアイテム{0}には利用できません。,
Stock quantity not enough for Item Code: {0} under warehouse {1}. Available quantity {2} {3}.,アイテムコードには不十分な在庫数：{0}用出{1}。利用可能な数量{2} {3}。,
Stock transactions before {0} are frozen,{0}前の在庫取引は凍結されます,
Stock transactions that are older than the mentioned days cannot be modified.,前述の日よりも古い株式取引は変更できません。,
Stock will be reserved on submission of <b>Purchase Receipt</b> created against Material Request for Sales Order.,株式は、販売注文の材料要求に対して作成された<b>購入領収書</b>の提出時に予約されます。,
Stock/Accounts can not be frozen as processing of backdated entries is going on. Please try again later.,背景のエントリの処理が進行中であるため、在庫/アカウントを凍結することはできません。後でもう一度やり直してください。,
Stop,停止,
Stop Reason,理由を止めます,
Stopped,停止,
"Stopped Work Order cannot be cancelled, Unstop it first to cancel",停止した作業注文はキャンセルできません、最初にキャンセルするためにそれを解き放つ,
Stores,店舗,
Straight Line,直線,
Sub Assemblies,サブアセンブリ,
Sub Assemblies & Raw Materials,サブアセンブリと原材料,
Sub Assembly Item,サブアセンブリアイテム,
Sub Assembly Item Code,サブアセンブリアイテムコード,
Sub Assembly Item is mandatory,サブアセンブリアイテムは必須です,
Sub Assembly Items,サブアセンブリアイテム,
Sub Assembly Warehouse,サブアセンブリウェアハウス,
Sub Operation,サブ操作,
Sub Operations,サブオペレーション,
Sub Procedure,サブ手順,
Sub Total,サブ合計,
Sub-assembly BOM Count,サブアセンブリBOMカウント,
Sub-contracting,下請け,
Subcontract,下請,
Subcontract BOM,下請けbom,
Subcontract Order,下請け順序,
Subcontract Order Summary,下請けの注文概要,
Subcontract Return,下請け返品,
Subcontracted Item,下請けアイテム,
Subcontracted Item To Be Received,受信される下請けのアイテム,
Subcontracted Purchase Order,下請けの発注書,
Subcontracted Quantity,下請け量,
Subcontracted Raw Materials To Be Transferred,転送される下請けの原材料,
Subcontracting,下請け,
Subcontracting BOM,下請けbom,
Subcontracting Conversion Factor,転換変換係数,
Subcontracting Order,下請け順序,
Subcontracting Order (Draft) will be auto-created on submission of Purchase Order.,下請け注文（ドラフト）は、発注書の提出時に自動作成されます。,
Subcontracting Order Item,下請け項目,
Subcontracting Order Service Item,注文サービスアイテムを下請けします,
Subcontracting Order Supplied Item,下請け順序で提供されたアイテム,
Subcontracting Order {0} created.,下請け順序{0}作成されました。,
Subcontracting Purchase Order,購入注文を下請けします,
Subcontracting Receipt,下請け領収書,
Subcontracting Receipt Item,領収書を下請けします,
Subcontracting Receipt Supplied Item,領収書を下請け提供したアイテム,
Subcontracting Settings,下請け設定,
Subdivision,区画,
Subject,主題,
Submit,提出する,
Submit Action Failed,アクションを送信しました,
Submit After Import,インポート後に送信します,
Submit ERR Journals?,エラージャーナルを送信しますか？,
Submit Generated Invoices,生成された請求書を送信します,
Submit Journal Entries,ジャーナルエントリを送信します,
Submit this Work Order for further processing.,さらに処理するためにこの作業注文を送信してください。,
Submitted,提出,
Subscription,サブスクリプション,
Subscription End Date,サブスクリプションの終了日,
Subscription End Date is mandatory to follow calendar months,サブスクリプションの終了日は、カレンダー数か月に従うために必須です,
Subscription End Date must be after {0} as per the subscription plan,サブスクリプションの終了日は、サブスクリプションプランに従って{0}後に行う必要があります,
Subscription Invoice,サブスクリプション請求書,
Subscription Period,サブスクリプション期間,
Subscription Plan,サブスクリプションプラン,
Subscription Plan Detail,サブスクリプションプランの詳細,
Subscription Plans,サブスクリプションプラン,
Subscription Price Based On,に基づくサブスクリプション価格,
Subscription Section,サブスクリプションセクション,
Subscription Settings,サブスクリプション設定,
Subscription Start Date,サブスクリプション開始日,
Subscription for Future dates cannot be processed.,将来の日付のサブスクリプションは処理できません。,
Subscriptions,サブスクリプション,
Succeeded,成功した,
Succeeded Entries,成功したエントリ,
Success,成功,
Success Redirect URL,成功はURLをリダイレクトします,
Success Settings,成功設定,
Successful,成功,
Successfully Reconciled,正常に調整されました,
Successfully Set Supplier,サプライヤーを正常に設定します,
"Successfully changed Stock UOM, please redefine conversion factors for new UOM.",株式UOMを正常に変更してください。新しいUOMの変換係数を再定義してください。,
Successfully imported {0},正常にインポートされた{0},
"Successfully imported {0} record out of {1}. Click on Export Errored Rows, fix the errors and import again.",{1}から{0}レコードを正常にインポートしました。エクスポートエラーのある行をクリックし、エラーを修正して再度インポートします。,
Successfully imported {0} record.,{0}レコードを正常にインポートしました。,
"Successfully imported {0} records out of {1}. Click on Export Errored Rows, fix the errors and import again.",{1}から{0}レコードを正常にインポートしました。エクスポートエラーのある行をクリックし、エラーを修正して再度インポートします。,
Successfully imported {0} records.,{0}レコードを正常にインポートしました。,
Successfully linked to Customer,顧客へのリンクに成功しました,
Successfully linked to Supplier,サプライヤーに正常にリンクされています,
Successfully merged {0} out of {1}.,{1}から{0}を正常にマージしました。,
Successfully updated {0},{0}に正常に更新されました,
"Successfully updated {0} record out of {1}. Click on Export Errored Rows, fix the errors and import again.",{1}から{0}レコードを正常に更新しました。エクスポートエラーのある行をクリックし、エラーを修正して再度インポートします。,
Successfully updated {0} record.,{0}レコードに正常に更新されました。,
"Successfully updated {0} records out of {1}. Click on Export Errored Rows, fix the errors and import again.",{1}から{0}レコードを正常に更新しました。エクスポートエラーのある行をクリックし、エラーを修正して再度インポートします。,
Successfully updated {0} records.,{0}レコードに正常に更新されました。,
Suggestions,提案,
Summary,まとめ,
Summary for this month and pending activities,今月の概要と保留中の活動,
Summary for this week and pending activities,今週の概要と保留中の活動,
Sunday,日曜日,
Supplied Item,提供されたアイテム,
Supplied Items,提供されたアイテム,
Supplied Qty,数量を供給しました,
Supplier,サプライヤー,
Supplier Address,サプライヤーアドレス,
Supplier Address Details,サプライヤーアドレスの詳細,
Supplier Contact,サプライヤーの連絡先,
Supplier Delivery Note,サプライヤー配達ノート,
Supplier Details,サプライヤーの詳細,
Supplier Group,サプライヤーグループ,
Supplier Group Item,サプライヤーグループアイテム,
Supplier Group Name,サプライヤーグループ名,
Supplier Info,サプライヤー情報,
Supplier Invoice,サプライヤーの請求書,
Supplier Invoice Date,サプライヤーの請求書日,
Supplier Invoice Date cannot be greater than Posting Date,サプライヤーの請求書の日付は、投稿日より大きくなることはできません,
Supplier Invoice No,サプライヤーの請求書番号,
Supplier Invoice No exists in Purchase Invoice {0},サプライヤーの請求書NOは購入請求書{0}に存在します,
Supplier Item,サプライヤーアイテム,
Supplier Items,サプライヤーアイテム,
Supplier Lead Time (days),サプライヤーのリードタイム（日）,
Supplier Ledger Summary,サプライヤー元帳の概要,
Supplier Name,サプライヤー名,
Supplier Naming By,命名されたサプライヤー,
Supplier Number,サプライヤー番号,
Supplier Number At Customer,顧客のサプライヤー番号,
Supplier Numbers,サプライヤー番号,
Supplier Part No,サプライヤーパート番号,
Supplier Part Number,サプライヤーの部品番号,
Supplier Portal Users,サプライヤーポータルユーザー,
Supplier Primary Address,サプライヤーの一次住所,
Supplier Primary Contact,サプライヤーの一次連絡先,
Supplier Quotation,サプライヤーの見積もり,
Supplier Quotation Comparison,サプライヤーの見積の比較,
Supplier Quotation Item,サプライヤーの引用項目,
Supplier Quotation {0} Created,サプライヤーQuotation {0}作成されました,
Supplier Score,サプライヤースコア,
Supplier Scorecard,サプライヤースコアカード,
Supplier Scorecard Criteria,サプライヤーのスコアカード基準,
Supplier Scorecard Period,サプライヤーのスコアカード期間,
Supplier Scorecard Scoring Criteria,サプライヤーのスコアカードスコアリング基準,
Supplier Scorecard Scoring Standing,サプライヤーのスコアカードスコアリングスタンディング,
Supplier Scorecard Scoring Variable,サプライヤースコアカードスコアリング変数,
Supplier Scorecard Setup,サプライヤーのスコアカードセットアップ,
Supplier Scorecard Standing,サプライヤーのスコアカードスタンディング,
Supplier Scorecard Variable,サプライヤースコアカード変数,
Supplier Type,サプライヤータイプ,
Supplier Warehouse,サプライヤーウェアハウス,
Supplier delivers to Customer,サプライヤーは顧客に配信します,
Supplier numbers assigned by the customer,顧客によって割り当てられたサプライヤー番号,
Supplier of Goods or Services.,商品またはサービスのサプライヤー。,
Supplier {0} not found in {1},サプライヤー{0} {1}には見つかりません,
Supplier(s),サプライヤー,
Supplier-Wise Sales Analytics,サプライヤーごとの販売分析,
Suppliers,サプライヤー,
Supplies subject to the reverse charge provision,逆充電の規定の対象となる供給,
Supply Raw Materials for Purchase,購入のために原材料を供給します,
Support,サポート,
Support Portal,サポートポータル,
Support Settings,サポート設定,
Support Team,サポートチーム,
Support Tickets,サポートチケット,
Suspected Discount Amount,割引額の疑い,
Suspended,一時停止中,
Switch Between Payment Modes,支払いモードを切り替えます,
Symbol,シンボル,
Sync Now,今すぐ同期します,
Sync Started,同期が開始されました,
Synchronize all accounts every hour,すべてのアカウントを1時間ごとに同期します,
System Health,システムの健康,
System In Use,使用中のシステム,
System Manager,システムマネージャー,
"System User (login) ID. If set, it will become default for all HR forms.",システムユーザー（ログイン）ID。設定すると、すべてのHRフォームのデフォルトになります。,
System will automatically create the serial numbers / batch for the Finished Good on submission of work order,システムは、作業注文の提出時に完成した利益のためにシリアル番号 /バッチを自動的に作成します,
"System will do an implicit conversion using the pegged currency. <br>
Ex: Instead of AED -&gt; INR, system will do AED -&gt; USD -&gt; INR using the pegged exchange rate of AED against USD.","システムは、ペグ通貨を使用して暗黙の変換を行います。 <br>
例：AEDの代わりに - ＆gt; INR、システムはAEDを実行します - ＆gt; USD-＆gt; USDに対してAEDのペグ付き為替レートを使用しています。",
System will fetch all the entries if limit value is zero.,制限値がゼロの場合、システムはすべてのエントリを取得します。,
System will not check over billing since amount for Item {0} in {1} is zero,{1}のアイテム{0}の金額はゼロであるため、システムは請求をチェックしません,
System will notify to increase or decrease quantity or amount ,システムは、数量または量を増やすか減少させるために通知します,
TCS Amount,TCS量,
TCS Rate %,TCSレート％,
TDS Amount,TDS量,
TDS Computation Summary,TDS計算の概要,
TDS Deducted,TDSが差し引かれました,
TDS Payable,支払可能,
TDS Rate %,TDSレート％,
Table for Item that will be shown in Web Site,ウェブサイトに表示されるアイテムのテーブル,
Tag,タグ,
Target,ターゲット,
Target  Amount,目標額,
Target ({}),ターゲット（{}）,
Target Asset,ターゲット資産,
Target Asset {0} cannot be cancelled,ターゲットアセット{0}はキャンセルできません,
Target Asset {0} cannot be submitted,ターゲットアセット{0}は提出できません,
Target Asset {0} cannot be {1},ターゲットアセット{0}は{1}ではありません,
Target Asset {0} does not belong to company {1},ターゲットアセット{0}は会社{1}に属していません,
Target Asset {0} needs to be composite asset,ターゲットアセット{0}は複合資産である必要があります,
Target Batch No,ターゲットバッチ番号,
Target Detail,ターゲットの詳細,
Target Details,ターゲットの詳細,
Target Distribution,ターゲット分布,
Target Exchange Rate,目標為替レート,
Target Fieldname (Stock Ledger Entry),ターゲットフィールド名（ストック台帳エントリ）,
Target Fixed Asset Account,ターゲット固定資産口座,
Target Has Batch No,ターゲットにはバッチ番号があります,
Target Has Serial No,ターゲットにはシリアル番号があります,
Target Incoming Rate,ターゲット着信率,
Target Is Fixed Asset,ターゲットは固定資産です,
Target Item Code,ターゲットアイテムコード,
Target Item {0} must be a Fixed Asset item,ターゲットアイテム{0}は固定資産項目でなければなりません,
Target Location,ターゲットの場所,
Target Location is required for transferring Asset {0},ターゲットの場所は、資産を転送するために必要です{0},
Target Location is required while receiving Asset {0},資産の受信中にターゲットの場所が必要です{0},
Target On,ターゲットオン,
Target Qty,ターゲット数量,
Target Qty must be a positive number,ターゲット数量は正の数でなければなりません,
Target Serial No,ターゲットシリアル番号,
Target Warehouse,ターゲットウェアハウス,
Target Warehouse Address,ターゲットウェアハウスアドレス,
Target Warehouse Address Link,ターゲットウェアハウスアドレスリンク,
Target Warehouse Reservation Error,ターゲットウェアハウスの予約エラー,
Target Warehouse is required before Submit,提出する前にターゲットウェアハウスが必要です,
Target Warehouse is set for some items but the customer is not an internal customer.,ターゲットウェアハウスは一部のアイテムに設定されていますが、顧客は内部顧客ではありません。,
Target warehouse is mandatory for row {0},ターゲットウェアハウスは行{0}に必須です,
Targets,ターゲット,
Tariff Number,関税番号,
Task,タスク,
Task Assignee Email,タスクアサイニーメール,
Task Completion,タスクの完了,
Task Depends On,タスクは依存します,
Task Description,タスクの説明,
Task Name,タスク名,
Task Progress,タスクの進行,
Task Type,タスクタイプ,
Task Weight,タスクの重み,
Task {0} depends on Task {1}. Please add Task {1} to the Tasks list.,タスク{0}はタスク{1}に依存します。タスク{1}をタスクリストに追加してください。,
Tasks,タスク,
Tasks Completed,タスクが完了しました,
Tasks Overdue,タスクが遅れています,
Tax,税,
Tax Account,税口座,
Tax Amount,税額,
Tax Amount After Discount Amount,割引額後の税額,
Tax Amount After Discount Amount (Company Currency),割引額（会社通貨）後の税額,
Tax Amount will be rounded on a row(items) level,税額は、行（アイテム）レベルで丸められます,
Tax Assets,税資産,
Tax Breakup,税の分裂,
Tax Category,税カテゴリ,
"Tax Category has been changed to ""Total"" because all the Items are non-stock items",すべてのアイテムが在庫のないアイテムであるため、税カテゴリは「合計」に変更されました,
Tax ID,税金,
Tax Id,税金,
Tax Id: ,税ID：,
Tax Id: {0},納税ID：{0},
Tax Rate,税率,
Tax Rates,税率,
Tax Refunds provided to Tourists under the Tax Refunds for Tourists Scheme,観光客スキームの税金還付に基づいて観光客に提供される税金還付,
Tax Rule,税規則,
Tax Rule Conflicts with {0},税規則は{0}と競合します,
Tax Settings,税設定,
Tax Template is mandatory.,税テンプレートは必須です。,
Tax Total,税総額,
Tax Type,税タイプ,
Tax Withheld Vouchers,税控えめなバウチャー,
Tax Withholding,税源泉徴収,
Tax Withholding Account,税源泉徴収口座,
Tax Withholding Category,税源泉徴収カテゴリ,
Tax Withholding Category {} against Company {} for Customer {} should have Cumulative Threshold value.,顧客{}の会社{}に対する税源泉徴収カテゴリ{}は、累積しきい値を持つ必要があります。,
Tax Withholding Details,税の源泉徴収の詳細,
Tax Withholding Net Total,税の源泉徴収純合計,
Tax Withholding Rate,税源泉徴収率,
Tax Withholding Rates,税率の源泉徴収率,
"Tax detail table fetched from item master as a string and stored in this field.
Used for Taxes and Charges","税の詳細テーブルは、Item Masterから文字列として取得し、このフィールドに保存されます。
税金と請求に使用されます",
Tax will be withheld only for amount exceeding the cumulative threshold,税金は、累積しきい値を超える金額に対してのみ源泉徴収されます,
Taxable Amount,課税額,
Taxes,税金,
Taxes and Charges,税金と料金,
Taxes and Charges Added,税金と料金が追加されました,
Taxes and Charges Added (Company Currency),追加された税金と料金（会社通貨）,
Taxes and Charges Calculation,税金と料金の計算,
Taxes and Charges Deducted,税金と請求が差し引かれます,
Taxes and Charges Deducted (Company Currency),差し引かれた税金と請求（会社の通貨）,
Taxes row #{0}: {1} cannot be smaller than {2},税金列＃{0}：{1}は{2}よりも小さくできません,
Team,チーム,
Team Member,チームメンバー,
Telephone Expenses,電話費用,
Telephony Call Type,テレフォニーコールタイプ,
Template,テンプレート,
Template Item,テンプレートアイテム,
Template Item Selected,選択したテンプレートアイテム,
Template Name,テンプレート名,
Template Options,テンプレートオプション,
Template Task,テンプレートタスク,
Template Title,テンプレートタイトル,
Template Warnings,テンプレート警告,
Temporarily on Hold,一時的に保留,
Temporary,一時的,
Temporary Accounts,一時的なアカウント,
Temporary Opening,一時的なオープニング,
Temporary Opening Account,一時的なオープニングアカウント,
Term Details,用語の詳細,
Terms,条項,
Terms & Conditions,利用規約,
Terms Template,用語テンプレート,
Terms and Conditions,利用規約,
Terms and Conditions Content,利用規約コンテンツ,
Terms and Conditions Details,利用規約の詳細,
Terms and Conditions Help,利用規約が役立ちます,
Territory,地域,
Territory Item,領土アイテム,
Territory Manager,テリトリーマネージャー,
Territory Name,領土名,
Territory Target Variance Based On Item Group,アイテムグループに基づく領土目標分散,
Territory Targets,領土のターゲット,
Territory-wise Sales,領土ごとの販売,
The 'From Package No.' field must neither be empty nor it's value less than 1.,「パッケージ番号から」フィールドは空でも、値が1未満である必要もありません。,
"The Access to Request for Quotation From Portal is Disabled. To Allow Access, Enable it in Portal Settings.",ポータルからの引用のリクエストへのアクセスは無効です。アクセスを許可するには、ポータル設定で有効にします。,
The BOM which will be replaced,交換されるBOM,
The Batch {0} has negative quantity {1} in warehouse {2}. Please correct the quantity.,バッチ{0}は、倉庫{2}に負の数量{1}を持っています。数量を修正してください。,
The Campaign '{0}' already exists for the {1} '{2}',{1} '{2}'のキャンペーン '{0}'はすでに存在しています,
The Condition '{0}' is invalid,条件「{0}」は無効です,
The Document Type {0} must have a Status field to configure Service Level Agreement,ドキュメントタイプ{0}には、サービスレベル契約を構成するためのステータスフィールドが必要です,
"The GL Entries and closing balances will be processed in the background, it can take a few minutes.",GLエントリとクロージングバランスはバックグラウンドで処理され、数分かかる場合があります。,
"The GL Entries will be cancelled in the background, it can take a few minutes.",GLエントリはバックグラウンドでキャンセルされ、数分かかる場合があります。,
The Loyalty Program isn't valid for the selected company,ロイヤルティプログラムは、選択した会社にとって有効ではありません,
"The Payment Request {0} is already paid, cannot process payment twice",支払いリクエスト{0}はすでに支払われており、支払いを2回処理できません,
The Payment Term at row {0} is possibly a duplicate.,row {0}での支払い期間は、おそらく複製です。,
"The Pick List having Stock Reservation Entries cannot be updated. If you need to make changes, we recommend canceling the existing Stock Reservation Entries before updating the Pick List.",在庫予約エントリを持つピックリストは更新できません。変更を行う必要がある場合は、ピックリストを更新する前に、既存の株式予約エントリをキャンセルすることをお勧めします。,
The Process Loss Qty has reset as per job cards Process Loss Qty,プロセス損失Qtyは、ジョブカードに従ってリセットされていますプロセス損失数量,
The Sales Person is linked with {0},営業担当者は{0}とリンクしています,
The Serial No at Row #{0}: {1} is not available in warehouse {2}.,列番号{0}のシリアル番号：{1}は、倉庫{2}で使用できません。,
The Serial No {0} is reserved against the {1} {2} and cannot be used for any other transaction.,シリアル番号{0}は{1} {2}に対して予約されており、他のトランザクションには使用できません。,
The Serial and Batch Bundle {0} is not valid for this transaction. The 'Type of Transaction' should be 'Outward' instead of 'Inward' in Serial and Batch Bundle {0},シリアルおよびバッチバンドル{0}は、このトランザクションには無効です。 「トランザクションのタイプ」は、シリアルバンドル{0}で「内向き」ではなく「外向き」でなければなりません。,
"The Stock Entry of type 'Manufacture' is known as backflush. Raw materials being consumed to manufacture finished goods is known as backflushing. <br><br> When creating Manufacture Entry, raw-material items are backflushed based on BOM of production item. If you want raw-material items to be backflushed based on Material Transfer entry made against that Work Order instead, then you can set it under this field.",タイプ「製造」の在庫エントリは、バックフラッシュとして知られています。完成品を製造するために消費されている原材料は、逆流として知られています。 <br> <br>製造エントリを作成する場合、生産品の生産アイテムに基づいて原材料アイテムが逆流します。代わりにその作業順序に対して行われた材料の転送に基づいて、生物材料を逆流させたい場合は、このフィールドの下に設定できます。,
The Work Order is mandatory for Disassembly Order,作業指示は、分解順序に必須です,
"The account head under Liability or Equity, in which Profit/Loss will be booked",責任または株式の下にあるアカウントヘッド、利益/損失が予約される,
The allocated amount is greater than the outstanding amount of Payment Request {0},割り当てられた金額は、支払い要求の未払い額よりも大きい{0},
The amount of {0} set in this payment request is different from the calculated amount of all payment plans: {1}. Make sure this is correct before submitting the document.,この支払い要求に設定された{0}の金額は、すべての支払いプランの計算額とは異なります：{1}。ドキュメントを提出する前に、これが正しいことを確認してください。,
The currency of invoice {} ({}) is different from the currency of this dunning ({}).,請求書の通貨{}（{}）は、このダニング（{}）の通貨とは異なります。,
The current POS opening entry is outdated. Please close it and create a new one.,現在のPOSオープニングエントリは時代遅れです。閉じて新しいものを作成してください。,
The default BOM for that item will be fetched by the system. You can also change the BOM.,そのアイテムのデフォルトのBOMは、システムによってフェッチされます。 BOMを変更することもできます。,
The difference between from time and To Time must be a multiple of Appointment,時間と時間の間の違いは、倍数の予約でなければなりません,
The field Asset Account cannot be blank,Field Assetアカウントを空白にすることはできません,
The field Equity/Liability Account cannot be blank,Field Equity/Liabilityアカウントは空白にすることはできません,
The field From Shareholder cannot be blank,株主からのフィールドは空白にすることはできません,
The field To Shareholder cannot be blank,株主へのフィールドは空白にすることはできません,
The field {0} in row {1} is not set,行{1}のフィールド{0}は設定されていません,
The fields From Shareholder and To Shareholder cannot be blank,株主や株主からの分野は空白になることはできません,
The first Approver in the list will be set as the default Approver.,リストの最初の承認者は、デフォルトの承認者として設定されます。,
The folio numbers are not matching,フォリオ数は一致していません,
"The following Items, having Putaway Rules, could not be accomodated:",法的規則を備えた次の項目は、次のことを伴うことができませんでした。,
The following assets have failed to automatically post depreciation entries: {0},次の資産は、減価償却エントリを自動的に投稿できませんでした：{0},
"The following batches are expired, please restock them: <br> {0}",次のバッチの有効期限が切れます。補充してください：<br> {0},
The following deleted attributes exist in Variants but not in the Template. You can either delete the Variants or keep the attribute(s) in template.,次の削除された属性は、バリアントには存在しますが、テンプレートには存在しません。バリアントを削除するか、属性をテンプレートに保持できます。,
The following employees are currently still reporting to {0}:,以下の従業員は現在、{0}にまだ報告しています。,
The following invalid Pricing Rules are deleted:,次の無効な価格設定ルールが削除されます。,
The following {0} were created: {1},次の{0}が作成されました：{1},
The gross weight of the package. Usually net weight + packaging material weight. (for print),パッケージの総重量。通常、ネットウェイト +包装材料の重量。 （印刷用）,
The holiday on {0} is not between From Date and To Date,{0}の休日は、現在までと現在の間にありません,
The item {item} is not marked as {type_of} item. You can enable it as {type_of} item from its Item master.,アイテム{item}は、{type_of}アイテムとしてマークされていません。アイテムマスターから{type_of}アイテムとして有効にすることができます。,
The items {0} and {1} are present in the following {2} :,項目{0}および{1}は、次の{2}に存在します。,
The items {items} are not marked as {type_of} item. You can enable them as {type_of} item from their Item masters.,アイテム{アイテム}は、{type_of}アイテムとしてマークされていません。アイテムマスターから{type_of}アイテムとして有効にすることができます。,
The job card {0} is in {1} state and you cannot complete.,ジョブカード{0}は{1}状態で、完了できません。,
The job card {0} is in {1} state and you cannot start it again.,ジョブカード{0}は{1}状態であり、再度開始することはできません。,
The lowest tier must have a minimum spent amount of 0. Customers need to be part of a tier as soon as they are enrolled in the program.,最低の層には、最小の使用額0が必要です。顧客は、プログラムに登録されたらすぐにティアの一部である必要があります。,
The net weight of this package. (calculated automatically as sum of net weight of items),このパッケージの正味重量。 （アイテムの正味重量の合計として自動的に計算）,
The new BOM after replacement,交換後の新しいBOM,
The number of shares and the share numbers are inconsistent,株式数と株式数は一貫性がありません,
The operation {0} can not add multiple times,操作{0}は複数回追加できません,
The operation {0} can not be the sub operation,操作{0}はサブ操作ではありません,
The original invoice should be consolidated before or along with the return invoice.,元の請求書は、返品請求書とともに統合する必要があります。,
The parent account {0} does not exists in the uploaded template,親アカウント{0}はアップロードされたテンプレートには存在しません,
The payment gateway account in plan {0} is different from the payment gateway account in this payment request,プラン{0}の支払いゲートウェイアカウントは、この支払いリクエストの支払いゲートウェイアカウントとは異なります,
"The percentage you are allowed to bill more against the amount ordered. For example, if the order value is $100 for an item and tolerance is set as 10%, then you are allowed to bill up to $110 ",注文額に対してさらに請求することが許可されている割合。たとえば、注文値がアイテムの100ドルであり、許容値が10％に設定されている場合、最大110ドルの請求が許可されます,
The percentage you are allowed to pick more items in the pick list than the ordered quantity.,順序付けられた数量よりも、ピックリストでより多くのアイテムを選択することが許可されている割合。,
"The percentage you are allowed to receive or deliver more against the quantity ordered. For example, if you have ordered 100 units, and your Allowance is 10%, then you are allowed to receive 110 units.",注文された数量に対して、より多くを受け取るか、より多くの配達を許可されている割合。たとえば、100ユニットを注文していて、手当が10％の場合、110ユニットを受け取ることができます。,
"The percentage you are allowed to transfer more against the quantity ordered. For example, if you have ordered 100 units, and your Allowance is 10%, then you are allowed transfer 110 units.",注文された数量に対してより多く転送することが許可されている割合。たとえば、100ユニットを注文していて、手当が10％の場合、110ユニットの転送が許可されます。,
The reserved stock will be released when you update items. Are you certain you wish to proceed?,予約された在庫は、アイテムを更新するとリリースされます。あなたはあなたが進みたいと確信していますか？,
The reserved stock will be released. Are you certain you wish to proceed?,予約株はリリースされます。あなたはあなたが進みたいと確信していますか？,
The root account {0} must be a group,ルートアカウント{0}はグループでなければなりません,
The selected BOMs are not for the same item,選択したBOMは同じアイテム用ではありません,
The selected change account {} doesn't belongs to Company {}.,選択された変更アカウント{}は、会社{}に属していません。,
The selected item cannot have Batch,選択したアイテムにはバッチがありません,
The seller and the buyer cannot be the same,売り手と買い手は同じではありません,
The serial and batch bundle {0} not linked to {1} {2},{1} {2}にリンクされていないシリアルおよびバッチバンドル{0},
The serial no {0} does not belong to item {1},シリアル番号{0}は項目{1}に属していません,
The shareholder does not belong to this company,株主はこの会社に属していません,
The shares already exist,株式はすでに存在します,
The shares don't exist with the {0},株式は{0}に存在しません,
"The stock for the item {0} in the {1} warehouse was negative on the {2}. You should create a positive entry {3} before the date {4} and time {5} to post the correct valuation rate. For more details, please read the <a href='https://docs.erpnext.com/docs/user/manual/en/stock-adjustment-cogs-with-negative-stock'>documentation<a>.",{1}倉庫のアイテム{0}の在庫は、{2}でマイナスでした。正しい評価率を投稿するには、日付{4}および時間{5}の前に正のエントリ{3}を作成する必要があります。詳細については、<a href = 'https：//docs.erpnext.com/docs/user/manual/en/stock-adjustment-cogs-with negative-stock'>ドキュメント<a>をお読みください。,
"The stock has been reserved for the following Items and Warehouses, un-reserve the same to {0} the Stock Reconciliation: <br /><br /> {1}",在庫は次のアイテムと倉庫のために予約されており、{0}株式調整に同じものを補充してください：<br /> <br /> {1},
"The sync has started in the background, please check the {0} list for new records.",同期がバックグラウンドで開始されました。{0}リストを新しいレコードのリストに確認してください。,
"The system will create a Sales Invoice or a POS Invoice from the POS interface based on this setting. For high-volume transactions, it is recommended to use POS Invoice.",システムは、この設定に基づいてPOSインターフェイスから販売請求書またはPOS請求書を作成します。大量のトランザクションの場合、POS Invoiceを使用することをお勧めします。,
The task has been enqueued as a background job.,タスクは、バックグラウンドジョブとして除外されています。,
"The task has been enqueued as a background job. In case there is any issue on processing in background, the system will add a comment about the error on this Stock Reconciliation and revert to the Draft stage",タスクは、バックグラウンドジョブとして除外されています。バックグラウンドで処理に問題がある場合、システムはこの株式の調整に関するエラーに関するコメントを追加し、ドラフト段階に戻ります,
"The task has been enqueued as a background job. In case there is any issue on processing in background, the system will add a comment about the error on this Stock Reconciliation and revert to the Submitted stage",タスクは、バックグラウンドジョブとして除外されています。バックグラウンドで処理に問題がある場合、システムはこの株式調整のエラーに関するコメントを追加し、提出された段階に戻ります,
The total Issue / Transfer quantity {0} in Material Request {1}  cannot be greater than allowed requested quantity {2} for Item {3},材料要求の合計問題 /転送数量{0} {1}は、アイテム{3}の要求{2}の許可された数量よりも大きくすることはできません,
The total Issue / Transfer quantity {0} in Material Request {1} cannot be greater than requested quantity {2} for Item {3},材料要求の合計問題 /転送数量{0} {1}は、アイテム{3}の要求数量{2}よりも大きくすることはできません,
The uploaded file does not appear to be in valid MT940 format.,アップロードされたファイルは、有効なMT940形式ではないようです。,
The uploaded file does not match the selected Code List.,アップロードされたファイルは、選択したコードリストと一致しません。,
The user cannot submit the Serial and Batch Bundle manually,ユーザーはシリアルとバッチバンドルを手動で送信できません,
"The users with this Role are allowed to create/modify a stock transaction, even though the transaction is frozen.",この役割を持つユーザーは、トランザクションが凍結されていても、ストックトランザクションを作成/変更することができます。,
The value of {0} differs between Items {1} and {2},{0}の値は、アイテム{1}と{2}の間で異なります,
The value {0} is already assigned to an existing Item {1}.,値{0}は、既存のアイテム{1}に既に割り当てられています。,
The warehouse where you store finished Items before they are shipped.,完成したアイテムが出荷される前に保管される倉庫。,
"The warehouse where you store your raw materials. Each required item can have a separate source warehouse. Group warehouse also can be selected as source warehouse. On submission of the Work Order, the raw materials will be reserved in these warehouses for production usage.",あなたがあなたの原材料を保管する倉庫。必要な各アイテムには、別のソースウェアハウスを持つことができます。グループウェアハウスは、ソースウェアハウスとして選択することもできます。作業命令を提出すると、生産の使用のためにこれらの倉庫に原材料が予約されます。,
The warehouse where your Items will be transferred when you begin production. Group Warehouse can also be selected as a Work in Progress warehouse.,生産を開始するときにアイテムが転送される倉庫。グループウェアハウスは、進行中の倉庫としても選択できます。,
The {0} ({1}) must be equal to {2} ({3}),{0}（{1}）は{2}（{3}）に等しくなければなりません,
The {0} contains Unit Price Items.,{0}には単価アイテムが含まれています。,
The {0} {1} created successfully,{0} {1}は正常に作成されました,
The {0} {1} is used to calculate the valuation cost for the finished good {2}.,{0} {1}は、完成した良き{2}の評価コストを計算するために使用されます。,
There are active maintenance or repairs against the asset. You must complete all of them before cancelling the asset.,資産に対する積極的なメンテナンスまたは修理があります。資産をキャンセルする前に、それらすべてを完了する必要があります。,
"There are inconsistencies between the rate, no of shares and the amount calculated",レート、株式なし、計算額の間に矛盾があります,
There are ledger entries against this account. Changing {0} to non-{1} in live system will cause incorrect output in 'Accounts {2}' report,このアカウントに対して元帳エントリがあります。ライブシステムで{0}を非{1}に変更すると、 'アカウント{2}'レポートに誤った出力が発生します。,
There are no Failed transactions,失敗したトランザクションはありません,
There are no active Fiscal Years for which Demo Data can be generated.,デモデータを生成できるアクティブな会計年度はありません。,
There are no slots available on this date,この日付に使用できるスロットはありません,
"There are two options to maintain valuation of stock. FIFO (first in - first out) and Moving Average. To understand this topic in detail please visit <a href='https://docs.erpnext.com/docs/v13/user/manual/en/stock/articles/item-valuation-fifo-and-moving-average' target='_blank'>Item Valuation, FIFO and Moving Average.</a>",株式の評価を維持するための2つのオプションがあります。 FIFO（最初は最初）と移動平均。このトピックを詳細に理解するには、<a href = 'https：//docs.erpnext.com/docs/v13/user/manual/en/stock/articles/item-valuation-fifo-and-moving-average =' _ blank '>アイテムの評価、FIFO、移動平均。,
There aren't any item variants for the selected item,選択したアイテムのアイテムバリアントはありません,
There can be multiple tiered collection factor based on the total spent. But the conversion factor for redemption will always be same for all the tier.,使用総額に基づいて、複数の階層型収集係数があります。しかし、償還の変換係数は常にすべての層で同じです。,
There can only be 1 Account per Company in {0} {1},{0} {1}には、会社ごとに1つのアカウントしかありません,
"There can only be one Shipping Rule Condition with 0 or blank value for ""To Value""",「値」のために0または空白の値で配送ルール条件が1つしかありません,
There is already a valid Lower Deduction Certificate {0} for Supplier {1} against category {2} for this time period.,この期間には、カテゴリ{2}に対してサプライヤー{1}に対して、すでに有効な低い控除証明書{0}があります。,
There is already an active Subcontracting BOM {0} for the Finished Good {1}.,完成した良き{1}のために、すでにアクティブな下請けBOM {0}があります。,
There is no batch found against the {0}: {1},{0}に対するバッチは見つかりません：{1},
There must be atleast 1 Finished Good in this Stock Entry,この在庫エントリには少なくとも1つの完成したものがなければなりません,
There was an error creating Bank Account while linking with Plaid.,格子縞とリンクしながら銀行口座を作成するエラーがありました。,
There was an error syncing transactions.,トランザクションのエラーが同期していました。,
There was an error updating Bank Account {} while linking with Plaid.,Plaidとリンクしながら、銀行口座{}を更新するエラーがありました。,
There was an issue connecting to Plaid's authentication server. Check browser console for more information,Plaidの認証サーバーに接続する問題がありました。詳細については、ブラウザコンソールを確認してください,
There were errors while sending email. Please try again.,電子メールの送信中にエラーがありました。もう一度やり直してください。,
There were issues unlinking payment entry {0}.,支払いエントリを解き放つ問題がありました{0}。,
This Account has '0' balance in either Base Currency or Account Currency,このアカウントは、基本通貨またはアカウント通貨のいずれかの「0」の残高を持っています,
This Item is a Template and cannot be used in transactions. Item attributes will be copied over into the variants unless 'No Copy' is set,このアイテムはテンプレートであり、トランザクションでは使用できません。 「コピーなし」が設定されていない限り、アイテム属性はバリアントにコピーされます,
This Item is a Variant of {0} (Template).,このアイテムは、{0}（テンプレート）のバリアントです。,
This Month's Summary,今月の要約,
This PO has been fully subcontracted.,このPOは完全に下請けされています。,
This Warehouse will be auto-updated in the Target Warehouse field of Work Order.,この倉庫は、ターゲットウェアハウスの作業注文フィールドに自動更新されます。,
This Warehouse will be auto-updated in the Work In Progress Warehouse field of Work Orders.,この倉庫は、作業指示の進行中の倉庫フィールドで自動設定されます。,
This Week's Summary,今週の要約,
This action will stop future billing. Are you sure you want to cancel this subscription?,このアクションは、将来の請求を停止します。このサブスクリプションをキャンセルしたいですか？,
This action will unlink this account from any external service integrating ERPNext with your bank accounts. It cannot be undone. Are you certain ?,このアクションは、ERPNextを銀行口座と統合する外部サービスからこのアカウントをリンクします。元に戻すことはできません。確かですか？,
This asset category is marked as non-depreciable. Please disable depreciation calculation or choose a different category.,この資産カテゴリは、非控除不可としてマークされています。減価償却の計算を無効にするか、別のカテゴリを選択してください。,
This covers all scorecards tied to this Setup,これは、このセットアップに関連付けられたすべてのスコアカードをカバーします,
This document is over limit by {0} {1} for item {4}. Are you making another {3} against the same {2}?,このドキュメントは、アイテム{4}の{0} {1}の制限を超えています。あなたは同じ{2}に対して別の{3}を作っていますか？,
This field is used to set the 'Customer'.,このフィールドは、「顧客」を設定するために使用されます。,
This filter will be applied to Journal Entry.,このフィルターはジャーナルエントリに適用されます。,
This invoice has already been paid.,この請求書はすでに支払われています。,
This is a Template BOM and will be used to make the work order for {0} of the item {1},これはテンプレートBOMであり、アイテムの{0}の作業注文を行うために使用されます{1},
This is a location where final product stored.,これは、最終製品が保存されている場所です。,
This is a location where raw materials are available.,これは、原材料が利用できる場所です。,
This is a location where scraped materials are stored.,これは、削り取られた材料が保管される場所です。,
This is a preview of the email to be sent. A PDF of the document will automatically be attached with the email.,これは、送信されるメールのプレビューです。ドキュメントのPDFは、電子メールで自動的に添付されます。,
This is a root account and cannot be edited.,これはルートアカウントであり、編集することはできません。,
This is a root customer group and cannot be edited.,これはルートの顧客グループであり、編集することはできません。,
This is a root department and cannot be edited.,これはルート部門であり、編集することはできません。,
This is a root item group and cannot be edited.,これはルートアイテムグループであり、編集することはできません。,
This is a root sales person and cannot be edited.,これはルート営業担当者であり、編集することはできません。,
This is a root supplier group and cannot be edited.,これはルートサプライヤーグループであり、編集することはできません。,
This is a root territory and cannot be edited.,これはルートの領域であり、編集することはできません。,
This is based on stock movement. See {0} for details,これは、ストックの動きに基づいています。詳細については、{0}を参照してください,
This is based on the Time Sheets created against this project,これは、このプロジェクトに対して作成されたタイムシートに基づいています,
This is based on transactions against this Sales Person. See timeline below for details,これは、この営業担当者に対する取引に基づいています。詳細については、以下のタイムラインを参照してください,
This is considered dangerous from accounting point of view.,これは、会計の観点から危険と見なされます。,
This is done to handle accounting for cases when Purchase Receipt is created after Purchase Invoice,これは、購入請求書の後に購入領収書が作成された場合の場合の会計を処理するために行われます,
"This is enabled by default. If you want to plan materials for sub-assemblies of the Item you're manufacturing leave this enabled. If you plan and manufacture the sub-assemblies separately, you can disable this checkbox.",これはデフォルトで有効になります。製造しているアイテムのサブアセンブリの資料を計画したい場合は、これを有効にします。サブアセンブリを個別に計画および製造する場合は、このチェックボックスを無効にすることができます。,
"This is for raw material Items that'll be used to create finished goods. If the Item is an additional service like 'washing' that'll be used in the BOM, keep this unchecked.",これは、完成品を作成するために使用される原材料のためのものです。アイテムがBOMで使用される「洗浄」のような追加サービスである場合は、これをチェックしないようにしてください。,
This item filter has already been applied for the {0},このアイテムフィルターは{0}にすでに適用されています,
This option can be checked to edit the 'Posting Date' and 'Posting Time' fields.,このオプションは、「投稿日」と「投稿時間」フィールドを編集するためにチェックできます。,
This schedule was created when Asset {0} was adjusted through Asset Value Adjustment {1}.,このスケジュールは、Asset {0}が資産価値調整{1}を通じて調整されたときに作成されました。,
This schedule was created when Asset {0} was consumed through Asset Capitalization {1}.,このスケジュールは、Asset {0}が資産資本{1}を通じて消費されたときに作成されました。,
This schedule was created when Asset {0} was repaired through Asset Repair {1}.,このスケジュールは、資産{0}が資産修理{1}を通じて修復されたときに作成されました。,
This schedule was created when Asset {0} was restored due to Sales Invoice {1} cancellation.,このスケジュールは、販売請求書{1}キャンセルのために資産{0}が復元されたときに作成されました。,
This schedule was created when Asset {0} was restored on Asset Capitalization {1}'s cancellation.,このスケジュールは、Asset {0}がAsset Capitalization {1}のキャンセルで復元されたときに作成されました。,
This schedule was created when Asset {0} was restored.,このスケジュールは、Asset {0}が復元されたときに作成されました。,
This schedule was created when Asset {0} was returned through Sales Invoice {1}.,このスケジュールは、Asset {0}が販売請求書{1}を通じて返されたときに作成されました。,
This schedule was created when Asset {0} was scrapped.,このスケジュールは、Asset {0}が廃棄されたときに作成されました。,
This schedule was created when Asset {0} was {1} into new Asset {2}.,このスケジュールは、Asset {0}が{1}が新しいアセット{2}に{1}になったときに作成されました。,
This schedule was created when Asset {0} was {1} through Sales Invoice {2}.,このスケジュールは、Asset {0}が販売請求書{2}を通じて{1}であったときに作成されました。,
This schedule was created when Asset {0}'s Asset Value Adjustment {1} was cancelled.,このスケジュールは、Asset {0}の資産値調整{1}がキャンセルされたときに作成されました。,
This schedule was created when Asset {0}'s shifts were adjusted through Asset Shift Allocation {1}.,このスケジュールは、Asset {0}のシフトがAsset Shiftの割り当て{1}を通じて調整されたときに作成されました。,
"This section allows the user to set the Body and Closing text of the Dunning Letter for the Dunning Type based on language, which can be used in Print.",このセクションでは、ユーザーは、印刷で使用できる言語に基づいて、ダニングタイプのダニング文字の本文と閉じたテキストを設定できます。,
"This table is used to set details about the 'Item', 'Qty', 'Basic Rate', etc.",このテーブルは、「アイテム」、「数量」、「基本レート」などの詳細を設定するために使用されます。,
This tool helps you to update or fix the quantity and valuation of stock in the system. It is typically used to synchronise the system values and what actually exists in your warehouses.,このツールは、システム内の在庫の数量と評価を更新または修正するのに役立ちます。通常、システム値と倉庫に実際に存在するものを同期するために使用されます。,
This value shall be used when no matching Common Code for a record is found.,この値は、レコードの一般的なコードが見つからない場合に使用されます。,
"This will be appended to the Item Code of the variant. For example, if your abbreviation is ""SM"", and the item code is ""T-SHIRT"", the item code of the variant will be ""T-SHIRT-SM""",これは、バリアントのアイテムコードに追加されます。たとえば、略語が「SM」であり、アイテムコードが「Tシャツ」の場合、バリアントのアイテムコードは「Tシャツ-SM」になります。,
This will restrict user access to other employee records,これにより、他の従業員の記録へのユーザーアクセスが制限されます,
This {} will be treated as material transfer.,この{}は、材料転送として扱われます。,
Threshold for Suggestion,提案のしきい値,
Threshold for Suggestion (In Percentage),提案のしきい値（パーセンテージ）,
Thumbnail,サムネイル,
Thursday,木曜日,
Tier Name,ティア名,
Time,時間,
Time (In Mins),時間（分）,
Time Between Operations (Mins),操作間の時間（最小）,
Time In Mins,分の時間,
Time Logs,時間ログ,
Time Required (In Mins),必要な時間（分単位）,
Time Sheet,タイムシート,
Time Sheet List,タイムシートリスト,
Time Sheets,タイムシート,
Time Taken to Deliver,配信にかかる時間,
Time Tracking,時間追跡,
Time at which materials were received,材料を受け取った時間,
Time in mins,分の時間,
Time in mins.,分の時間。,
Time logs are required for {0} {1},{0} {1}には時間ログが必要です,
Time slot is not available,タイムスロットは使用できません,
Time(in mins),時間（分）,
Timeline,タイムライン,
Timer,タイマー,
Timer exceeded the given hours.,タイマーは指定された時間を超えました。,
Timesheet,タイムシート,
Timesheet Billing Summary,タイムシートの請求概要,
Timesheet Detail,タイムシートの詳細,
Timesheet for tasks.,タスクのタイムシート。,
Timesheet {0} is already completed or cancelled,タイムシート{0}は既に完了またはキャンセルされています,
Timesheets,タイムシート,
"Timesheets help keep track of time, cost and billing for activities done by your team",タイムシートは、チームが行った活動の時間、コスト、請求を追跡するのに役立ちます,
Timeslots,タイムスロット,
Title,タイトル,
To,に,
To Bill,請求する,
To Currency,通貨に,
To Date,現在まで,
To Date cannot be before From Date,これまでには、これまでにないことはできません,
To Date cannot be before From Date.,これまでには、これまでにないことはできません。,
To Date cannot be less than From Date,現在までには、これまでに低くすることはできません,
To Date is mandatory,現在までに必須です,
To Date must be greater than From Date,現在までには、これよりも大きくなければなりません,
To Date should be within the Fiscal Year. Assuming To Date = {0},現在までに会計年度内にあるはずです。日付が= {0}と仮定,
To Datetime,DateTimeに,
To Deliver,配信する,
To Deliver and Bill,請求して請求する,
To Delivery Date,配達日まで,
To Doctype,Doctypeに,
To Due Date,期日まで,
To Employee,従業員に,
To Fiscal Year,会計年度,
To Folio No,フォリオいいえ,
To Invoice Date,請求日に,
To No,いいえ,
To Package No.,パッケージ番号へ,
To Pay,支払う,
To Payment Date,支払い日に,
To Posting Date,投稿日まで,
To Range,範囲に,
To Receive,受け取る,
To Receive and Bill,受け取って請求する,
To Reference Date,参照日,
To Rename,名前を変更します,
To Shareholder,株主に,
To Time,時間に,
To Time cannot be before from date,時間までにこれまでにないことはありません,
To Track inbound purchase,インバウンド購入を追跡します,
To Value,価値に,
To Warehouse,倉庫へ,
To Warehouse (Optional),倉庫へ（オプション）,
To add Operations tick the 'With Operations' checkbox.,操作を追加するには、「操作付き」チェックボックスをチェックします。,
To add subcontracted Item's raw materials if include exploded items is disabled.,爆発したアイテムが含まれている場合、下請けアイテムの原材料を追加するには、無効になります。,
"To allow over billing, update ""Over Billing Allowance"" in Accounts Settings or the Item.",請求を許可するには、アカウントの設定またはアイテムの「請求請求に対する「請求上の請求」を更新してください。,
"To allow over receipt / delivery, update ""Over Receipt/Delivery Allowance"" in Stock Settings or the Item.",領収書 /配達を許可するには、在庫設定またはアイテムで「領収書 /配送手当をオーバー」更新します。,
To apply condition on parent field use parent.field_name and to apply condition on child table use doc.field_name. Here field_name could be based on the actual column name of the respective field.,親フィールドに条件を適用するには、parent.field_nameを使用し、子テーブルに条件を適用するには、doc.field_nameを使用します。ここで、Field_Nameは、それぞれのフィールドの実際の列名に基づいている可能性があります。,
To be Delivered to Customer,顧客に届けられる,
To cancel a {} you need to cancel the POS Closing Entry {}.,{}をキャンセルするには、POSクロージングエントリ{}をキャンセルする必要があります。,
To cancel this Sales Invoice you need to cancel the POS Closing Entry {}.,この販売請求書をキャンセルするには、POSクロージングエントリ{}をキャンセルする必要があります。,
To create a Payment Request reference document is required,支払い要求リクエストリファレンスドキュメントを作成する必要があります,
"To enable Capital Work in Progress Accounting,",進行中の資本工事を可能にするために、,
To include non-stock items in the material request planning. i.e. Items for which 'Maintain Stock' checkbox is unticked.,材料リクエスト計画に非在庫アイテムを含めること。つまり、「在庫を維持する」チェックボックスが描かれていないアイテム。,
"To include sub-assembly costs and scrap items in Finished Goods on a work order without using a job card, when the 'Use Multi-Level BOM' option is enabled.",「マルチレベルBOMの使用」オプションが有効になっている場合、ジョブカードを使用せずに作業注文で、完成品にサブアセンブリコストとスクラップアイテムを含めること。,
"To include tax in row {0} in Item rate, taxes in rows {1} must also be included",アイテムレートに行{0}税金を含めるには、行の税金{1}も含める必要があります,
"To merge, following properties must be same for both items",マージするには、次のプロパティが両方のアイテムで同じでなければなりません,
"To overrule this, enable '{0}' in company {1}",これを覆すには、会社{1}で「{0}」を有効にします,
"To still proceed with editing this Attribute Value, enable {0} in Item Variant Settings.",この属性値の編集を続行するには、アイテムバリアント設定で{0}を有効にします。,
To submit the invoice without purchase order please set {0} as {1} in {2},注文なしで請求書を送信するには、{2} in {1}として{0}を設定してください,
To submit the invoice without purchase receipt please set {0} as {1} in {2},購入領収書なしで請求書を送信するには、{2}で{0}を{1}として設定してください,
"To use a different finance book, please uncheck 'Include Default FB Assets'",別の金融本を使用するには、「デフォルトのFBアセットを含める」をチェックしてください,
"To use a different finance book, please uncheck 'Include Default FB Entries'",別のファイナンスブックを使用するには、「デフォルトのFBエントリを含める」をチェックしてください,
Toggle Full Width,全幅を切り替えます,
Toggle Theme,テーマを切り替えます,
Too many columns. Export the report and print it using a spreadsheet application.,列が多すぎます。レポートをエクスポートし、スプレッドシートアプリケーションを使用して印刷します。,
Tools,ツール,
Total,合計,
Total (Company Currency),合計（会社の通貨）,
Total (Credit),合計（クレジット）,
Total (Without Tax),合計（税なし）,
Total Achieved,達成された合計,
Total Actual,合計実際の,
Total Additional Costs,合計追加費用,
Total Advance,総前進,
Total Allocated Amount,総割り当て額,
Total Allocated Amount (Company Currency),総割り当て額（会社通貨）,
Total Allocations,合計割り当て,
Total Amount,合計金額,
Total Amount Currency,合計金額通貨,
Total Amount in Words,言葉の総額,
Total Applicable Charges in Purchase Receipt Items table must be same as Total Taxes and Charges,購入領収書の合計請求項目テーブルは、総税と料金と同じでなければなりません,
Total Asset,総資産,
Total Asset Cost,総資産コスト,
Total Assets,総資産,
Total Billable Amount,合計請求可能な金額,
Total Billable Amount (via Timesheet),合計請求可能な金額（タイムシート経由）,
Total Billable Hours,合計請求可能時間,
Total Billed Amount,合計請求額,
Total Billed Amount (via Sales Invoice),合計請求額（販売請求書経由）,
Total Billed Hours,合計請求時間,
Total Billing Amount,合計請求額,
Total Billing Hours,合計請求時間,
Total Budget,総予算,
Total Characters,合計文字,
Total Commission,総委員会,
Total Completed Qty,合計完成された数量,
Total Consumed Material Cost (via Stock Entry),総消費材料コスト（株式参入経由）,
Total Contribution Amount Against Invoices: {0},請求書に対する合計拠出額：{0},
Total Contribution Amount Against Orders: {0},注文に対する合計拠出金：{0},
Total Cost,総コスト,
Total Cost (Company Currency),総コスト（会社の通貨）,
Total Costing Amount,総コスト額,
Total Costing Amount (via Timesheet),総コスト額（タイムシート経由）,
Total Credit,合計クレジット,
Total Credit/ Debit Amount should be same as linked Journal Entry,総クレジット/借方額は、リンクされたジャーナルエントリと同じでなければなりません,
Total Debit,トータルデビット,
Total Debit must be equal to Total Credit. The difference is {0},総デビットは、合計クレジットに等しくなければなりません。違いは{0}です,
Total Delivered Amount,総配送額,
Total Demand (Past Data),総需要（過去のデータ）,
Total Equity,総資本,
Total Estimated Distance,総推定距離,
Total Expense,総費用,
Total Expense Claim (via Expense Claim),総費用請求（費用請求による）,
Total Expense Claim (via Expense Claims),総費用請求（費用請求を介して）,
Total Expense This Year,今年の総費用,
Total Experience,総経験,
Total Forecast (Future Data),総予測（将来のデータ）,
Total Forecast (Past Data),総予測（過去のデータ）,
Total Gain/Loss,総ゲイン/損失,
Total Hold Time,総保留時間,
Total Holidays,総休暇,
Total Income,総収入,
Total Income This Year,今年の総収入,
Total Incoming Value (Receipt),合計受信値（領収書）,
Total Interest,総利息,
Total Invoiced Amount,合計請求額,
Total Issues,合計問題,
Total Items,合計アイテム,
Total Liability,総責任,
Total Message(s),合計メッセージ,
Total Monthly Sales,毎月の総売上,
Total Net Weight,総純重量,
Total Number of Booked Depreciations ,予約された減価償却の総数,
Total Number of Depreciations,減価償却の総数,
Total Only,合計のみ,
Total Operating Cost,総営業コスト,
Total Operation Time,総操作時間,
Total Order Considered,検討された合計順序,
Total Order Value,合計注文値,
Total Other Charges,他の総料金,
Total Outgoing,総発送,
Total Outgoing Value (Consumption),総出力値（消費）,
Total Outstanding,総発行済み,
Total Outstanding Amount,総未払い額,
Total Paid Amount,総支払額,
Total Payment Amount in Payment Schedule must be equal to Grand / Rounded Total,支払いスケジュールの総支払い額は、グランド /ラウンドの合計に等しくなければなりません,
Total Payment Request amount cannot be greater than {0} amount,総支払い要求額は{0}以上になることはできません,
Total Payments,総支払い,
Total Picked Quantity {0} is more than ordered qty {1}. You can set the Over Picking Allowance in Stock Settings.,総ピック数量{0}は、注文された数量{1}以上のものです。在庫設定でピッキングオーバー手当を設定できます。,
Total Planned Qty,合計計画された数量,
Total Produced Qty,総生産量数,
Total Projected Qty,総投影数量,
Total Purchase Amount,総購入額,
Total Purchase Cost (via Purchase Invoice),総購入費用（購入請求書による）,
Total Qty,合計数量,
Total Quantity,総量,
Total Received Amount,合計受信額,
Total Repair Cost,総修理費用,
Total Reposting Count,総再投稿数,
Total Revenue,総収益,
Total Sales Amount,総売上額,
Total Sales Amount (via Sales Order),総売上額（販売注文による）,
Total Stock Summary,合計株式概要,
Total Supplied Qty,総供給数量,
Total Target,合計目標,
Total Tasks,合計タスク,
Total Tax,総税,
Total Taxes and Charges,総税と料金,
Total Taxes and Charges (Company Currency),総税と料金（会社通貨）,
Total Time (in Mins),合計時間（分単位）,
Total Time in Mins,分の合計時間,
Total Unpaid: {0},合計未払い：{0},
Total Value,合計値,
Total Value Difference (Incoming - Outgoing),合計値の差（着信 - 発信）,
Total Variance,合計分散,
Total Views,合計ビュー,
Total Weight,総重量,
Total Weight (kg),総重量（kg）,
Total Working Hours,合計労働時間,
Total advance ({0}) against Order {1} cannot be greater than the Grand Total ({2}),注文に対する合計アドバンス（{0}）{1}は、総計（{2}）よりも大きくすることはできません,
Total allocated percentage for sales team should be 100,販売チームの合計割り当て率は100でなければなりません,
Total contribution percentage should be equal to 100,総寄与率は100に等しくなければなりません,
Total days,合計日,
Total hours: {0},合計時間：{0},
Total payments amount can't be greater than {},総支払い額は{}より大きくなることはありません,
Total percentage against cost centers should be 100,コストセンターに対する合計割合は100でなければなりません,
Total {0} ({1}),合計{0}（{1}）,
"Total {0} for all items is zero, may be you should change 'Distribute Charges Based On'",すべてのアイテムの合計{0}はゼロです。,
Total(Amt),合計（amt）,
Total(Qty),合計（数量）,
Totals,合計,
Traceability,トレーサビリティ,
Track Semi Finished Goods,半完成品を追跡します,
Track Service Level Agreement,サービスレベル契約を追跡します,
Track separate Income and Expense for product verticals or divisions.,製品の垂直または部門の個別の収入と費用を追跡します。,
Tracking Status,追跡ステータス,
Tracking Status Info,ステータス情報の追跡,
Tracking URL,URLの追跡,
Transaction,取引,
Transaction Currency,取引通貨,
Transaction Date,取引日,
Transaction Deletion Document: {0} is running for this Company. {1},トランザクション削除ドキュメント：{0}はこの会社で実行されています。 {1},
Transaction Deletion Record,トランザクション削除レコード,
Transaction Deletion Record Details,トランザクション削除記録の詳細,
Transaction Deletion Record Item,トランザクション削除記録項目,
Transaction Details,トランザクションの詳細,
Transaction Exchange Rate,取引為替レート,
Transaction ID,トランザクションID,
Transaction Information,トランザクション情報,
Transaction Name,トランザクション名,
Transaction Settings,トランザクション設定,
Transaction Type,トランザクションタイプ,
Transaction currency must be same as Payment Gateway currency,取引通貨は、支払いゲートウェイ通貨と同じでなければなりません,
Transaction currency: {0} cannot be different from Bank Account({1}) currency: {2},取引通貨：{0}は銀行口座（{1}）通貨と違うことはできません：{2},
Transaction not allowed against stopped Work Order {0},停止した作業注文に対して許可されていない{0},
Transaction reference no {0} dated {1},トランザクションリファレンスno {0}日付{1},
Transactions,トランザクション,
Transactions Annual History,トランザクション年次履歴,
Transactions against the Company already exist! Chart of Accounts can only be imported for a Company with no transactions.,会社に対する取引はすでに存在しています！アカウントのチャートは、取引のない会社のためにのみインポートできます。,
Transactions using Sales Invoice in POS are disabled.,POSの販売請求書を使用したトランザクションは無効になっています。,
Transfer,移行,
Transfer Asset,譲渡資産,
Transfer From Warehouses,倉庫からの転送,
Transfer Material Against,対抗材料を転送します,
Transfer Materials,転送材料,
Transfer Materials For Warehouse {0},倉庫{0}の譲渡材料,
Transfer Status,転送ステータス,
Transfer Type,転送タイプ,
Transfer and Issue,転送と発行,
Transferred,転送,
Transferred Qty,数量を転送,
Transferred Quantity,転送された量,
Transferred Raw Materials,転送された原材料,
Transit,トランジット,
Transit Entry,トランジットエントリ,
Transport Receipt Date,領収書の輸送日,
Transport Receipt No,輸送領収書番号,
Transporter,トランスポーター,
Transporter Details,トランスポーターの詳細,
Transporter Info,トランスポーター情報,
Transporter Name,トランスポーター名,
Travel Expenses,旅費,
Tree Details,ツリーの詳細,
Tree Type,ツリータイプ,
Trial Balance,トライアルバランス,
Trial Balance (Simple),トライアルバランス（シンプル）,
Trial Balance for Party,パーティーの試用収支,
Trial Period End Date,試用期間の終了日,
Trial Period End Date Cannot be before Trial Period Start Date,試用期間の終了日は、試用期間開始日になることはできません,
Trial Period Start Date,試用期間開始日,
Trial Period Start date cannot be after Subscription Start Date,試用期間開始日は、サブスクリプション開始日の後にできません,
Trialing,裁判,
Truncates 'Remarks' column to set character length,文字の長さを設定するために、「発言」列を切り捨てます,
Tuesday,火曜日,
Twice Daily,毎日2回,
Two-way,双方向,
Type,タイプ,
Type Of Call,通話の種類,
Type of Payment,支払いの種類,
Type of Transaction,トランザクションのタイプ,
Type of document to rename.,名前を変更するドキュメントの種類。,
Types of activities for Time Logs,時間ログのアクティビティの種類,
UAE VAT 201,UAE VAT 201,
UAE VAT Account,UAE VATアカウント,
UAE VAT Accounts,UAE VATアカウント,
UAE VAT Settings,UAE VAT設定,
UOM,uom,
UOM Category,UOMカテゴリ,
UOM Conversion Detail,UOM変換の詳細,
UOM Conversion Factor,UOM変換係数,
UOM Conversion factor ({0} -> {1}) not found for item: {2},UOM変換係数（{0}  - > {1}）アイテムには見つかりません：{2},
UOM Conversion factor is required in row {0},UOM変換係数は行{0}で必要です,
UOM Name,UOM名,
UOM conversion factor required for UOM: {0} in Item: {1},UOMに必要なUOM変換係数：{0}アイテム：{1},
UOM {0} not found in Item {1},uom {0}項目{1}には見つかりません,
UOMs,uoms,
UPC,UPC,
UPC-A,UPC-A,
URL,URL,
URL can only be a string,URLは文字列のみになります,
UnBuffered Cursor,バッファーされていないカーソル,
UnReconcile,再構成されていません,
UnReconcile Allocations,再構成の割り当て,
Unable to find exchange rate for {0} to {1} for key date {2}. Please create a Currency Exchange record manually,{0}から{1}の為替レートがキー{2}を見つけることができません。通貨交換レコードを手動で作成してください,
Unable to find score starting at {0}. You need to have standing scores covering 0 to 100,{0}から始まるスコアを見つけることができません。 0〜100をカバーするスタンディングスコアが必要です,
Unable to find the time slot in the next {0} days for the operation {1}. Please increase the 'Capacity Planning For (Days)' in the {2}.,操作{1}の次の{0}日にタイムスロットを見つけることができません。 {2}の「（日）の容量計画」を増やしてください。,
Unable to find variable:,変数を見つけることができません：,
Unallocated Amount,未割り当ての金額,
Unassigned Qty,未割り当ての数量,
Unblock Invoice,請求書のブロックを解除します,
Unclosed Fiscal Years Profit / Loss (Credit),閉鎖されていない会計年度の利益 /損失（クレジット）,
Under AMC,AMCの下,
Under Graduate,卒業生の下,
Under Warranty,保証下,
"Under Working Hours table, you can add start and end times for a Workstation. For example, a Workstation may be active from 9 am to 1 pm, then 2 pm to 5 pm. You can also specify the working hours based on shifts. While scheduling a Work Order, the system will check for the availability of the Workstation based on the working hours specified.",労働時間のテーブルでは、ワークステーションの開始時間と終了時間を追加できます。たとえば、ワークステーションは午前9時から午後1時まで、午後2時から午後5時までアクティブになる場合があります。シフトに基づいて労働時間を指定することもできます。作業注文のスケジュール中、システムは、指定された労働時間に基づいてワークステーションの可用性を確認します。,
Unfulfilled,満たされていない,
Unit of Measure,測定単位,
Unit of Measure {0} has been entered more than once in Conversion Factor Table,測定単位{0}は、変換係数テーブルに複数回入力されました,
Units of Measure,測定単位,
Unknown,未知,
Unknown Caller,不明な発信者,
Unlink Advance Payment on Cancellation of Order,注文のキャンセルに関する前払いの支払いを解除します,
Unlink Payment on Cancellation of Invoice,請求書のキャンセルに関する支払いを解除します,
Unlink external integrations,外部統合を解除します,
Unlinked,リンクされていない,
Unpaid,未払い,
Unpaid and Discounted,未払いと割引,
Unplanned machine maintenance,計画外の機械のメンテナンス,
Unqualified,資格のない,
Unrealized Exchange Gain/Loss Account,未実現の交換利益/損失アカウント,
Unrealized Profit / Loss Account,未実現の利益 /損失口座,
Unrealized Profit / Loss account for intra-company transfers,企業内移転の未実現の損益計算,
Unrealized Profit/Loss account for intra-company transfers,企業内移転の未実現の損益計算,
Unreconcile Payment,支払いを再構成しません,
Unreconcile Payment Entries,支払いエントリを再構成しません,
Unreconcile Transaction,再構成トランザクション,
Unreconciled,和解しない,
Unreconciled Amount,和解の量,
Unreconciled Entries,和解していないエントリ,
Unreserve,予約してください,
Unreserve Stock,在庫を予約しません,
Unreserve for Raw Materials,原材料の予約,
Unreserve for Sub-assembly,サブアセンブリの予約を解除します,
Unreserving Stock...,株式のない株式...,
Unresolved,未解決,
Unscheduled,予定外,
Unsecured Loans,無担保ローン,
Unset Matched Payment Request,一致した支払いリクエストを変更しました,
Unsigned,署名なし,
Unsubscribe from this Email Digest,この電子メールダイジェストからの登録解除,
Unsubscribed,登録解除,
Until,それまで,
Unverified,未検証,
Unverified Webhook Data,未検証のWebhookデータ,
Up,上,
Upcoming Calendar Events,今後のカレンダーイベント,
Upcoming Calendar Events ,今後のカレンダーイベント,
Update,アップデート,
Update Account Name / Number,アカウント名 /番号を更新します,
Update Account Number / Name,アカウント番号 /名前を更新します,
Update Additional Information,追加情報を更新します,
Update Auto Repeat Reference,自動繰り返し参照を更新します,
Update BOM Cost Automatically,BOMコストを自動的に更新します,
"Update BOM cost automatically via scheduler, based on the latest Valuation Rate/Price List Rate/Last Purchase Rate of raw materials",最新の評価レート/価格リストレート/原材料の最終購入率に基づいて、スケジューラを介してBOMコストを自動的に更新します,
Update Billed Amount in Delivery Note,配達紙の請求額を更新します,
Update Billed Amount in Purchase Order,発注書の請求額を更新します,
Update Billed Amount in Purchase Receipt,購入領収書の請求額を更新します,
Update Billed Amount in Sales Order,販売注文で請求額を更新します,
Update Clearance Date,クリアランス日を更新します,
Update Consumed Material Cost In Project,プロジェクトで消費された材料コストを更新します,
Update Cost,更新コスト,
Update Cost Center Name / Number,コストセンター名 /番号を更新します,
Update Current Stock,現在の在庫を更新します,
Update Existing Price List Rate,既存の価格価格レートを更新します,
Update Existing Records,既存のレコードを更新します,
Update Items,アイテムを更新します,
Update Outstanding for Self,Selfの未解決の更新を更新します,
Update Price List Based On,に基づいて価格表を更新します,
Update Print Format,印刷形式を更新します,
Update Rate and Availability,更新レートと可用性,
Update Rate as per Last Purchase,前回の購入による更新レート,
Update Stock,在庫を更新します,
Update Type,更新タイプ,
Update frequency of Project,プロジェクトの頻度を更新します,
Update latest price in all BOMs,すべてのBOMで最新の価格を更新します,
Update stock must be enabled for the purchase invoice {0},購入請求書{0}のために更新在庫を有効にする必要があります,
Update the modified timestamp on new communications received in Lead & Opportunity.,リードと機会に受け取った新しいコミュニケーションの変更されたタイムスタンプを更新します。,
Update timestamp on new communication,新しい通信に関するタイムスタンプを更新します,
Updated successfully,正常に更新されました,
Updated via 'Time Log' (In Minutes),「時間ログ」（数分で）で更新されました,
Updating Variants...,バリアントの更新...,
Updating Work Order status,作業注文ステータスの更新,
"Updating {0} of {1}, {2}",{1}の{0}、{2}の更新,
Upload Bank Statement,銀行の明細書をアップロードします,
Upload XML Invoices,XML請求書をアップロードします,
"Upon submission of the Sales Order, Work Order, or Production Plan, the system will automatically reserve the stock.",販売注文、作業注文、または生産計画が提出されると、システムは自動的に在庫を予約します。,
Upper Income,高所得,
Urgent,緊急,
Use 'Repost in background' button to trigger background job. Job can only be triggered when document is in Queued or Failed status.,「バックグラウンドで再投稿」ボタンを使用して、バックグラウンドジョブをトリガーします。ジョブは、ドキュメントがキューに陥っているか、ステータスが失敗した場合にのみトリガーできます。,
Use Batch-wise Valuation,バッチごとの評価を使用します,
Use CSV Sniffer,CSV Snifferを使用します,
Use Company Default Round Off Cost Center,会社のデフォルトラウンドオフコストセンターを使用します,
Use Company default Cost Center for Round off,丸めになるために会社のデフォルトコストセンターを使用します,
Use Google Maps Direction API to calculate estimated arrival times,Google Maps Direction APIを使用して、推定到着時間を計算する,
Use Google Maps Direction API to optimize route,Google Maps Direction APIを使用して、ルートを最適化します,
Use HTTP Protocol,HTTPプロトコルを使用します,
Use Item based reposting,アイテムベースの再投稿を使用します,
Use Multi-Level BOM,マルチレベルBOMを使用します,
Use New Budget Controller,新しい予算コントローラーを使用します,
Use Serial / Batch Fields,シリアル /バッチフィールドを使用します,
Use Serial No / Batch Fields,シリアルノー /バッチフィールドを使用します,
Use Server Side Reactivity,サーバー側の反応性を使用します,
Use Transaction Date Exchange Rate,トランザクションの日付為替レートを使用します,
Use a name that is different from previous project name,以前のプロジェクト名とは異なる名前を使用してください,
Use for Shopping Cart,ショッピングカートに使用します,
Used,使用済み,
Used for Production Plan,生産計画に使用されます,
User,ユーザー,
User Details,ユーザーの詳細,
User Forum,ユーザーフォーラム,
User ID,ユーザーID,
User ID not set for Employee {0},ユーザーIDは従業員に設定されていません{0},
User Remark,ユーザーの発言,
User Resolution Time,ユーザーの解決時間,
User Settings,ユーザー設定,
User has not applied rule on the invoice {0},ユーザーは請求書にルールを適用していません{0},
User {0} does not exist,ユーザー{0}は存在しません,
User {0} doesn't have any default POS Profile. Check Default at Row {1} for this User.,ユーザー{0}には、デフォルトのPOSプロファイルがありません。このユーザーのrow {1}でデフォルトを確認してください。,
User {0} is already assigned to Employee {1},ユーザー{0}はすでに従業員に割り当てられています{1},
User {0} is disabled,ユーザー{0}は無効です,
User {0}: Removed Employee Self Service role as there is no mapped employee.,ユーザー{0}：マッピングされた従業員がいないため、従業員のセルフサービスの役割を削除しました。,
User {0}: Removed Employee role as there is no mapped employee.,ユーザー{0}：マッピングされた従業員がいないため、従業員の役割を削除しました。,
User {} is disabled. Please select valid user/cashier,ユーザー{}は無効です。有効なユーザー/キャッシャーを選択してください,
Users,ユーザー,
Users can consume raw materials and add semi-finished goods or final finished goods against the operation using job cards.,ユーザーは、原材料を消費し、ジョブカードを使用して、操作に対して半仕上げの商品または最終的な完成品を追加できます。,
Users can enable the checkbox If they want to adjust the incoming rate (set using purchase receipt) based on the purchase invoice rate.,ユーザーは、購入請求書レートに基づいて着信レート（購入領収書を使用して設定）を調整する場合、チェックボックスを有効にすることができます。,
Users with this role are allowed to over bill above the allowance percentage,この役割を持つユーザーは、手当の割合を超える請求書を超えていることが許可されています,
Users with this role are allowed to over deliver/receive against orders above the allowance percentage,この役割を持つユーザーは、手当率を超える注文に対して過剰に配信/受信することが許可されています,
Users with this role are allowed to set frozen accounts and create / modify accounting entries against frozen accounts,この役割を持つユーザーは、フローズンアカウントを設定し、フローズンアカウントに対する会計エントリを作成 /変更することができます,
Using negative stock disables FIFO/Moving average valuation when inventory is negative.,負の在庫を使用すると、在庫が負の場合、FIFO/移動平均評価は無効になります。,
Utility Expenses,ユーティリティ費用,
VAT Accounts,VATアカウント,
VAT Amount (AED),VAT量（AED）,
VAT Audit Report,VAT監査レポート,
VAT on Expenses and All Other Inputs,費用およびその他すべての入力に関するVAT,
VAT on Sales and All Other Outputs,販売およびその他のすべての出力に関するVAT,
Valid From,から有効です,
Valid From date not in Fiscal Year {0},会計年度ではない日付{0},
Valid From must be after {0} as last GL Entry against the cost center {1} posted on this date,この日付に投稿されたコストセンターに対する最後のGLエントリとして{0}の後に有効でなければなりません,
Valid Till,有効なTITL,
Valid Up To,まで有効です,
Valid Up To date cannot be before Valid From date,最新の有効では、これまでに有効にすることはできません,
Valid Up To date not in Fiscal Year {0},会計年度ではない最新の{0},
Valid for Countries,国にとって有効です,
Valid from and valid upto fields are mandatory for the cumulative,フィールドから有効で有効なフィールドは、累積に必須です,
Valid till Date cannot be before Transaction Date,有効な日付までは、取引日前にはできません,
Valid till date cannot be before transaction date,有効な日付までは、取引日前にはできません,
Validate Applied Rule,適用ルールを検証します,
Validate Components and Quantities Per BOM,BOMあたりのコンポーネントと数量を検証します,
Validate Negative Stock,ネガティブストックを検証します,
Validate Pricing Rule,価格ルールを検証します,
Validate Selling Price for Item Against Purchase Rate or Valuation Rate,購入料金または評価率に対してアイテムの販売価格を検証する,
Validate Stock on Save,保存時に在庫を検証します,
Validity,有効,
Validity Details,妥当性の詳細,
Validity and Usage,有効性と使用,
Validity in Days,数日の妥当性,
Validity period of this quotation has ended.,この引用の妥当性期間は終了しました。,
Valuation,評価,
Valuation (I - K),評価（I -K）,
Valuation Field Type,評価フィールドタイプ,
Valuation Method,評価方法,
Valuation Rate,評価率,
Valuation Rate (In / Out),評価率（イン /アウト）,
Valuation Rate Missing,評価率がありません,
"Valuation Rate for the Item {0}, is required to do accounting entries for {1} {2}.",アイテム{0}の評価率は、{1} {2}の会計エントリを行うために必要です。,
Valuation Rate is mandatory if Opening Stock entered,開会在庫が入力された場合、評価率は必須です,
Valuation Rate required for Item {0} at row {1},row {1}のアイテム{0}に必要な評価率,
Valuation and Total,評価と合計,
Valuation rate for customer provided items has been set to zero.,顧客提供されたアイテムの評価率はゼロに設定されています。,
Valuation rate for the item as per Sales Invoice (Only for Internal Transfers),販売請求書に従ってアイテムの評価率（内部転送のみ）,
Valuation type charges can not be marked as Inclusive,評価型料金は、包括的としてマークすることはできません,
Valuation type charges can not marked as Inclusive,評価型料金は包括的とマークできません,
Value,価値,
Value (G - D),値（g -d）,
Value ({0}),値（{0}）,
Value After Depreciation,減価償却後の値,
Value Based Inspection,価値ベースの検査,
Value Change,価値の変化,
Value Details,値の詳細,
Value Or Qty,価値または数量,
Value Proposition,価値提案,
Value as on,価値があります,
Value for Attribute {0} must be within the range of {1} to {2} in the increments of {3} for Item {4},属性{0}の値は、アイテムの{3}の増分で{1}から{2}の範囲内にある必要があります{4},
Value of Goods,商品の価値,
Value of New Capitalized Asset,新しい資本化された資産の価値,
Value of New Purchase,新しい購入の価値,
Value of Scrapped Asset,廃棄された資産の価値,
Value of Sold Asset,販売資産の価値,
Value of goods cannot be 0,商品の値は0になりません,
Value or Qty,価値または数量,
Values Changed,値が変更されました,
Variable Name,変数名,
Variables,変数,
Variance,分散,
Variance ({}),分散（{}）,
Variant,変異体,
Variant Attribute Error,バリアント属性エラー,
Variant Attributes,バリアント属性,
Variant BOM,バリアントbom,
Variant Based On,に基づくバリアント,
Variant Based On cannot be changed,に基づいたバリアントは変更できません,
Variant Details Report,バリアントの詳細レポート,
Variant Field,バリアントフィールド,
Variant Item,バリアントアイテム,
Variant Items,バリアントアイテム,
Variant Of,のバリアント,
Variant creation has been queued.,バリアントの作成がキューに留められています。,
Variants,バリアント,
Vehicle,車両,
Vehicle Date,車両の日付,
Vehicle Expenses,車両費用,
Vehicle No,車両番号,
Vehicle Number,車両番号,
Vehicle Value,車両価値,
Vendor Name,ベンダー名,
Verification failed please check the link,確認が失敗したリンクを確認してください,
Verified By,によって検証されています,
Verify Email,メールを確認します,
Version,バージョン,
Via Customer Portal,顧客ポータル経由,
Via Landed Cost Voucher,土地のコストバウチャーを介して,
Video,ビデオ,
Video Settings,ビデオ設定,
View,ビュー,
View BOM Update Log,BOMアップデートログを表示します,
View Chart of Accounts,アカウントのチャートを表示します,
View Exchange Gain/Loss Journals,Exchange Gain/Loss Journalsを表示します,
View General Ledger,総勘定元帳を表示します,
View Leads,リードを表示します,
View Ledger,元帳を表示します,
View Ledgers,元帳を表示します,
View Now,今すぐ表示します,
View Type,タイプを表示します,
View Website,ウェブサイトを見る,
View attachments,添付ファイルを表示します,
View call log,呼び出しログを表示します,
Views,ビュー,
Vimeo,Vimeo,
Visit the forums,フォーラムにアクセスしてください,
Visited,訪問,
Voice,声,
Voice Call Settings,音声通話設定,
Voucher,バウチャー,
Voucher #,バウチャー＃,
Voucher Detail No,バウチャーの詳細番号,
Voucher Detail Reference,バウチャーの詳細リファレンス,
Voucher Name,バウチャー名,
Voucher No,バウチャーいいえ,
Voucher No is mandatory,バウチャー番号は必須です,
Voucher Qty,バウチャー数量,
Voucher Subtype,バウチャーサブタイプ,
Voucher Type,バウチャータイプ,
Voucher {0} is over-allocated by {1},バウチャー{0}は{1}によって過剰に割り当てられています,
Voucher-wise Balance,バウチャーごとのバランス,
Vouchers,バウチャー,
"WARNING: Exotel app has been separated from ERPNext, please install the app to continue using Exotel integration.",警告：ExotelアプリはERPNextから分離されています。アプリをインストールして、Exotel統合の使用を続けてください。,
WIP Composite Asset,WIPコンポジットアセット,
WIP WH,wip wh,
WIP Warehouse,WIPウェアハウス,
Wages,賃金,
Wages per hour,1時間あたりの賃金,
Waiting for payment...,支払いを待っています...,
Warehouse,倉庫,
Warehouse Capacity Summary,倉庫容量の概要,
Warehouse Capacity for Item '{0}' must be greater than the existing stock level of {1} {2}.,アイテムの倉庫容量 '{0}'は、{1} {2}の既存の在庫レベルよりも大きくなければなりません。,
Warehouse Contact Info,倉庫の連絡先情報,
Warehouse Detail,倉庫の詳細,
Warehouse Details,倉庫の詳細,
Warehouse Disabled?,倉庫が無効になっていますか？,
Warehouse Name,倉庫名,
Warehouse Settings,倉庫設定,
Warehouse Type,倉庫タイプ,
Warehouse Wise Stock Balance,倉庫ごとの株式残高,
Warehouse and Reference,倉庫と参照,
Warehouse can not be deleted as stock ledger entry exists for this warehouse.,倉庫は、この倉庫にストック元帳エントリが存在するため削除できません。,
Warehouse cannot be changed for Serial No.,シリアル番号のために倉庫を変更することはできません,
Warehouse is mandatory,倉庫は必須です,
Warehouse not found against the account {0},アカウントに対して見つからない倉庫{0},
Warehouse required for stock Item {0},在庫品目に必要な倉庫{0},
Warehouse wise Item Balance Age and Value,倉庫ごとのアイテムバランスの年齢と価値,
Warehouse {0} can not be deleted as quantity exists for Item {1},倉庫{0}は、アイテムの数量が存在するため削除できません{1},
Warehouse {0} does not belong to Company {1}.,倉庫{0}は会社{1}に属していません。,
Warehouse {0} does not belong to company {1},倉庫{0}は会社{1}に属していません,
"Warehouse {0} is not allowed for Sales Order {1}, it should be {2}",倉庫{0}は販売注文{1}には許可されていません。{2}である必要があります,
"Warehouse {0} is not linked to any account, please mention the account in the warehouse record or set default inventory account in company {1}.",Warehouse {0}は任意のアカウントにリンクされていません。ウェアハウスレコードのアカウントに言及するか、会社{1}でデフォルトのインベントリアカウントを設定してください。,
Warehouse's Stock Value has already been booked in the following accounts:,倉庫の株価は、すでに次のアカウントで予約されています。,
Warehouse: {0} does not belong to {1},倉庫：{0}は{1}に属していません,
Warehouses,倉庫,
Warehouses with child nodes cannot be converted to ledger,子ノードを備えた倉庫は、元帳に変換することはできません,
Warehouses with existing transaction can not be converted to group.,既存のトランザクションを備えた倉庫は、グループに変換することはできません。,
Warehouses with existing transaction can not be converted to ledger.,既存のトランザクションを備えた倉庫は、元帳に変換することはできません。,
Warn,警告,
Warn POs,警告pos,
Warn Purchase Orders,発注書に警告します,
Warn RFQs,rfqsに警告します,
Warn for new Purchase Orders,新しい発注書に警告します,
Warn for new Request for Quotations,引用符の新しい要求を警告します,
Warning,警告,
Warning - Row {0}: Billing Hours are more than Actual Hours,警告 - 行{0}：請求時間は実際の時間よりも大きい,
Warning on Negative Stock,負の在庫に関する警告,
Warning!,警告！,
Warning: Another {0} # {1} exists against stock entry {2},警告：別の{0}＃{1}は、在庫エントリ{2}に対して存在します,
Warning: Material Requested Qty is less than Minimum Order Qty,警告：要求された数量は最低注文数順に少ない,
Warning: Sales Order {0} already exists against Customer's Purchase Order {1},警告：販売注文{0}は、顧客の発注書に対してすでに存在しています{1},
Warranty / AMC Details,保証 / AMCの詳細,
Warranty / AMC Status,保証 / AMCステータス,
Warranty Claim,保証請求,
Warranty Expiry Date,保証有効期限,
Warranty Period (Days),保証期間（日）,
Warranty Period (in days),保証期間（日数）,
Watch Video,ビデオを見る,
We're here to help!,私たちは助けにここにいます！,
Website,Webサイト,
Website Attribute,ウェブサイト属性,
Website Description,ウェブサイトの説明,
Website Filter Field,ウェブサイトフィルターフィールド,
Website Image,ウェブサイトの画像,
Website Item Group,ウェブサイトアイテムグループ,
Website Manager,ウェブサイトマネージャー,
Website Specifications,ウェブサイトの仕様,
Wednesday,水曜日,
Week,週,
Week {0} {1},週{0} {1},
Weekday,平日,
Weekly,毎週,
Weekly Off,毎週オフ,
Weekly Time to send,送信する時間の時間,
Weight,重さ,
Weight (kg),体重（kg）,
Weight Per Unit,ユニットあたりの重量,
Weight UOM,重量uom,
Weighting Function,重み付け関数,
Welcome email sent,ウェルカムメールが送信されました,
Welcome to {0},{0}へようこそ,
What do you need help with?,何で助けが必要ですか？,
WhatsApp,whatsapp,
Wheels,ホイール,
"When a parent warehouse is chosen, the system conducts Project Qty checks against the associated child warehouses",親倉庫が選ばれると、システムは関連する子倉庫に対するプロジェクトの数量チェックを実施します,
"When creating an Item, entering a value for this field will automatically create an Item Price at the backend.",アイテムを作成するとき、このフィールドの値を入力すると、バックエンドでアイテム価格が自動的に作成されます。,
"While creating account for Child Company {0}, parent account {1} found as a ledger account.",子どもの会社のアカウントを作成する際に、親アカウント{1}は元帳アカウントとして見つかりました。,
"While creating account for Child Company {0}, parent account {1} not found. Please create the parent account in corresponding COA",子どもの会社のアカウントを作成している間、親アカウント{1}が見つかりません。対応するCOAで親アカウントを作成してください,
"While making Purchase Invoice from Purchase Order, use Exchange Rate on Invoice's transaction date rather than inheriting it from Purchase Order. Only applies for Purchase Invoice.",発注書から購入請求書を作成している間、発注書から継承するのではなく、請求書の取引日に為替レートを使用します。購入請求書のみに適用されます。,
White,白,
Widowed,未亡人,
Width (cm),幅（cm）,
Width of amount in word,単語の量の幅,
Will also apply for variants,バリアントも申請します,
Will also apply for variants unless overridden,また、オーバーライドされていない限り、バリアントにも申請します,
Wire Transfer,電信送金,
With Operations,操作で,
With Period Closing Entry For Opening Balances,バランスを開くための期間閉鎖エントリ付き,
Withdrawal,撤退,
Work Done,完了しました,
Work In Progress,進行中の作業,
Work In Progress Warehouse,進行中の倉庫で働く,
Work Order,作業注文,
Work Order / Subcontract PO,作業注文 /下請けPO,
Work Order Analysis,作業注文分析,
Work Order Consumed Materials,作業注文は消費された材料,
Work Order Item,作業注文アイテム,
Work Order Operation,作業注文操作,
Work Order Qty,ワークオーダー数量,
Work Order Qty Analysis,作業注文数量分析,
Work Order Stock Report,作業注文在庫レポート,
Work Order Summary,作業注文の概要,
Work Order cannot be created for following reason: <br> {0},理由に従うことはできません：<br> {0},
Work Order cannot be raised against a Item Template,アイテムテンプレートに対して作業指示を提起することはできません,
Work Order has been {0},作業注文は{0}でした,
Work Order not created,作成されていない作業注文,
Work Order {0}: Job Card not found for the operation {1},作業注文{0}：操作にはジョブカードが見つかりません{1},
Work Orders,作業注文,
Work Orders Created: {0},作成された作業指示：{0},
Work Orders in Progress,進行中の作業注文,
Work in Progress,進行中の作業,
Work-in-Progress Warehouse,進行中の倉庫,
Work-in-Progress Warehouse is required before Submit,提出する前に、進行中の倉庫が必要です,
Workday,就業日,
Workday {0} has been repeated.,Workday {0}が繰り返されました。,
Working,働く,
Working Hours,労働時間,
Workspace Settings,ワークスペース設定,
Workstation,ワークステーション,
Workstation / Machine,ワークステーション /マシン,
Workstation Dashboard,ワークステーションダッシュボード,
Workstation Name,ワークステーション名,
Workstation Status,ワークステーションステータス,
Workstation Type,ワークステーションタイプ,
Workstation Working Hour,ワークステーションの勤務時間,
Workstation is closed on the following dates as per Holiday List: {0},ホリデーリストに従って、次の日付でワークステーションは閉鎖されています：{0},
Workstations,ワークステーション,
Wrapping up,まとめます,
Write Off,帳消し,
Write Off Account,アカウントを書き留めます,
Write Off Amount,償却額,
Write Off Amount (Company Currency),償却額（会社の通貨）,
Write Off Based On,に基づいて書き留めます,
Write Off Cost Center,コストセンターを償却します,
Write Off Difference Amount,差額量を書き留めます,
Write Off Entry,エントリーを償却します,
Write Off Limit,制限を書き留めます,
Write Off Outstanding Amount,未払いの金額を書き留めます,
Writeoff,帳消し,
Written Down Value,書き留め値,
Wrong Company,間違った会社,
Wrong Password,間違ったパスワード,
Wrong Template,間違ったテンプレート,
XML Files Processed,XMLファイルが処理されました,
Year,年,
Year End Date,年末の日付,
Year Name,年名,
Year Start Date,年の開始日,
Year of Passing,合格年,
Year start date or end date is overlapping with {0}. To avoid please set company,年の開始日または終了日は{0}と重複しています。避けるために、会社を設定してください,
Yearly,毎年,
Yellow,黄色,
Yes,はい,
You are importing data for the code list:,コードリストのデータをインポートしています。,
You are not allowed to update as per the conditions set in {} Workflow.,{}ワークフローに設定された条件に従って更新することはできません。,
You are not authorized to add or update entries before {0},{0}の前にエントリを追加または更新することは許可されていません,
You are not authorized to make/edit Stock Transactions for Item {0} under warehouse {1} before this time.,この時間前に倉庫{1}の下でアイテム{0}の株式取引を作成/編集することは許可されていません。,
You are not authorized to set Frozen value,凍結価値を設定する権限はありません,
You are picking more than required quantity for the item {0}. Check if there is any other pick list created for the sales order {1}.,アイテム{0}に必要な数量以上を選んでいます。販売注文のために作成された他のピックリストがあるかどうかを確認します{1}。,
You can add the original invoice {} manually to proceed.,元の請求書{}を手動で追加して続行できます。,
You can also copy-paste this link in your browser,このリンクをブラウザにコピーすることもできます,
You can also set default CWIP account in Company {},会社{}でデフォルトのCWIPアカウントを設定することもできます,
You can change the parent account to a Balance Sheet account or select a different account.,親アカウントを貸借対照表アカウントに変更するか、別のアカウントを選択できます。,
You can not enter current voucher in 'Against Journal Entry' column,「ジャーナルエントリ」列に現在のバウチャーを入力できません,
You can only have Plans with the same billing cycle in a Subscription,サブスクリプションで同じ請求サイクルのプランのみを持つことができます,
You can only redeem max {0} points in this order.,この順序でMax {0}ポイントのみを引き換えることができます。,
You can only select one mode of payment as default,デフォルトとして1つの支払いモードのみを選択できます,
You can redeem upto {0}.,{0}まで引き換えることができます。,
"You can set it as a machine name or operation type. For example, stiching machine 12",マシン名または操作タイプとして設定できます。たとえば、スタチングマシン12,
You can't make any changes to Job Card since Work Order is closed.,作業注文が閉鎖されているため、ジョブカードに変更を加えることはできません。,
You can't process the serial number {0} as it has already been used in the SABB {1}. {2} if you want to inward same serial number multiple times then enabled 'Allow existing Serial No to be Manufactured/Received again' in the {3},SABB {1}ですでに使用されているため、シリアル番号{0}を処理することはできません。 {2}同じシリアル番号を複数回内に向けたい場合は、「既存のシリアル番号を再度製造/受信することを可能にします」{3},
You can't redeem Loyalty Points having more value than the Total Amount.,総額よりも価値があるロイヤルティポイントを引き換えることはできません。,
You cannot change the rate if BOM is mentioned against any Item.,BOMがいずれかのアイテムに対して言及されている場合、レートを変更することはできません。,
You cannot create a {0} within the closed Accounting Period {1},閉じた会計期間内に{0}を作成することはできません{1},
You cannot create or cancel any accounting entries with in the closed Accounting Period {0},閉じた会計期間{0}で会計エントリを作成またはキャンセルすることはできません,
You cannot create/amend any accounting entries till this date.,この日付まで、会計エントリを作成/修正することはできません。,
You cannot credit and debit same account at the same time,同時に同じアカウントをクレジットして借方付けることはできません,
You cannot delete Project Type 'External',プロジェクトタイプ「外部」を削除することはできません,
You cannot edit root node.,ルートノードを編集することはできません。,
You cannot enable both the settings '{0}' and '{1}'.,設定「{0}」と「{1}」の両方を有効にすることはできません。,
You cannot redeem more than {0}.,{0}を超えることはできません。,
You cannot repost item valuation before {},{}の前にアイテムの評価を再投稿することはできません,
You cannot restart a Subscription that is not cancelled.,キャンセルされていないサブスクリプションを再起動することはできません。,
You cannot submit empty order.,空の注文を送信することはできません。,
You cannot submit the order without payment.,支払いなしで注文を送信することはできません。,
You cannot {0} this document because another Period Closing Entry {1} exists after {2},{2}の後に別の期間閉鎖エントリ{1}が存在するため、このドキュメントは{0}できません。,
You do not have permissions to {} items in a {}.,{}に{}項目にアクセス許可がありません。,
You don't have enough Loyalty Points to redeem,償還するのに十分なロイヤルティポイントがありません,
You don't have enough points to redeem.,償還するのに十分なポイントがありません。,
You had {} errors while creating opening invoices. Check {} for more details,請求書の開く際に{}エラーがありました。詳細については、{}を確認してください,
You have already selected items from {0} {1},{0} {1}からすでにアイテムを選択しています,
You have been invited to collaborate on the project {0}.,プロジェクト{0}で協力するよう招待されています。,
You have entered a duplicate Delivery Note on Row,列に重複した配信ノートを入力しました,
You have to enable auto re-order in Stock Settings to maintain re-order levels.,再注文レベルを維持するには、在庫設定で自動再注文を有効にする必要があります。,
You have unsaved changes. Do you want to save the invoice?,救われていない変更があります。請求書を保存しますか？,
You haven't created a {0} yet,まだ{0}を作成していません,
You must select a customer before adding an item.,アイテムを追加する前に、顧客を選択する必要があります。,
You need to cancel POS Closing Entry {} to be able to cancel this document.,このドキュメントをキャンセルできるように、POSクロージングエントリ{}をキャンセルする必要があります。,
You selected the account group {1} as {2} Account in row {0}. Please select a single account.,アカウントグループ{1}は、{2} account {0}として{2}アカウントとして選択しました。単一のアカウントを選択してください。,
YouTube,YouTube,
YouTube Interactions,YouTubeインタラクション,
Your Name (required),あなたの名前（必須）,
Your email has been verified and your appointment has been scheduled,あなたの電子メールは確認され、あなたの予約はスケジュールされました,
Your order is out for delivery!,あなたの注文は配達のために公開されています！,
Your tickets,あなたのチケット,
Youtube ID,YouTube ID,
Youtube Statistics,YouTube統計,
ZIP Code,郵便番号,
Zero Balance,ゼロバランス,
Zero Rated,ゼロ定格,
Zero quantity,ゼロ数量,
Zip File,zipファイル,
[Important] [ERPNext] Auto Reorder Errors,[重要] [ERPNEXT]自動並べ替えエラー,
`Allow Negative rates for Items`,「アイテムの負のレートを許可します」,
after,後,
and,そして,
as Code,コードとして,
as Description,説明として,
as Title,タイトルとして,
as a percentage of finished item quantity,完成したアイテム数量の割合として,
at,で,
based_on,に基づく,
by {},による {},
cannot be greater than 100,100を超えることはできません,
dated {0},日付{0},
description,説明,
development,発達,
discount applied,割引が適用されます,
doc_type,doc_type,
doctype,Doctype,
"e.g. ""Summer Holiday 2019 Offer 20""",例えば「夏休み2019オファー20」,
example: Next Day Shipping,例：翌日配送,
exchangerate.host,交換。HOST,
fieldname,フィールド名,
frankfurter.app,Frankfurter.App,
hidden,隠れた,
hours,時間,
image,画像,
is already,すでにです,
lft,LFT,
material_request_item,Material_request_item,
must be between 0 and 100,0〜100の間でなければなりません,
old_parent,Old_Parent,
on,の上,
or,または,r
or its descendants,またはその子孫,
out of 5,5つのうち,
paid to,に支払われます,
payments app is not installed. Please install it from {0} or {1},Paymentsアプリはインストールされていません。 {0}または{1}からインストールしてください,
payments app is not installed. Please install it from {} or {},Paymentsアプリはインストールされていません。 {}または{}からインストールしてください,
per hour,1時間あたり,
performing either one below:,以下のどちらかを実行します：,
product bundle item row's name in sales order. Also indicates that picked item is to be used for a product bundle,販売注文の製品バンドルアイテムの列の名前。また、選択したアイテムが製品バンドルに使用されることを示します,
production,生産,
quotation_item,quotation_item,
ratings,評価,
received from,から受け取った,
returned,返された,
rgt,RGT,
sandbox,サンドボックス,
sold,売れた,
subscription is already cancelled.,サブスクリプションはすでにキャンセルされています。,
target_ref_field,Target_ref_field,
temporary name,仮名,
title,タイトル,
to,に,
to unallocate the amount of this Return Invoice before cancelling it.,キャンセルする前に、この返品請求書の金額をunalocateするには。,
unique e.g. SAVE20  To be used to get discount,ユニークな例Save20は割引を受けるために使用されます,
variance,分散,
via Asset Repair,資産修理を介して,
via BOM Update Tool,BOMアップデートツールを介して,
will be,そうなるでしょう,
you must select Capital Work in Progress Account in accounts table,アカウントテーブルで進行中のキャピタルワークアカウントを選択する必要があります,
{0},{0},
{0} '{1}' is disabled,{0} '{1}'は無効です,
{0} '{1}' not in Fiscal Year {2},{0} '{1}'会計年度ではない{2},
{0} ({1}) cannot be greater than planned quantity ({2}) in Work Order {3},{0}（{1}）は、仕事順に計画された数量（{2}）より大きくすることはできません{3},
{0} <b>{1}</b> has submitted Assets. Remove Item <b>{2}</b> from table to continue.,{0} <b> {1} </b>は資産を提出しました。 <b> {2} </b>をテーブルから削除して続行します。,
{0} Account not found against Customer {1}.,{0}アカウントは顧客に対して見つかりません{1}。,
{0} Account: {1} ({2}) must be in either customer billing currency: {3} or Company default currency: {4},{0}アカウント：{1}（{2}）は、顧客請求通貨のいずれかにある必要があります：{3}または会社のデフォルト通貨：{4},
{0} Budget for Account {1} against {2} {3} is {4}. It {5} exceed by {6},{0}アカウントの予算{1}に対する{2} {3}は{4}です。 {5}が{6}を超えています,
{0} Coupon used are {1}. Allowed quantity is exhausted,{0}使用されるクーポンは{1}です。許可された量は使い果たされます,
{0} Digest,{0}ダイジェスト,
{0} Number {1} is already used in {2} {3},{0} number {1}は{2} {3}ですでに使用されています,
{0} Operations: {1},{0}操作：{1},
{0} Request for {1},{0} {1}のリクエスト,
"{0} Retain Sample is based on batch, please check Has Batch No to retain sample of item",{0}保持サンプルはバッチに基づいています。アイテムのサンプルを保持するためにバッチがないことを確認してください,
{0} Transaction(s) Reconciled,{0}トランザクション（s）調整されました,
{0} account is not of type {1},{0}アカウントはタイプ{1}ではありません,
{0} account not found while submitting purchase receipt,{0}アカウントは購入領収書の送信中に見つかりません,
{0} against Bill {1} dated {2},{0} bill {1}日付{2},
{0} against Purchase Order {1},{0}発注{1}に対して,
{0} against Sales Invoice {1},{0}販売請求書{1}に対して,
{0} against Sales Order {1},{0}販売注文{1},
{0} already has a Parent Procedure {1}.,{0}には、親の手順{1}がすでにあります。,
{0} and {1},{0}および{1},
{0} and {1} are mandatory,{0}および{1}は必須です,
{0} asset cannot be transferred,{0}資産を転送することはできません,
{0} can not be negative,{0}は否定的ではありません,
{0} cannot be changed with opened Opening Entries.,{0}は、開いたオープニングエントリで変更できません。,
{0} cannot be used as a Main Cost Center because it has been used as child in Cost Center Allocation {1},{0}は、コストセンター割り当ての子供として使用されているため、メインコストセンターとして使用できません{1},
{0} cannot be zero,{0}はゼロにすることはできません,
{0} created,{0}作成,
{0} currency must be same as company's default currency. Please select another account.,{0}通貨は、会社のデフォルト通貨と同じでなければなりません。別のアカウントを選択してください。,
"{0} currently has a {1} Supplier Scorecard standing, and Purchase Orders to this supplier should be issued with caution.",{0}は現在、{1}サプライヤーのスコアカードスタンディングを持っており、このサプライヤーへの発注書には注意して発行する必要があります。,
"{0} currently has a {1} Supplier Scorecard standing, and RFQs to this supplier should be issued with caution.",{0}は現在、{1}サプライヤーのスコアカードスタンディングを持っており、このサプライヤーのRFQには注意して発行する必要があります。,
{0} does not belong to Company {1},{0}は会社に属していません{1},
{0} entered twice in Item Tax,{0}アイテム税で2回入力されました,
{0} entered twice {1} in Item Taxes,{0}は、アイテム税で2回{1}を入力しました,
{0} for {1},{0} for {1},
{0} has Payment Term based allocation enabled. Select a Payment Term for Row #{1} in Payment References section,{0}には、支払い期間ベースの割り当てが有効になっています。支払い参照セクションで行＃{1}の支払い期間を選択します,
{0} has been submitted successfully,{0}は正常に提出されました,
{0} hours,{0}時間,
{0} in row {1},{0} in rogle {1},
{0} is a mandatory Accounting Dimension. <br>Please set a value for {0} in Accounting Dimensions section.,{0}は、必須の会計次元です。 <br>会計寸法セクションで{0}の値を設定してください。,
{0} is added multiple times on rows: {1},{0}は行に複数回追加されます：{1},
{0} is already running for {1},{0}はすでに{1}のために実行されています,
{0} is blocked so this transaction cannot proceed,{0}はブロックされているため、このトランザクションが進むことができません,
{0} is mandatory,{0}は必須です,
{0} is mandatory for Item {1},{0}はアイテム{1}に必須です,
{0} is mandatory for account {1},{0}はアカウントに必須{1},
{0} is mandatory. Maybe Currency Exchange record is not created for {1} to {2},{0}は必須です。たぶん、通貨交換レコードは{1}から{2}のために作成されていません,
{0} is mandatory. Maybe Currency Exchange record is not created for {1} to {2}.,{0}は必須です。たぶん、通貨交換レコードは{1}から{2}のために作成されていません。,
{0} is not a company bank account,{0}は会社の銀行口座ではありません,
{0} is not a group node. Please select a group node as parent cost center,{0}はグループノードではありません。親コストセンターとしてグループノードを選択してください,
{0} is not a stock Item,{0}はストックアイテムではありません,
{0} is not a valid Value for Attribute {1} of Item {2}.,{0}は、アイテム{2}の属性{1}の有効な値ではありません。,
{0} is not added in the table,{0}はテーブルに追加されていません,
{0} is not enabled in {1},{0}は{1}で有効になりません,
{0} is not running. Cannot trigger events for this Document,{0}は実行されていません。このドキュメントのイベントをトリガーできません,
{0} is not the default supplier for any items.,{0}は、すべてのアイテムのデフォルトサプライヤーではありません。,
{0} is on hold till {1},{0}は{1}まで保留中です,
{0} is open. Close the POS or cancel the existing POS Opening Entry to create a new POS Opening Entry.,{0}は開いています。 POSを閉じるか、既存のPOSオープニングエントリをキャンセルして、新しいPOSオープニングエントリを作成します。,
{0} is required,{0}が必要です,
{0} items in progress,{0}進行中のアイテム,
{0} items lost during process.,{0}プロセス中に失われたアイテム。,
{0} items produced,{0}アイテムが作成されました,
{0} must be negative in return document,{0}は、見返りで負でなければなりません,
{0} not allowed to transact with {1}. Please change the Company or add the Company in the 'Allowed To Transact With'-Section in the Customer record.,{0} {1}で取引することは許可されていません。会社を変更するか、顧客レコードの「セクションで取引を許可されている」に会社を追加してください。,
{0} not found for item {1},{0}アイテムには見つかりません{1},
{0} parameter is invalid,{0}パラメーターは無効です,
{0} payment entries can not be filtered by {1},{0}支払いエントリは{1}でフィルタリングできません,
{0} qty of Item {1} is being received into Warehouse {2} with capacity {3}.,{0}アイテムの数量{1}は、容量{3}で倉庫{2}に受信されています。,
{0} to {1},{0}から{1},
"{0} units are reserved for Item {1} in Warehouse {2}, please un-reserve the same to {3} the Stock Reconciliation.",{0}ユニットは、倉庫{2}のアイテム{1}のために予約されています。それを{3}に株式調整を予約してください。,
{0} units of Item {1} is not available in any of the warehouses.,{0}アイテム{1}の単位は、倉庫のいずれでも使用できません。,
{0} units of Item {1} is picked in another Pick List.,{0}アイテム{1}の単位は、別のピックリストに選ばれます。,
{0} units of {1} are required in {2} with the inventory dimension: {3} ({4}) on {5} {6} for {7} to complete the transaction.,{0} {1}の単位は、{2}でインベントリディメンション：{3}（{4}）に{5}（{4}）{5}（{4}）が{7}で{5}（{4}）がトランザクションを完了します。,
{0} units of {1} needed in {2} on {3} {4} for {5} to complete this transaction.,{1}の{1}の単位{2}で必要な{3} {4} {4} {5}がこのトランザクションを完了します。,
{0} units of {1} needed in {2} on {3} {4} to complete this transaction.,{3} {4}の{2}で必要な{1} {1}の単位がこのトランザクションを完了します。,
{0} units of {1} needed in {2} to complete this transaction.,このトランザクションを完了するために{2}で必要な{1}の単位。,
{0} until {1},{0}まで{1},
{0} valid serial nos for Item {1},{0}アイテムの有効なシリアルNOS {1},
{0} variants created.,{0}バリアントが作成されました。,
{0} will be given as discount.,{0}は割引として与えられます。,
{0} {1},{0} {1},
{0} {1} Manually,{0} {1}手動で,
{0} {1} Partially Reconciled,{0} {1}部分的に調整されます,
"{0} {1} cannot be updated. If you need to make changes, we recommend canceling the existing entry and creating a new one.",{0} {1}は更新できません。変更を加える必要がある場合は、既存のエントリをキャンセルして新しいエントリを作成することをお勧めします。,
{0} {1} created,{0} {1}作成,
{0} {1} does not exist,{0} {1}は存在しません,
{0} {1} has accounting entries in currency {2} for company {3}. Please select a receivable or payable account with currency {2}.,{0} {1}は、会社{3}の通貨{2}の会計エントリを持っています。通貨{2}で売掛金または支払勘定を選択してください。,
{0} {1} has already been fully paid.,{0} {1}はすでに完全に支払われています。,
{0} {1} has already been partly paid. Please use the 'Get Outstanding Invoice' or the 'Get Outstanding Orders' button to get the latest outstanding amounts.,{0} {1}はすでに部分的に支払われています。 「顕著な請求書を入手」または「傑出した注文を取得する」ボタンを使用して、最新の優れた金額を取得してください。,
{0} {1} has been modified. Please refresh.,{0} {1}が変更されました。更新してください。,
{0} {1} has not been submitted so the action cannot be completed,{0} {1}は提出されていないため、アクションが完了できません,
{0} {1} is allocated twice in this Bank Transaction,{0} {1}は、この銀行取引で2回割り当てられます,
{0} {1} is already linked to Common Code {2}.,{0} {1}は、すでに共通コード{2}にリンクされています。,
"{0} {1} is associated with {2}, but Party Account is {3}",{0} {1}は{2}に関連付けられていますが、パーティーアカウントは{3}です,
{0} {1} is cancelled or closed,{0} {1}はキャンセルまたは閉じられます,
{0} {1} is cancelled or stopped,{0} {1}がキャンセルまたは停止します,
{0} {1} is cancelled so the action cannot be completed,{0} {1}がキャンセルされるため、アクションが完了できない,
{0} {1} is closed,{0} {1}は閉じられています,
{0} {1} is disabled,{0} {1}は無効です,
{0} {1} is frozen,{0} {1}は凍結されています,
{0} {1} is fully billed,{0} {1}は完全に請求されます,
{0} {1} is not active,{0} {1}はアクティブではありません,
{0} {1} is not associated with {2} {3},{0} {1}は{2} {3}に関連付けられていません,
{0} {1} is not in any active Fiscal Year,{0} {1}は、アクティブな会計年度ではありません,
{0} {1} is not submitted,{0} {1}は送信されません,
{0} {1} is on hold,{0} {1}は保留中です,
{0} {1} must be submitted,{0} {1}は提出する必要があります,
{0} {1} not allowed to be reposted. Modify {2} to enable reposting.,{0} {1}再投稿することは許可されていません。 {2}を変更して、再投稿を有効にします。,
{0} {1} status is {2},{0} {1}ステータスは{2}です,
{0} {1} via CSV File,{0} {1} csvファイルを介して,
{0} {1}: 'Profit and Loss' type account {2} not allowed in Opening Entry,{0} {1}： '利益と損失'タイプaccount {2}オープニングエントリでは許可されていません,
{0} {1}: Account {2} does not belong to Company {3},{0} {1}：account {2}は会社に属していません{3},
{0} {1}: Account {2} is a Group Account and group accounts cannot be used in transactions,{0} {1}：アカウント{2}はグループアカウントであり、グループアカウントはトランザクションでは使用できません,
{0} {1}: Account {2} is inactive,{0} {1}：アカウント{2}は非アクティブです,
{0} {1}: Accounting Entry for {2} can only be made in currency: {3},{0} {1}：{2}の会計エントリは通貨でのみ作成できます：{3},
{0} {1}: Cost Center is mandatory for Item {2},{0} {1}：コストセンターはアイテム{2}に必須です,
{0} {1}: Cost Center is required for 'Profit and Loss' account {2}.,{0} {1}：コストセンターは、「利益と損失」アカウントに必要です{2}。,
{0} {1}: Cost Center {2} does not belong to Company {3},{0} {1}：cost Center {2}は会社に属していません{3},
{0} {1}: Cost Center {2} is a group cost center and group cost centers cannot be used in transactions,{0} {1}：コストセンター{2}はグループコストセンターであり、グループコストセンターはトランザクションでは使用できません,
{0} {1}: Customer is required against Receivable account {2},{0} {1}：顧客は売掛金勘定に対して必要です{2},
{0} {1}: Either debit or credit amount is required for {2},{0} {1}：{2}には、デビットまたはクレジット額が必要です,
{0} {1}: Supplier is required against Payable account {2},{0} {1}：サプライヤーは支払可能なアカウントに対して必要です{2},
{0}%,{0}％,
{0}% Billed,{0}％請求,
{0}% Delivered,{0}％配信,
{0}% of total invoice value will be given as discount.,{0}総請求書の価値の％は割引として与えられます。,
{0}'s {1} cannot be after {2}'s Expected End Date.,{0} '{1}は、{2}の予想終了日の後になることはできません。,
"{0}, complete the operation {1} before the operation {2}.",{0}、操作の前に操作{1}を完了します{2}。,
{0}: {1} does not belong to the Company: {2},{0}：{1}は会社に属していません：{2},
{0}: {1} does not exists,{0}：{1}は存在しません,
{0}: {1} must be less than {2},{0}：{1}は{2}未満でなければなりません,
{count} Assets created for {item_code},{count} {item_code}のために作成された資産,
{doctype} {name} is cancelled or closed.,{doctype} {name}はキャンセルまたは閉じられます。,
{field_label} is mandatory for sub-contracted {doctype}.,{field_label}は、下請け{doctype}の場合は必須です。,
{item_name}'s Sample Size ({sample_size}) cannot be greater than the Accepted Quantity ({accepted_quantity}),{item_name}のサンプルサイズ（{sample_size}）は、受け入れられた数量（{Accepted_Quantity}）よりも大きくすることはできません。,
{ref_doctype} {ref_name} is {status}.,{ref_doctype} {ref_name}は{status}です。,
