 Address, Adres,
 Amount, Tutar,
 BOM, Ürün Ağacı,
 Is Child Table, Alt Tablo,
 Is Subcontracted,Alt  Yüklenici,
 Item, Ürün,
 Name,İsim,
 Rate, Fiyat,
 Raw Material, Hammadde,
 Reserve Stock, Stok Rezervi,
 Skip Material Transfer, Malzeme Transferini Geç,
 Sub Assembly, Alt Montaj,
 Summary, Özet,
"""Customer Provided Item"" cannot be Purchase Item also","""Müşterinin Tedarik Ettiği Ürün"" aynı zamanda Satın Alma Ürünü olamaz.",
"""Customer Provided Item"" cannot have Valuation Rate","""Müşterinin Tedarik Ettiği Ürün"" Değerleme Oranına sahip olamaz.",
"""Is Fixed Asset"" cannot be unchecked, as Asset record exists against the item","Varlık kaydı yapıldığından, 'Sabit Varlık' seçimi kaldırılamaz.",
"""SN-01::10"" for ""SN-01"" to ""SN-10""",“SN-01::10” için “SN-01” ile “SN-10”,
# In Stock,# Stokta,
# Req'd Items,# Gerekli Ürünler,
%  Delivered,%  Teslim Edildi,
% Amount Billed,% Faturalandırılan Tutar,
% Billed,% Faturalandırıldı,
% Complete Method,Tamamlanma Yüzdesi Yöntemi,
% Completed,% Tamamlandı,
% Delivered,% Teslim Edildi,
% Finished Item Quantity,% Bitmiş Ürün Miktarı,
% Installed,% Tamamlandı,
% Occupied,% Dolu,
% Of Grand Total,% Genel Toplam,
% Ordered,% Sipariş Verildi,
% Picked,% Hazır,
% Process Loss,% Proses Kaybı,
% Progress,% İlerleme,
% Received,% Teslim Alındı,
% Returned,% İade Edildi,
% of materials billed against this Sales Order,Bu Satış Siparişine göre faturalandırılan malzemelerin yüzdesi,
% of materials delivered against this Sales Order,Satış Siparişine karşılık teslim edilen malzemelerin yüzdesi,
'Account' in the Accounting section of Customer {0},{0} isimli Müşterinin Muhasebe bölümündeki ‘Hesap’,
'Allow Multiple Sales Orders Against a Customer's Purchase Order','Müşterinin Satın Alma Siparişine Karşı Çoklu Satış Siparişlerine İzin Ver',
'Based On' and 'Group By' can not be same,'Şuna Göre' ve 'Gruplandırma Ölçütü' aynı olamaz,
'Days Since Last Order' must be greater than or equal to zero,'Son Siparişten bu yana geçen süre' sıfırdan büyük veya sıfıra eşit olmalıdır,
'Default {0} Account' in Company {1},Şirket {1} için Varsayılan {0} Hesabı,
'Entries' cannot be empty,'Girdiler' boş olamaz,
'From Date' is required,'Başlangıç Tarihi' alanı zorunlu,
'From Date' must be after 'To Date',Başlangıç Tarihi Bitiş Tarihinden önce olmalıdır,
'Has Serial No' can not be 'Yes' for non-stock item,Stokta olmayan ürünün 'Seri No' değeri 'Evet' olamaz.,
"'Inspection Required before Delivery' has disabled for the item {0}, no need to create the QI","Teslimattan Önce Kalite Kontrol Gereklidir ayarı {0} ürünü için devre dışı bırakılmıştır, Kalite Kontrol Raporu oluşturmanıza gerek yok.",
"'Inspection Required before Purchase' has disabled for the item {0}, no need to create the QI","Satın Alma Öncesi Kalite Kontrol Gereklidir ayarı {0} ürünü için devre dışı bırakılmıştır, Kalite Kontrol Raporu oluşturmanıza gerek yok.",
'Opening','Açılış',
'To Date' is required,Bitiş tarihi gereklidir,
'To Package No.' cannot be less than 'From Package No.','Hedef Paket No' 'Kaynak Paket No' dan az olamaz.,
'Update Stock' can not be checked because items are not delivered via {0},'Stok Güncelle' seçilemez çünkü ürünler {0} ile teslim edilmemiş.,
'Update Stock' cannot be checked for fixed asset sale,'Stoğu Güncelle' sabit varlık satışları için kullanılamaz,
'{0}' account is already used by {1}. Use another account.,'{0}' hesabı zaten {1} tarafından kullanılıyor. Başka bir hesap kullanın.,
'{0}' has been already added.,'{0}' zaten eklenmiş.,
'{0}' should be in company currency {1}.,'{0}' şirket para birimi {1} olmalıdır.,
(A) Qty After Transaction,(A) İşlem Sonrası Miktar,
(B) Expected Qty After Transaction,(B) İşlem Sonrası Beklenen Miktar,
(C) Total Qty in Queue,(C) Kuyruktaki Toplam Miktar,
(C) Total qty in queue,(C) Kuyruktaki Toplam Miktar,
(D) Balance Stock Value,(D) Stok Değeri Bakiyesi,
(E) Balance Stock Value in Queue,(E) Kuyruktaki Stok Değeri Bakiyesi,
(F) Change in Stock Value,(F) Stok Değerindeki Değişim,
(Forecast),(Tahmin),
(G) Sum of Change in Stock Value,(F) Stok Değerindeki Değişim,
(H) Change in Stock Value (FIFO Queue),(H) Stok Değerindeki Değişim (FIFO Kuyruğu),
(H) Valuation Rate,(H) Değerleme Oranı,
(Hour Rate / 60) * Actual Operation Time,(Saat Ücreti / 60) * Gerçek Çalışma Süresi,
(I) Valuation Rate,(I) Değerleme Oranı,
(J) Valuation Rate as per FIFO,(J) FIFO'ya göre Değerleme Oranı,
(K) Valuation = Value (D) ÷ Qty (A),(K) Değerleme = Değer (D) ÷ Miktar (A),
(Purchase Order + Material Request + Actual Expense),(Satın Alma Siparişi + Malzeme Talebi + Gerçek Gider),
(including),(dahil),
* Will be calculated in the transaction.,* İşlem sırasında hesaplanacaktır.,
0 - 30 Days,0 - 30 Gün,
0-30,0-30,
0-30 Days,0-30 Gün,
1 Loyalty Points = How much base currency?,1 Sadakat Puanı = Ne kadar para birimi?,
1 hr,1 saat,
1{0},1{0},
2 Yearly,2 Yıllık,
3 Yearly,3 Yıllık,
30 - 60 Days,30 - 60 Gün,
30 mins,30 dakika,
30-60,30-60,
30-60 Days,30-60 Gün,
6 hrs,6 Saat,
60 - 90 Days,60 - 90 Gün,
60-90,60-90,
60-90 Days,60-90 Gün,
90 - 120 Days,90 - 120 Gün,
90 Above,90 Üstü,
<b>From Time</b> cannot be later than <b>To Time</b> for {0},{0} için <b>Başlangıç Saati</b> <b>Bitiş Saatinden</b> sonra olamaz,
"<br>
<h4>Note</h4>
<ul>
<li>
You can use <a href=""https://jinja.palletsprojects.com/en/2.11.x/"" target=""_blank"">Jinja tags</a> in <b>Subject</b> and <b>Body</b> fields for dynamic values.
</li><li>
    All fields in this doctype are available under the <b>doc</b> object and all fields for the customer to whom the mail will go to is available under the  <b>customer</b> object.
</li></ul>
<h4> Examples</h4>
<!-- {% raw %} -->
<ul>
    <li><b>Subject</b>:<br><br><pre><code>Statement Of Accounts for {{ customer.customer_name }}</code></pre><br></li>
    <li><b>Body</b>: <br><br>
<pre><code>Hello {{ customer.customer_name }},<br>PFA your Statement Of Accounts from {{ doc.from_date }} to {{ doc.to_date }}.</code> </pre></li>
</ul>
<!-- {% endraw %} -->","<br>
<h4>Not</h4>
<ul>
<li>
Dinamik değerler için <b>Konu</b> ve <b>Gövde</b> alanlarında <a href=""https://jinja.palletsprojects.com/en/2.11.x/"" target=""_blank"">Jinja etiketlerini</a> kullanabilirsiniz.
</li><li>
    Bu belge türündeki tüm alanlar <b>belge</b> nesnesi altında ve postanın gideceği müşteriye ait tüm alanlar  <b>müşteri</b> nesnesi altında mevcuttur.
</li></ul>
<h4> Örnekler</h4>
<!-- {% raw %} -->
<ul>
    <li><b>Konu</b>:<br><br><pre><code>Hesap Özeti {{ customer.customer_name }}</code></pre><br></li>
    <li><b>Gövde</b>: <br><br>
<pre><code>Merhaba {{ customer.customer_name }},<br>Hesap Özetinizi {{ doc.from_date }} 'den {{ doc.to_date }}'e kadar PFA yapın.</code> </pre></li>
</ul>
<!-- {% endraw %} -->",
"<div class=""columnHeading"">Other Details</div>","<div class=""columnHeading"">Diğer Detaylar</div>",
"<div class=""text-muted text-center"">No Matching Bank Transactions Found</div>","<div class=""text-muted text-center"">Eşleşen Banka İşlemi Bulunamadı</div>",
"<div class=""text-muted text-center"">{0}</div>","<div class=""text-muted text-center"">{0}</div>",
"<div>
<h3> All dimensions in centimeter only </h3>
</div>","<div>
<h3> Tüm boyutlar sadece santimetre cinsindendir </h3>
</div>",
"<h3>About Product Bundle</h3>

<p>Aggregate group of <b>Items</b> into another <b>Item</b>. This is useful if you are bundling a certain <b>Items</b> into a package and you maintain stock of the packed <b>Items</b> and not the aggregate <b>Item</b>.</p>
<p>The package <b>Item</b> will have <code>Is Stock Item</code> as <b>No</b> and <code>Is Sales Item</code> as <b>Yes</b>.</p>
<h4>Example:</h4>
<p>If you are selling Laptops and Backpacks separately and have a special price if the customer buys both, then the Laptop + Backpack will be a new Product Bundle Item.</p>","<h3>Ürün Paketi Hakkında</h3>

<p>Bir grup <b>Ürünü</b> başka bir Üründe toplar. Bu, belirli <b>Ürünleri</b> bir pakette topluyorsanız ve toplu <b>Ürünün</b> değil paketlenmiş <b>Ürünlerin</b> stokunu tutuyorsanız kullanışlıdır.</p>
<p>Paket <b>Ürünü</b> <code>Stok</code> Ürünü mü <b>Hayır</b> ve <code>Satış</code> Ürünü mü <b>Evet</b> olarak ayarlanacaktır.</p>
<h4>Örnek:</h4>
<p>Dizüstü Bilgisayarları ve Sırt Çantalarını ayrı ayrı satıyorsanız ve müşteri her ikisini de satın alırsa özel bir fiyatınız varsa, Dizüstü Bilgisayar + Sırt Çantası yeni bir Ürün Paketinin Ürünü olacaktır.</p>",
"<h3>Currency Exchange Settings Help</h3>
<p>There are 3 variables that could be used within the endpoint, result key and in values of the parameter.</p>
<p>Exchange rate between {from_currency} and {to_currency} on {transaction_date} is fetched by the API.</p>
<p>Example: If your endpoint is exchange.com/2021-08-01, then, you will have to input exchange.com/{transaction_date}</p>","<h3>Döviz Kuru Ayarları Yardımı</h3>
<p>Son nokta, sonuç anahtarı ve parametre değerlerinde kullanılabilecek 3 değişken vardır.</p>
<p> {transaction_date} tarihinde {from_currency} ile {to_currency} arasındaki döviz kuru API tarafından alınır.</p>
<p>Örnek: Son noktanız exchange.com/2024-08-01 ise, exchange.com/{transaction_date}</p>girmeniz gerekecektir.",
"<h4>Body Text and Closing Text Example</h4>

<div>We have noticed that you have not yet paid invoice {{sales_invoice}} for {{frappe.db.get_value(""Currency"", currency, ""symbol"")}} {{outstanding_amount}}. This is a friendly reminder that the invoice was due on {{due_date}}. Please pay the amount due immediately to avoid any further dunning cost.</div>

<h4>How to get fieldnames</h4>

<p>The fieldnames you can use in your template are the fields in the document. You can find out the fields of any documents via Setup &gt; Customize Form View and selecting the document type (e.g. Sales Invoice)</p>

<h4>Templating</h4>

<p>Templates are compiled using the Jinja Templating Language. To learn more about Jinja, <a class=""strong"" href=""http://jinja.pocoo.org/docs/dev/templates/"">read this documentation.</a></p>","<h4>Gövde Metni ve Kapanış Metni Örneği</h4>

<div> {{frappe.db.get_value(""Currency"", currency, ""symbol"")}} {{outstanding_amount}}için {{sales_invoice}} faturasını henüz ödemediğinizi fark ettik. Bu, faturanın {{due_date}}tarihinde ödenmesi gerektiğine dair dostane bir hatırlatmadır. Daha fazla ihtar masrafından kaçınmak için lütfen ödenmesi gereken tutarı derhal ödeyin.</div>

<h4>Alan adları nasıl alınır</h4>

<p>Şablonunuzda kullanabileceğiniz alan adları belgede yer alan alanlardır. Herhangi bir belgenin alanlarını Kurulum &gt; Form Görünümünü Özelleştir üzerinden ve belge türünü seçerek öğrenebilirsiniz (örn. Satış Faturası)</p>

<h4>Şablonlama</h4>

<p>Şablonlar Jinja Templating Language kullanılarak derlenir. Jinja hakkında daha fazla bilgi edinmek için <a class=""strong"" href=""http://jinja.pocoo.org/docs/dev/templates/"">bu belgeyi okuyun.</a></p>",
"<h4>Contract Template Example</h4>

<pre>Contract for Customer {{ party_name }}

-Valid From : {{ start_date }} 
-Valid To : {{ end_date }}
</pre>

<h4>How to get fieldnames</h4>

<p>The field names you can use in your Contract Template are the fields in the Contract for which you are creating the template. You can find out the fields of any documents via Setup &gt; Customize Form View and selecting the document type (e.g. Contract)</p>

<h4>Templating</h4>

<p>Templates are compiled using the Jinja Templating Language. To learn more about Jinja, <a class=""strong"" href=""http://jinja.pocoo.org/docs/dev/templates/"">read this documentation.</a></p>","<h4>Sözleşme Şablonu Örneği</h4>

<pre>Müşteri için Sözleşme {{ party_name }}

-Geçerli Başlangıç : {{ start_date }} 
-Geçerli Bitiş : {{ end_date }}
</pre>

<h4>Alan adları nasıl alınır</h4>

<p>Sözleşme Şablonunuzda kullanabileceğiniz alan adları, şablonunu oluşturduğunuz Sözleşmedeki alanlardır. Herhangi bir belgenin alanlarını Kurulum &gt; Form Görünümünü Özelleştir aracılığıyla ve belge türünü (örneğin Sözleşme) seçerek öğrenebilirsiniz</p>

<h4>Şablonlama</h4>

<p>Şablonlar Jinja Templating Language kullanılarak derlenir. Jinja hakkında daha fazla bilgi edinmek için <a class=""strong"" href=""http://jinja.pocoo.org/docs/dev/templates/"">bu belgeyi okuyun</a>.</p>",
"<h4>Standard Terms and Conditions Example</h4>

<pre>Delivery Terms for Order number {{ name }}

-Order Date : {{ transaction_date }} 
-Expected Delivery Date : {{ delivery_date }}
</pre>

<h4>How to get fieldnames</h4>

<p>The fieldnames you can use in your email template are the fields in the document from which you are sending the email. You can find out the fields of any documents via Setup &gt; Customize Form View and selecting the document type (e.g. Sales Invoice)</p>

<h4>Templating</h4>

<p>Templates are compiled using the Jinja Templating Language. To learn more about Jinja, <a class=""strong"" href=""http://jinja.pocoo.org/docs/dev/templates/"">read this documentation.</a></p>","<h4>Standart Şartlar ve Koşullar Örneği</h4>

<pre>Sipariş numarası için Teslimat Koşulları {{ name }}

-Sipariş Tarihi: {{ transaction_date }} 
-Beklenen Teslimat Tarihi: {{ delivery_date }}
</pre>

<h4>Alan adları nasıl alınır</h4>

<p>E-posta şablonunuzda kullanabileceğiniz alan adları, e-postayı gönderdiğiniz belgedeki alanlardır. Herhangi bir belgenin alanlarını Kurulum &gt; Form Görünümünü Özelleştir ve belge türünü (örneğin Satış Faturası) seçerek bulabilirsiniz</p>

<h4>Şablonlama</h4>

<p>Şablonlar Jinja Şablonlama Dili kullanılarak derlenir. Jinja hakkında daha fazla bilgi edinmek için <a class=""strong"" href=""http://jinja.pocoo.org/docs/dev/templates/"">bu dokümanı okuyun.</a></p>",
"<h5 class=""text-muted uppercase"">Or</h5>","<h5 class=""text-muted uppercase"">Veya</h5>",
"<label class=""control-label"" style=""margin-bottom: 0px;"">Account Number Settings</label>","<label class=""control-label"" style=""margin-bottom: 0px;"">Hesap Numarası Ayarları</label>",
"<label class=""control-label"" style=""margin-bottom: 0px;"">Amount In Words</label>","<label class=""control-label"" style=""margin-bottom: 0px;"">Kelime Cinsinden Miktar</label>",
"<label class=""control-label"" style=""margin-bottom: 0px;"">Date Settings</label>","<label class=""control-label"" style=""margin-bottom: 0px;"">Tarih Ayarları</label>",
"<p>In your <b>Email Template</b>, you can use the following special variables:
</p>
<ul>
        <li>
            <code>{{ update_password_link }}</code>: A link where your supplier can set a new password to log into your portal.
        </li>
        <li>
            <code>{{ portal_link }}</code>: A link to this RFQ in your supplier portal.
        </li>
        <li>
            <code>{{ supplier_name }}</code>: The company name of your supplier.
        </li>
        <li>
            <code>{{ contact.salutation }} {{ contact.last_name }}</code>: The contact person of your supplier.
        </li><li>
            <code>{{ user_fullname }}</code>: Your full name.
        </li>
    </ul>
<p></p>
<p>Apart from these, you can access all values in this RFQ, like <code>{{ message_for_supplier }}</code> or <code>{{ terms }}</code>.</p>","<p><b>E-posta Şablonunuzda</b>, aşağıdaki özel değişkenleri kullanabilirsiniz:
</p>
<ul>
        <li>
            <code>{{ update_password_link }}</code>: Tedarikçinizin portalınıza giriş yapmak için yeni bir şifre belirleyebileceği bir bağlantı.
        </li>
        <li>
            <code>{{ portal_link }}</code>: Tedarikçi portalınızda bu Fiyat Teklifi Talebine yönlendiren bir bağlantı.
        </li>
        <li>
            <code>{{ supplier_name }}</code>: Tedarikçinizin şirket adı.
        </li>
        <li>
            <code>{{ contact.salutation }} {{ contact.last_name }}</code>: Tedarikçinizin iletişim kişisi.
        </li><li>
            <code>{{ user_fullname }}</code>: Tam adınız.
        </li>
    </ul>
<p></p>
<p>Bunların dışında, bu Fiyat Teklifi Talebindeki tüm değerlere, <code>{{ message_for_supplier }}</code> veya <code>{{ terms }}</code> gibi, erişebilirsiniz.</p>",
"<pre><h5>Message Example</h5>

&lt;p&gt; Thank You for being a part of {{ doc.company }}! We hope you are enjoying the service.&lt;/p&gt;

&lt;p&gt; Please find enclosed the E Bill statement. The outstanding amount is {{ doc.grand_total }}.&lt;/p&gt;

&lt;p&gt; We don't want you to be spending time running around in order to pay for your Bill.<br>After all, life is beautiful and the time you have in hand should be spent to enjoy it!<br>So here are our little ways to help you get more time for life! &lt;/p&gt;

&lt;a href=""{{ payment_url }}""&gt; click here to pay &lt;/a&gt;

</pre>
","<pre><h5>Mesaj Örneği</h5>

&lt;p&gt; {{ doc.company }}'in bir parçası olduğunuz için teşekkür ederiz! Hizmetten keyif aldığınızı umuyoruz.&lt;/p&gt;

&lt;p&gt; E-Fatura ekstresini ekte bulabilirsiniz. Ödenmemiş tutar {{ doc.grand_total }}'dir.&lt;/p&gt;

&lt;p&gt; Faturanızı ödemek için oradan oraya koşturarak zaman harcamanızı istemiyoruz.<br>Sonuçta, hayat güzeldir ve elinizdeki zamanı tadını çıkarmak için harcamalısınız!<br>İşte hayatınıza daha fazla zaman ayırmanıza yardımcı olacak küçük yollarımız! &lt;/p&gt;

&lt;a href=""{{ payment_url }}""&gt; ödeme yapmak için tıklayın &lt;/a&gt;

</pre>
",
"<pre><h5>Message Example</h5>

&lt;p&gt;Dear {{ doc.contact_person }},&lt;/p&gt;

&lt;p&gt;Requesting payment for {{ doc.doctype }}, {{ doc.name }} for {{ doc.grand_total }}.&lt;/p&gt;

&lt;a href=""{{ payment_url }}""&gt; click here to pay &lt;/a&gt;

</pre>
","<pre><h5>Mesaj Örneği</h5>

&lt;p&gt;Sevgili {{ doc.contact_person }},&lt;/p&gt;

&lt;p&gt; {{ doc.doctype }}, {{ doc.name }} için {{ doc.grand_total }}için ödeme talep ediyoruz.&lt;/p&gt;

&lt;a href=""{{ payment_url }}""&gt; ödemek için buraya tıklayın &lt;/a&gt;

</pre>
",
<strong>Grand Total:</strong> {0},<strong>Genel Toplam:</strong> {0},
<strong>Outstanding Amount:</strong> {0},<strong>Ödenmemiş Tutar:</strong> {0},
"<table class=""table table-bordered table-condensed"">
<thead>
  <tr>
         <th class=""table-sr"" style=""width: 50%;"">Child Document</th>
         <th class=""table-sr"" style=""width: 50%;"">Non Child Document</th>
   </tr>
</thead>
<tbody>
<tr>
         <td>
                  <p> To access parent document field use parent.fieldname and to access child table document field use doc.fieldname </p>

         </td>
         <td>
                    <p>To access document field use doc.fieldname </p>
         </td>
</tr>
<tr>
        <td>
                   <p><b>Example: </b> parent.doctype == ""Stock Entry"" and doc.item_code == ""Test"" </p>

        </td>
         <td>
                   <p><b>Example: </b> doc.doctype == ""Stock Entry"" and doc.purpose == ""Manufacture""</p>    
          </td>
</tr>

</tbody>
</table>






","<table class=""table table-bordered table-condensed"">
<thead>
  <tr>
         <th class=""table-sr"" style=""width: 50%;"">Çocuk Belgesi</th>
         <th class=""table-sr"" style=""width: 50%;"">Çocuk Olmayan Belge</th>
   </tr>
</thead>
<tbody>
<tr>
         <td>
                  <p> Üst belge alanına erişmek için parent.fieldname ve alt tablo belge alanına erişmek için doc.fieldname kullanın </p>

         </td>
         <td>
                    <p>Belge alanına erişmek için doc.fieldname kullanın </p>
         </td>
</tr>
<tr>
        <td>
                   <p><b>Örnek: </b> parent.doctype == ""Stok Girişi"" ve doc.item_code == ""Test"" </p>

        </td>
         <td>
                   <p><b>Örnek: </b> doc.doctype == ""Stok Girişi"" ve doc.purpose == ""Üretim""</p>    
          </td>
</tr>

</tbody>
</table>






",
A - B,A - B,
A - C,A - C,
A Customer Group exists with same name please change the Customer name or rename the Customer Group,Aynı isimde bir Müşteri Grubu mevcut. Lütfen Müşteri adını değiştirin veya Müşteri Grubunu yeniden adlandırın.,
A Holiday List can be added to exclude counting these days for the Workstation.,İş İstasyonu için bu günlerin sayılmasını hariç tutmak üzere bir Tatil Listesi eklenebilir.,
A Lead requires either a person's name or an organization's name,Bir Müşteri Adayı için ya bir kişi adı ya da bir kuruluş adı gereklidir,
A Packing Slip can only be created for Draft Delivery Note.,Bir Paketleme Fişi yalnızca Taslak İrsaliye için oluşturulabilir.,
"A Price List is a collection of Item Prices either Selling, Buying, or both","Fiyat Listesi, Satılan, Alınan veya Her İkisi de Olan Ürün Fiyatlarının bir koleksiyonudur",
"A Product or a Service that is bought, sold or kept in stock.","Alınan, satılan veya stokta tutulan bir Ürün veya Hizmet.",
A Reconciliation Job {0} is running for the same filters. Cannot reconcile now,Aynı filtreler için {0} numaralı bir Mutabakat İşi çalışıyor. Şu anda mutabakat yapılamaz,
A Transaction Deletion Document: {0} is triggered for {0},İşlem Silme Belgesi: {0} için {0} başlatıldı,
A condition for a Shipping Rule,Nakliye Kuralı için bir koşul,
A customer must have primary contact email.,Müşterinin birincil iletişim e-postasına sahip olması gerekir.,
A driver must be set to submit.,Göndermek için bir sürücü ayarlanmalıdır.,
A logical Warehouse against which stock entries are made.,Stok girişlerinin yapıldığı mantıksal bir Depo.,
A new appointment has been created for you with {0},{0} ile sizin için yeni bir randevu oluşturuldu,
A template with tax category {0} already exists. Only one template is allowed with each tax category,{0} vergi kategorisiyle zaten bir şablon mevcut. Her vergi kategorisi için yalnızca bir şablona izin verilir,
A third party distributor / dealer / commission agent / affiliate / reseller who sells the companies products for a commission.,Şirketin ürünlerini komisyon karşılığında satan üçüncü parti bir distribütör / bayi / bağlı kuruluş / ortak.,
A+,A+,
A-,A-,
A4,A4,
AB+,AB+,
AB-,AB-,
ACC-PINV-.YYYY.-,ACC-PINV-.YYYY.-,
AMC Expiry Date,Bakım Sözleşmesi Bitiş Tarihi,
API,API,
API Details,API Ayrıntıları,
API Endpoint,API Uç Noktası,
API Key,API Anahtarı,
AWB Number,AWB Numarası,
Abbr,Kısaltma,
Abbreviation,Kısaltma,
Abbreviation already used for another company,Kısaltma zaten başka bir şirket için kullanılıyor,
Abbreviation is mandatory,Kısaltma zorunludur,
Abbreviation: {0} must appear only once,Kısaltma: {0} yalnızca bir kez görünmelidir,
About,Hakkında,
About {0} minute remaining,Yaklaşık {0} dakika kaldı,
About {0} minutes remaining,Yaklaşık {0} dakika kaldı,
About {0} seconds remaining,Yaklaşık {0} saniye kaldı,
Above 120 Days,120 Üstü,
Academics User,Akademik Kullanıcı,
Acceptance Criteria Formula,Kabul Kriterleri Formülü,
Acceptance Criteria Value,Kabul Kriterleri Değeri,
Accepted,Kabul Edildi,
Accepted Qty,Kabul Edilen Miktar,
Accepted Qty in Stock UOM,Stok Biriminde Kabul Edilen Miktar,
Accepted Quantity,Kabul Edilen Miktar,
Accepted Warehouse,Kabul Deposu,
Access Key,Erişim Anahtarı,
Access Key is required for Service Provider: {0},Servis Sağlayıcı için Erişim Anahtarı gereklidir: {0},
According to CEFACT/ICG/2010/IC013 or CEFACT/ICG/2010/IC010,CEFACT/ICG/2010/IC013 veya CEFACT/ICG/2010/IC010 Standartına Göre,
"According to the BOM {0}, the Item '{1}' is missing in the stock entry.","{0} Ürün Ağacı, ‘{1}’ ürünü stok girişinde eksik.",
Account,Hesap,
Account Balance,Hesap Bakiyesi,
Account Closing Balance,Hesap Kapanış Bakiyesi,
Account Currency,Hesap Para Birimi,
Account Currency (From),Hesap Para Birimi (Borç),
Account Currency (To),Hesap Para Birimi (Alacak),
Account Details,Hesap Detayları,
Account Head,Ana Hesap,
Account Manager,Muhasebe Müdürü,
Account Missing,Hesap Eksik,
Account Name,Hesap İsmi,
Account Not Found,Hesap Bulunamadı,
Account Number,Hesap Numarası,
Account Number {0} already used in account {1},<b>{0}</b> Hesap Numarası <b>{1}</b> isimli hesapta kullanılıyor.,
Account Opening Balance,Hesap Açılış Bakiyesi,
Account Paid From,Ödemenin Yapıldığı Hesap,
Account Paid To,Ödemenin Yapılacağı Hesap,
Account Pay Only,Sadece Ödeme Hesabı,
Account Subtype,Hesap Alt Türü,
Account Type,Hesap Türü,
Account Value,Hesap Değeri,
"Account balance already in Credit, you are not allowed to set 'Balance Must Be' as 'Debit'","Hesap bakiyesi Alacaklı olarak ayarlanmış, ‘Bakiye Durumunu’ olarak Borç değiştirmenize izin verilmiyor.",
"Account balance already in Debit, you are not allowed to set 'Balance Must Be' as 'Credit'","Hesap bakiyesi Borç olarak ayarlanmış, ‘Bakiye Durumunu’ olarak Alacak değiştirmenize izin verilmiyor.",
Account for Change Amount,Değişim Tutarı Hesabı,
Account is mandatory to get payment entries,Ödeme kayıtlarını almak için hesap zorunludur,
Account is not set for the dashboard chart {0},{0} gösterge tablosu grafiği için hesap ayarlanmadı,
Account not Found,Hesap bulunamadı,
Account with child nodes cannot be converted to ledger,"Alt kırılımları olan hesaplar, deftere dönüştürülemez.",
Account with child nodes cannot be set as ledger,Alt kırılımları olan hesaplar Hesap Defteri olarak ayarlanamaz,
Account with existing transaction can not be converted to group.,İşlemleri bulunan bir Hesap gruba dönüştürülemez.,
Account with existing transaction can not be deleted,İşlemleri bulunan bir Hesap silinemez.,
Account with existing transaction cannot be converted to ledger,İşlemleri bulunan bir Hesap Muhasebe Defterine dönüştürülemez.,
Account {0} added multiple times,{0} Hesabı birden çok kez eklendi,
Account {0} does not belong to company: {1},"{0} isimli Hesap, {1} şirketine ait değil.",
Account {0} does not belongs to company {1},"{0} isimli Hesap, {1} şirketine ait değil.",
Account {0} does not exist,{0} Hesabı bulunamadı,
Account {0} does not exists,{0} Hesabı bulunamadı,
Account {0} does not exists in the dashboard chart {1},"{0} Hesabı, {1} Gösterge Tablosunda mevcut değil.",
Account {0} does not match with Company {1} in Mode of Account: {2},"Hesap {0}, Hesap Türü {2} ile Şirket {1} eşleşmiyor",
Account {0} exists in parent company {1}.,"{0} hesabı, {1} ana şirkette mevcut.",
Account {0} has been entered multiple times,{0} Hesabı birden çok kez girilmiş,
Account {0} is added in the child company {1},"{0} Hesabı, {1} isimli alt şirkete eklendi",
Account {0} is frozen,{0} Hesabı donduruldu,
Account {0} is invalid. Account Currency must be {1},Hesap {0} geçersiz. Hesap Para Birimi {1} olmalıdır,
Account {0} should be of type Expense,Hesap {0} Gider türünde olmalıdır,
Account {0}: Parent account {1} can not be a ledger,{0} Hesabı: Ana hesap {1} bir defter olamaz,
Account {0}: Parent account {1} does not belong to company: {2},"Hesap {0}: Ana hesap {1}, {2} şirkete ait değil",
Account {0}: Parent account {1} does not exist,Hesap {0}: Ana hesap {1} mevcut değil,
Account {0}: You can not assign itself as parent account,Hesap {0}: Kendi kendine ana hesap olarak atayamazsınız,
Account: <b>{0}</b> is capital Work in progress and can not be updated by Journal Entry,Hesap: <b>{0}</b> sermaye olarak Devam Eden İşler’dir ve Muhasebe Kaydı ile güncellenemez.,
Account: {0} can only be updated via Stock Transactions,Hesap: {0} yalnızca Stok İşlemleri aracılığıyla güncellenebilir,
Account: {0} is not permitted under Payment Entry,Hesap: {0} Ödeme Girişi altında izin verilmiyor,
Account: {0} with currency: {1} can not be selected,Hesap: {0} para ile: {1} seçilemez,
Accounting,Muhasebe,
Accounting Details,Muhasebe Detayları,
Accounting Dimension,Muhasebe Boyutları,
Accounting Dimension <b>{0}</b> is required for 'Balance Sheet' account {1}.,Muhasebe Boyutu <b>{0}</b> {1} 'Bilanço Hesabı' için gereklidir.,
Accounting Dimension <b>{0}</b> is required for 'Profit and Loss' account {1}.,Muhasebe Boyutu <b>{0}</b> {1} 'Kar ve Zarar Hesabı' için gereklidir.,
Accounting Dimension Detail,Muhasebe Boyut Detayı,
Accounting Dimension Filter,Muhasebe Boyutu Filtresi,
Accounting Dimensions,Muhasebe Boyutları,
Accounting Dimensions ,Muhasebe Boyutları,
Accounting Dimensions Filter,Muhasebe Boyutları Filtresi,
Accounting Entries,Muhasebe Girişleri,
Accounting Entry for Asset,Varlık İçin Muhasebe Girişi,
Accounting Entry for Service,Hizmet için Muhasebe Girişi,
Accounting Entry for Stock,Stok İçin Muhasebe Girişi,
Accounting Entry for {0},{0} için Muhasebe Girişi,
Accounting Entry for {0}: {1} can only be made in currency: {2},{0}: {1} için Muhasebe Kaydı yalnızca {2} para biriminde yapılabilir.,
Accounting Ledger,Muhasebe Defteri,
Accounting Period,Hesap Dönemi,
Accounting Period overlaps with {0},Hesap Dönemi {0} ile çakışıyor,
Accounting entries are frozen up to this date. Nobody can create or modify entries except users with the role specified below,Muhasebe girişleri bu tarihe kadar dondurulmuştur. Aşağıda belirtilen role sahip kullanıcılar dışında hiç kimse giremez oluşturamaz veya değiştiremez,
Accounts,Muhasebe,
Accounts Closing,Hesap Kapanış,
Accounts Frozen Till Date,Hesaplar Bugüne Kadar Donduruldu,
Accounts Manager,Muhasebe Yöneticisi,
Accounts Missing Error,Hesap Eksik Hatası,
Accounts Payable,Borç Hesabı,
Accounts Payable Summary,Borç Hesabı Özeti,
Accounts Receivable,Alacak Hesapları,
Accounts Receivable / Payable Tuning,Alacaklar / Borçlar Ayarlaması,
Accounts Receivable Credit Account,Alacak Alacak Hesabı,
Accounts Receivable Discounted Account,Alacak Hesapları,
Accounts Receivable Summary,Alacak Hesapları Özeti,
Accounts Receivable Unpaid Account,Alacaksız Alacak Hesabı,
Accounts Receivable/Payable,Alacak/Borç Hesapları,
Accounts Settings,Muhasebe Ayarları,
Accounts User,Muhasebe Kullanıcısı,
Accounts table cannot be blank.,Hesaplar tablosu boş bırakılamaz.,
Accounts to Merge,Birleştirilecek Hesaplar,
Accumulated Depreciation,Birikmiş Amortisman,
Accumulated Depreciation Account,Birikmiş Amortisman Hesabı,
Accumulated Depreciation Amount,Birikmiş Amortisman Tutarı,
Accumulated Depreciation as on,Birikmiş Amortisman,
Accumulated Monthly,Aylık Birikim,
Accumulated Values,Birikmiş Değerler,
Accumulated Values in Group Company,Grup Şirketlerinde Birikmiş Değerler,
Achieved ({}),({}) Başarıldı,
Acquisition Date,Alım Tarihi,
Action,İşlem,
Action If Quality Inspection Is Not Submitted,Kalite Belgesinin Gönderilmemesi Durumunda Yapılacak İşlem,
Action If Quality Inspection Is Rejected,Kalite Denetimi Reddedilirse Yapılacak İşlem,
Action If Same Rate is Not Maintained,Fiyat Uyuşmazlığında Yapılacak İşlem,
Action Initialised,İşlem Başlatıldı,
Action if Accumulated Monthly Budget Exceeded on Actual,Gerçek Giderde Birikimli Aylık Bütçe Aşım Eylemi,
Action if Accumulated Monthly Budget Exceeded on MR,Malzeme Talebinde Birikimli Aylık Bütçe Aşım Eylemi,
Action if Accumulated Monthly Budget Exceeded on PO,Satın Almada Birikimli Aylık Bütçe Aşım Eylemi,
Action if Accumulative Monthly Budget Exceeded on Cumulative Expense,Kümülatif Giderde Aylık Birikimli Bütçe Aşılmışsa Yapılacak İşlem,
Action if Annual Budget Exceeded on Actual,Gerçek Giderde Yıllık Bütçe Aşım Eylemi,
Action if Annual Budget Exceeded on MR,Malzeme Talebinde Yıllık Bütçe Aşım Eylemi,
Action if Annual Budget Exceeded on PO,Satın Almada Yıllık Bütçe Aşım Eylemi,
Action if Anual Budget Exceeded on Cumulative Expense,Yıllık Bütçenin Toplam Gider Üzerinden Aşılması Durumunda Yapılacak İşlem,
Action if Same Rate is Not Maintained Throughout Sales Cycle,Satış Döngüsü Boyunca Aynı Oran Korunmazsa Yapılacak İşlem,
Action on New Invoice,Yeni Fatura Üzerinde İşlem,
Actions,İşlemler,
Actions performed,Gerçekleştirilen İşlemler,
Active,Aktif,
Active Leads,Aktif Potansiyel Müşteriler,
Active Status,Aktif Durum,
Activities,Aktiviteler,
Activity,Aktivite,
Activity Cost,Faaliyet Maliyeti,
Activity Cost exists for Employee {0} against Activity Type - {1},{0} Personeli için {1} Aktivite Türüne karşılık Aktivite Maliyeti var.,
Activity Cost per Employee,Çalışan Başına Faaliyet Maliyeti,
Activity Type,Aktivite Türü,
Actual,Gerçek,
Actual Balance Qty,Gerçek Bakiye Miktarı,
Actual Batch Quantity,Gerçek Parti Miktarı,
Actual Cost,Gerçek Maliyet,
Actual Date,Gerçekleşen Tarih,
Actual Delivery Date,Gerçekleşen Teslimat Tarihi,
Actual End Date,Gerçek Bitiş Tarihi,
Actual End Date (via Timesheet),Gerçek bitiş tarihi (Zaman Tablosu'ndan),
Actual End Time,Gerçek Bitiş Zamanı,
Actual Expense,Gerçekleşen Gider,
Actual Operating Cost,Gerçek Operasyon Maliyeti,
Actual Operation Time,Gerçek Çalışma Süresi,
Actual Posting,Gerçek Kaydetme Zamanı,
Actual Qty,Gerçek Miktar,
Actual Qty (at source/target),Gerçek Miktar (Kaynak/Hedef),
Actual Qty in Warehouse,Depodaki Gerçek Miktar,
Actual Qty is mandatory,Gerçek Miktar zorunludur,
Actual Qty {0} / Waiting Qty {1},Gerçek Miktar {0} / Bekleyen Miktar {1},
Actual Qty: Quantity available in the warehouse.,Gerçek Miktar: Depoda mevcut olan miktar.,
Actual Quantity,Gerçek Miktar,
Actual Start Date,Gerçekleşen Başlama Tarihi,
Actual Start Date (via Timesheet),Gerçek başlangış tarihi (Zaman Tablosu'ndan),
Actual Start Time,Gerçek Başlangıç Zamanı,
Actual Time,Gerçek Zaman,
Actual Time and Cost,Gerçek Süre ve Maliyet,
Actual Time in Hours (via Timesheet),Toplam Saat (Zaman Çizgelgesi),
Actual qty in stock,Güncel Stok Miktarı,
Actual type tax cannot be included in Item rate in row {0},Gerçek tip vergi satırda Ürün fiyatına dahil edilemez {0},
Add,Ekle,
Add / Edit Prices,Fiyat Ekle / Düzenle,
Add Child,Alt Öğe Ekle,
Add Columns in Transaction Currency,İşlem Para Birimini Ekle,
Add Comment,Yorum Yap,
Add Corrective Operation Cost in Finished Good Valuation,Bitmiş Ürün Değerlemesinde Düzeltici Operasyon Maliyeti Ekle,
Add Customers,Müşteri Ekle,
Add Discount,İndirim Ekle,
Add Employees,Personel Ekle,
Add Item,Ürün Ekle,
Add Items,Ürünler Ekle,
Add Items in the Purpose Table,Amaç Tablosuna Öğeler Ekleyin,
Add Lead to Prospect,Potansiyel Müşteriye Ekle,
Add Leads,Potansiyel Müşteri Ekle,
Add Local Holidays,Yerel Tatilleri Ekle,
Add Manually,Manuel Olarak Ekle,
Add Multiple,Çoklu Ekle,
Add Multiple Tasks,Birden Fazla Görev Ekle,
Add Or Deduct,Ekle veya Çıkar,
Add Order Discount,Sipariş İndirimi Ekle,
Add Participants,Katılımcı Ekle,
Add Quote,Teklif Ekle,
Add Raw Materials,Hammadde Ekle,
Add Sales Partners,Satış Ortakları Ekleyin,
Add Serial / Batch Bundle,Seri / Toplu Paket Ekle,
Add Serial / Batch No,Seri / Parti No Ekle,
Add Serial / Batch No (Rejected Qty),Seri / Parti No Ekle (Reddedilen Miktar),
Add Stock,Stok Ekle,
Add Sub Assembly,Alt Montaj Ekle,
Add Suppliers,Tedarikçileri Ekle,
Add Template,Şablon Ekle,
Add Timesheets,Zaman Çizelgesi Ekle,
Add Weekly Holidays,Haftalık Tatilleri Ekle,
Add a Note,Not Ekle,
Add details,Detayları Ekle,
Add items in the Item Locations table,Ürün Konumları tablosuna Ürün ekleme,
Add or Deduct,Ekle veya Çıkar,
Add the rest of your organization as your users. You can also add invite Customers to your portal by adding them from Contacts,"Kuruluşunuzun geri kalanını kullanıcı olarak ekleyin. Ayrıca, müşterileri portalınıza ilave ederek, bunları kişilerden ekleyerek de ekleyebilirsiniz.",
Add to Holidays,Tatillere Ekle,
Add to Prospect,Potansiyel Müşteriye Ekle,
Add to Transit,Transite Ekle,
Add {0},Yeni {0},
Add/Edit Coupon Conditions,Kupon Koşullarını Ekle/Düzenle,
Added By,Ekleyen,
Added On,Eklenme Tarihi,
Added Supplier Role to User {0}.,{0} Kullanıcısına Tedarikçi Rolü eklendi.,
Added {0} ({1}),Eklendi {0} ({1}),
Added {1} Role to User {0}.,{1} Rolü {0} Kullanıcısına Eklendi.,
Adding Lead to Prospect...,Müşteri Adayı Potansiyel Müşteriye Ekleniyor...,
Additional,Ek Olarak,
Additional Asset Cost,Ek Varlık Maliyeti,
Additional Cost,Ek Tutar,
Additional Cost Per Qty,Adet Başına Ek Maliyet,
Additional Costs,Ek Maliyetler,
Additional Data,Ek Veriler,
Additional Details,Ek Detaylar,
Additional Discount,Ek İndirim,
Additional Discount Amount,Ek İndirim Tutarı,
Additional Discount Amount (Company Currency),Ek İndirim Tutarı,
Additional Discount Percentage,Ek İndirim Yüzdesi,
Additional Info,Ek Bilgiler,
Additional Information,Ekle Bilgi,
Additional Information updated successfully.,Ek Bilgiler başarıyla güncellendi.,
Additional Notes,Ek Notlar,
Additional Operating Cost,Ek Operasyon Maliyeti,
Additional information regarding the customer.,Müşteri ile ilgili ek bilgiler.,
Address,Adres,
Address & Contact,Adresler,
Address & Contacts,Adres,
Address Desc,Azalan Adres,
Address HTML,Adres HTML'si,
Address Line 1,Adres Satırı 1,
Address Line 2,Adres Satırı 2,
Address Name,Adres İsmi,
Address and Contact,İletişim Bilgileri,
Address and Contacts,Adres ve Kişi Bilgileri,
Address needs to be linked to a Company. Please add a row for Company in the Links table.,Adresin bir Şirkete bağlanması gerekir. Lütfen Bağlantılar tablosuna Şirket için bir satır ekleyin.,
Address used to determine Tax Category in transactions,Vergi Kategorisini belirlemek için kullanılacak olan adres.,
Adjust Asset Value,Varlık Değerini Ayarla,
Adjustment Against,Karşılığına Yapılan Düzenleme,
Adjustment based on Purchase Invoice rate,Satın Alma Faturası oranına göre düzeltme,
Administrative Expenses,Yönetim Giderleri,
Administrator,Yönetici,
Advance Account,Avans Hesabı,
Advance Account: {0} must be in either customer billing currency: {1} or Company default currency: {2},Avans Hesabı: {0} müşteri fatura para biriminde olmalıdır: {1} veya Şirketin varsayılan para biriminde: {2},
Advance Amount,Peşinat Tutarı,
Advance Paid,Avans Ödemesi,
Advance Payment,Avans Ödemesi,
Advance Payment Date,Peşinat Ödeme Tarihi,
Advance Payment Ledger Entry,Peşin Ödeme Muhasebe Kaydı,
Advance Payment Status,Peşinat Ödemesi Durumu,
Advance Payments,Avans Ödemeleri,
Advance Tax,Peşin Vergi,
Advance Taxes and Charges,Peşin Vergiler ve Harçlar,
Advance amount,Avans Tutarı,
Advance amount cannot be greater than {0} {1},{0} Avans miktarı {1} tutarından fazla olamaz.,
Advance paid against {0} {1} cannot be greater than Grand Total {2},"{0} {1} karşılığında ödenen avans, Genel Toplam {2} tutarından fazla olamaz.",
Advance payments allocated against orders will only be fetched,Sadece siparişlere karşılık gelen avans ödemeleri alınacaktır.,
Advanced Settings,Gelişmiş Ayarlar,
Advances,Avanslar,
Affected Transactions,Etkilenen İşlemler,
Against,Karşılığında,
Against Account,Hesap,
Against Blanket Order,Genel Siparişe Karşılık,
Against Customer Order {0},Müşteri Siparişi {0} Karşılığında,
Against Default Supplier,Varsayılan Tedarikçiye Karşı,
Against Delivery Note Item,Sevk irsaliyesi kalemine karşı,
Against Docname,Belge Adına Karşı,
Against Doctype,Belge Türüne Karşı,
Against Document Detail No,Karşılık Belge Detay No.,
Against Document No,Karşılık Belge No.,
Against Expense Account,Karşılık Gider Hesabı,
Against Income Account,Karşılık Gelir Hesabı,
Against Journal Entry {0} does not have any unmatched {1} entry,Yevmiye Kaydı {0} karşılığında eşleşmemiş {1} kaydı bulunmamaktadır.,
Against Journal Entry {0} is already adjusted against some other voucher,Yevmiye Kaydına Karşı {0} zaten başka bir fişe karşı ayarlanmıştır,
Against Sales Invoice,Satış Faturası Karşılığı,
Against Sales Invoice Item,Satış Fatura Kalemi karşılığı,
Against Sales Order,Satış Siparişi Karşılığı,
Against Sales Order Item,Satış Sipariş Kalemi karşılığı,
Against Stock Entry,Stok Girişi Karşılığı,
Against Supplier Invoice {0},Tedarikçi Faturasına Karşı {0},
Against Voucher,Fatura,
Against Voucher No,İlgili Belge No,
Against Voucher Type,Fatura Türü,
Age,Gün,
Age (Days),Geçen Gün,
Age ({0}),Yaş ({0}),
Ageing Based On,Yaşlandırma Kriteri,
Ageing Range,Stokta Kalma Süresi,
Ageing Report based on {0} up to {1},Stokta Bekleme Raporu {0} ile {1} aralığında,
Agenda,Gündem,
Agent Busy Message,Temsilci Meşgul Mesajı,
Agent Details,Temsilci Detayları,
Agent Group,Temsilci Grubu,
Agent Unavailable Message,Temsilci Müsait Değil Mesajı,
Agents,Temsilciler,
Aggregate a group of Items into another Item. This is useful if you are maintaining the stock of the packed items and not the bundled item,"Bir grup Ürünü başka bir Ürün altında birleştirin. Bu, paketlenmiş ürünlerin stoklarını yönetirken, paketlenmemiş ürünün stoğu yönetilmek istendiği durumlarda faydalıdır.",
Algorithm,Algoritma,
All,Tümü,
All Accounts,Tüm Hesaplar,
All Activities,Tüm Aktiviteler,
All Activities HTML,Tüm Etkinlikler HTML,
All BOMs,Tüm Ürün Ağaçları,
All Contact,Tüm Kişiler,
All Customer Contact,Tüm Müşteri İrtibatları,
All Customer Groups,Tüm Müşteri Grupları,
All Day,Tüm Gün,
All Departments,Tüm Departmanlar,
All Employee (Active),Tüm Personeller (Aktif),
All Item Groups,Tüm Ürün Grupları,
All Items,Tüm Ürünler,
All Lead (Open),Tüm Müşteri Adayları (Açık),
All Parties ,Tüm Partiler ,
All Sales Partner Contact,Tüm Satış Ortağı İrtibatları,
All Sales Person,Bütün Satıcılar,
All Sales Transactions can be tagged against multiple Sales Persons so that you can set and monitor targets.,"Tüm Satış İşlemleri birden fazla Satış Elemanına etiketlenebilir, böylece hedefler belirleyebilir ve izleyebilirsiniz.",
All Supplier Contact,Tüm Tedarikçi İrtibatları,
All Supplier Groups,Tüm Tedarikçi Grupları,
All Territories,Tüm Bölgeler,
All Warehouses,Tüm Depolar,
All allocations have been successfully reconciled,Tüm tahsisatların mutabakatı başarıyla sağlandı,
All communications including and above this shall be moved into the new Issue,Bu ve bunun üzerindeki tüm iletişimler yeni Sayıya taşınacaktır.,
All items are already requested,Tüm ürünler zaten talep edildi,
All items have already been Invoiced/Returned,Tüm ürünler zaten Faturalandırıldı/İade Edildi,
All items have already been received,Tüm ürünler zaten alındı,
All items have already been transferred for this Work Order.,Bu İş Emri için tüm öğeler zaten aktarıldı.,
All items in this document already have a linked Quality Inspection.,Bu belgedeki tüm Ürünlerin zaten bağlantılı bir Kalite Kontrolü var.,
All the Comments and Emails will be copied from one document to another newly created document(Lead -> Opportunity -> Quotation) throughout the CRM documents.,"Tüm Yorumlar ve E-postalar, CRM belgeleri boyunca bir belgeden yeni oluşturulan başka bir belgeye (Aday Müşteri -> Fırsat -> Teklif) kopyalanacaktır.",
"All the required items (raw materials) will be fetched from BOM and populated in this table. Here you can also change the Source Warehouse for any item. And during the production, you can track transferred raw materials from this table.","Tüm gerekli malzemeler (hammadde) Ürün Ağacı'ndan alınarak bu tabloya eklenir. Burada herhangi bir ürün için Kaynak Depo'yu da değiştirebilirsiniz. Üretim sırasında, bu tablodan transfer edilen hammaddeleri takip edebilirsiniz.",
All these items have already been Invoiced/Returned,Bu öğelerin tümü zaten Faturalandırılmış/İade edilmiştir,
Allocate,Ayrılan,
Allocate Advances Automatically (FIFO),Avansları Otomatik Olarak Tahsis Et (FIFO),
Allocate Payment Amount,Ayrılan Ödeme Tutarı,
Allocate Payment Based On Payment Terms,Ödeme Koşullarına Göre Ödeme Tahsis Edin,
Allocate Payment Request,Ödeme Talebini Tahsis Et,
Allocated,Ayrılan,
Allocated Amount,Ayrılan Tutar,
Allocated Entries,Tahsis Edilen Girişler,
Allocated To:,Ayrılan:,
Allocated amount,İzin Verilen Tutar,
Allocated amount cannot be greater than unadjusted amount,"Ayrılan Tutar, Düzeltilmemiş tutarlardan büyük olamaz",
Allocated amount cannot be negative,Ayrılan Tutar negatif olamaz,
Allocation,Tahsis,
Allocations,Tahsisler,
Allotted Qty,Ayrılan Miktar,
Allow,İzin Ver,
Allow Account Creation Against Child Company,Alt Şirkete için Hesap Oluşturmaya İzin Ver,
Allow Alternative Item,Alternatif Ürüne İzin Ver,
Allow Alternative Item must be checked on Item {},{} Ürünü için Alternatif Ürüne İzin Ver seçeneği işaretlenmelidir,
Allow Continuous Material Consumption,Sürekli Malzeme Tüketimine İzin Ver,
Allow Excess Material Transfer,Fazla Hammadde Transferine İzin Ver,
Allow In Returns,İadelere İzin Ver,
Allow Internal Transfers at Arm's Length Price,İç Transferlerde Piyasa Fiyatına İzin Ver,
Allow Item To Be Added Multiple Times in a Transaction,Bir İşlemde Öğenin Birden Fazla Kez Eklenmesine İzin Ver,
Allow Item to Be Added Multiple Times in a Transaction,Öğenin Bir İşlemde Birden Fazla Kez Eklenmesine İzin Verin,
Allow Item to be Added Multiple Times in a Transaction,Bir İşlemde Birden Fazla Öğe Eklenmesine İzin Ver,
Allow Lead Duplication based on Emails,E-postaya dayalı Aday Çoğaltılmasına İzin ver,
Allow Material Transfer from Delivery Note to Sales Invoice,İrsaliyeden Satış Faturasına Hammadde Transferine İzin Ver,
Allow Material Transfer from Purchase Receipt to Purchase Invoice,Faturadan Stok Girişi Yapılmasına İzin Ver,
Allow Multiple Material Consumption,Çoklu Malzeme Tüketimine İzin Ver,
Allow Multiple Sales Orders Against a Customer's Purchase Order,Bir Müşterinin Satın Alma Siparişine Karşı Birden Fazla Satış Siparişine İzin Ver,
Allow Negative Stock,Eksi Stoğa İzin Ver,
Allow Negative rates for Items,Ürünler için Negatif oranlara izin ver,
Allow Or Restrict Dimension,Boyuta İzin Ver veya Sınırla,
Allow Overtime,Fazla Mesaiye İzin Ver,
Allow Partial Reservation,Kısmi Rezervasyona İzin Ver,
Allow Production on Holidays,Tatillerde Üretime İzin Ver,
Allow Purchase,Satın Almaya İzin Ver,
Allow Purchase Invoice Creation Without Purchase Order,Sipariş Olmadan Fatura Oluşturmaya İzin Ver,
Allow Purchase Invoice Creation Without Purchase Receipt,Satın Alma Fişi Olmadan Fatura Oluşturmaya İzin Ver,
Allow Purchase Order with Zero Quantity,Sıfır Miktarlı Satın Alma Emrine İzin Ver,
Allow Quotation with Zero Quantity,Sıfır Miktarla Fiyat Teklifine İzin Ver,
Allow Rename Attribute Value,Öznitelik Değerini Yeniden Adlandırmaya İzin Ver,
Allow Request for Quotation with Zero Quantity,Sıfır Miktarlı Fiyat Teklifi Talebine İzin Ver,
Allow Resetting Service Level Agreement,Servis Seviyesi Sözleşmesinin Sıfırlanmasına İzin Ver,
Allow Resetting Service Level Agreement from Support Settings.,Destek Ayarlarından Hizmet Seviyesi Sözleşmesinin Sıfırlanmasına İzin Verin.,
Allow Sales,Satışa İzin Ver,
Allow Sales Invoice Creation Without Delivery Note,İrsaliye olmadan Fatura Oluşturmaya İzin ver,
Allow Sales Invoice Creation Without Sales Order,Sipariş Olmadan Fatura Oluşturmaya İzin Ver,
Allow Sales Order Creation For Expired Quotation,Süresi Dolmuş Teklif İçin Müşteri Siparişi Oluşturulmasına İzin Ver,
Allow Sales Order with Zero Quantity,Sıfır Miktarlı Satış Siparişine İzin Ver,
Allow Stale Exchange Rates,Eski Döviz Kurlarına İzin Ver,
Allow Supplier Quotation with Zero Quantity,Sıfır Miktarla Tedarikçi Teklifine İzin Ver,
Allow User to Edit Discount,Kullanıcının İndirimi Düzenlemesine İzin Verin,
Allow User to Edit Price List Rate in Transactions,Kullanıcının İşlemlerde Fiyatı Düzenlemesine İzin Ver,
Allow User to Edit Rate,Kullanıcının Fiyatı Düzenlemesine İzin Verin,
Allow Variant UOM to be different from Template UOM,Varyant Ölçü Biriminin Şablon Ölçü Biriminden farklı olmasına izin ver,
Allow Zero Rate,Sıfır Değerlemeye İzin Ver,
Allow Zero Valuation Rate,Sıfır Değerlemeye İzin Ver,
Allow existing Serial No to be Manufactured/Received again,Mevcut Seri Numarasının Tekrar Üretilmesine/Alınmasına İzin Ver,
Allow material consumptions without immediately manufacturing finished goods against a Work Order,Bir İş Emrine göre bitmiş ürünleri hemen üretmeden malzeme tüketimine izin verin.,
Allow multi-currency invoices against single party account ,Tek Bir Cari Hesap İçin Çoklu Para Birimi Faturalarına İzin Ver,
Allow to Edit Stock UOM Qty for Purchase Documents,Satın Alma için Stok Birimi Adetini Düzenlemeye İzin Ver,
Allow to Edit Stock UOM Qty for Sales Documents,Satış Belgelerinde Stok Birimi Miktarını Düzenlemeye İzin Ver,
Allow to Make Quality Inspection after Purchase / Delivery,Satın Alma / Teslimat Sonrası Kalite Kontrolü Yapılmasına İzin Verin,
Allow transferring raw materials even after the Required Quantity is fulfilled,Gerekli Miktar karşılandıktan sonra bile hammadde transferine izin verin.,
Allowed,İzin Verilen,
Allowed Dimension,İzin Verilen Boyut,
Allowed Doctypes,İzin Verilen DocType'lar,
Allowed To Transact With,İşlem Yapma Yetkileri,
Allowed primary roles are 'Customer' and 'Supplier'. Please select one of these roles only.,İzin verilen birincil roller 'Müşteri' ve 'Tedarikçi'dir. Lütfen yalnızca bu rollerden birini seçin.,
Allows to keep aside a specific quantity of inventory for a particular order.,Belirli bir sipariş için envanterden belirli bir miktarı ayırmaya olanak tanır.,
Already Picked,Zaten Seçilmiş,
Already record exists for the item {0},Zaten {0} öğesi için kayıt var,
"Already set default in pos profile {0} for user {1}, kindly disabled default","{1} kullanıcısı için {0} pos profilinde varsayılan olarak varsayılan değer ayarladınız, varsayılan olarak lütfen devre dışı bırakıldı",
Alternate Item,Alternatif Ürün,
Alternative Item Code,Alternatif Ürün Kodu,
Alternative Item Name,Alternatif Ürün Adı,
Alternative Items,Alternatif Ürünler,
Alternative item must not be same as item code,"Alternatif Ürün, asıl ürün koduyla aynı olmamalıdır",
"Alternatively, you can download the template and fill your data in.","Alternatif olarak, şablonu indirebilir ve verilerinizi doldurabilirsiniz.",
Always Ask,Her Zaman Sor,
Amended From,Değiştirildi,
Amount,Tutar,
Amount (AED),Tutar (AED),
Amount (Company Currency),Tutar (Company Currency),
Amount Delivered,Teslim Edilen Miktar,
Amount Difference,Tutar Farkı,
Amount Difference with Purchase Invoice,Satın Alma Faturası ile Fiyat Farkı,
Amount Eligible for Commission,Komisyon İçin Uygun Tutar,
Amount In Figure,Miktar (Şekil),
Amount in Account Currency,Hesap Para Birimindeki Tutar,
Amount in Words,Yazı ile Tutar,
Amount in party's bank account currency,Tarafın banka hesabındaki tutar para birimi,
Amount in transaction currency,İşlem para birimi cinsinden tutar,
Amount in {0},{0} cinsinden Miktar,
Amount to Bill,Fatura Tutarı,
Amount {0} {1} against {2} {3},Tutar {0} {1} Karşılığı {2} {3},
Amount {0} {1} deducted against {2},{2} karşılığında düşülen tutar {0} {1},
Amount {0} {1} transferred from {2} to {3},Tutar {0} {1} {2} adresinden {3} adresine aktarıldı,
Amount {0} {1} {2} {3},Miktar {0} {1} {2} {3},
Amounts,Tutarlar,
Amt,Tutar,
An Item Group is a way to classify items based on types.,"Ürün Grubu, Ürünleri türlerine göre sınıflandırmanın bir yoludur.",
An error has been appeared while reposting item valuation via {0},Ürün değerlemesi {0} üzerinden yeniden yayınlanırken bir hata oluştu,
An error occurred during the update process,Güncelleme sırasında bir hata oluştu,
An error occurred for certain Items while creating Material Requests based on Re-order level. Please rectify these issues :,Yeniden Sipariş seviyesine göre Malzeme Talepleri oluşturulurken belirli Ürünler için bir hata oluştu. Lütfen şu sorunları düzeltin:,
Analysis Chart,Analiz Grafiği,
Analytics,Analitik,
Annual,Yıllık,
Annual Billing: {0},Yıllık Fatura: {0},
Annual Expenses,Yıllık Giderler,
Annual Income,Yıllık Gelir,
Annual Revenue,Ciro,
Another Budget record '{0}' already exists against {1} '{2}' and account '{3}' for fiscal year {4},{4} mali yılı için {1} '{2}' ve '{3}' hesabında başka bir Bütçe kaydı '{0}' zaten mevcuttur,
"Another Cost Center Allocation record {0} applicable from {1}, hence this allocation will be applicable upto {2}","Başka bir Maliyet Merkezi Tahsis kaydı {0} {1} tarihinden itibaren geçerlidir, dolayısıyla bu tahsis {2} tarihine kadar geçerli olacaktır",
Another Payment Request is already processed,Başka bir Ödeme Talebi zaten işleme alındı,
Another Sales Person {0} exists with the same Employee id,Aynı Çalışan kimliğine sahip başka bir Satış Personeli {0} mevcuttur,
"Any one of following filters required: warehouse, Item Code, Item Group","Aşağıdaki filtrelerden herhangi biri gereklidir: Depo, Ürün Kodu, Ürün Grubu",
Applicable Charges,Uygulanabilir Ücretler,
Applicable Dimension,Uygulanabilir Boyut,
Applicable For,Uygulanabilir:,
Applicable Holiday List,Uygulanabilir Tatil Listesi,
Applicable Modules,Uygulanabilir Modüller,
Applicable On Account,Hesap Üzerinden Uygulanabilir,
Applicable To (Designation),(Görev) için uygulanabilir,
Applicable To (Employee),(Çalışana) uygulanabilir,
Applicable To (Role),(Role) uygulanabilir,
Applicable To (User),(Kullanıcıya) Uygulanabilir,
Applicable for Countries,Geçerli Olduğu Ülkeler,
Applicable for Users,Kullanıcılar için geçerlidir,
Applicable for external driver,Harici sürücü için geçerli,
"Applicable if the company is SpA, SApA or SRL","Şirket SpA, SApA veya SRL ise uygulanabilir",
Applicable if the company is a limited liability company,Şirket limited şirketi ise uygulanabilir,
Applicable if the company is an Individual or a Proprietorship,Şirketin bir birey veya şahıs şirketi olması durumunda geçerlidir,
Applicable on Material Request,Malzeme Talebinde Uygula,
Applicable on Purchase Order,Satın Almada Uygula,
Applicable on booking actual expenses,Gerçek Giderlerin Kaydedilmesinde Uygula,
Application of Funds (Assets),Fonların Kullanımı (Varlıklar),
Applied Coupon Code,Uygulanan Kupon Kodu,
Applied on each reading.,Her okumaya uygulanır.,
Applied putaway rules.,Yerleştirme kuralları uygulandı.,
Applies To,Uygulanan,
Apply Additional Discount On,Ek İndirim Uygula,
Apply Discount On,İndirim Uygula,
Apply Discount on Discounted Rate,İndirimli Fiyat Üzerinden İndirim Uygula,
Apply Discount on Rate,Fiyatına İndirim Uygula,
Apply Multiple Pricing Rules,Birden Fazla Fiyatlandırma Kuralı Uygula,
Apply On,Uygula,
Apply Putaway Rule,Paketleme Kuralı Uygula,
Apply Recursion Over (As Per Transaction UOM),Tekrarlamayı Uygula (İşlem Ölçü Birimine Göre),
Apply Rule On Brand,Markaya Kural Uygula,
Apply Rule On Item Code,Ürün Koduna Kural Uygula,
Apply Rule On Item Group,Ürün Grubuna Kural Uygula,
Apply Rule On Other,Başka Kategorilere Kural Uygula,
Apply SLA for Resolution Time,Çözüm Süresi için SLA'yı Uygulayın,
Apply TDS,Vergiyi Dahil Et,
Apply Tax Withholding Amount,Vergi Kesintisini Uygula,
Apply Tax Withholding Amount ,Vergi Kesintisini Uygula ,
Apply restriction on dimension values,Boyut değerlerine kısıtlama uygulayın,
Apply to All Inventory Documents,Tüm Envanter Belgelerine Uygula,
Apply to Document,Belgeye Uygula,
Appointment,Randevu,
Appointment Booking Settings,Randevu Rezervasyon Ayarları,
Appointment Booking Slots,Randevu Rezervasyon Zaman Dilimleri,
Appointment Confirmation,Randevu Onayı,
Appointment Created Successfully,Randevu Başarıyla Oluşturuldu,
Appointment Details,Randevu Detayları,
Appointment Duration (In Minutes),Randevu Süresi (Dakika),
Appointment Scheduling Disabled,Randevu Planlama Devre Dışı,
Appointment Scheduling has been disabled for this site,Bu site için Randevu Planlama devre dışı bırakıldı,
Appointment With,Randevu Bununla İlişkili,
Appointment was created. But no lead was found. Please check the email to confirm,Randevu oluşturuldu. Ancak müşteri adayı bulunamadı. Lütfen onaylamak için e-postayı kontrol edin,
Appraisal Template,Değerlendirme Şablonu,
Approvers,Onaylayanlar,
Approving Role (above authorized value),(Yetkili değerin üstünde) Rolü onaylanması,
Approving Role cannot be same as role the rule is Applicable To,Onaylayan Rol kuralın geçerli olduğu rol ile aynı olamaz,
Approving User  (above authorized value),(Yetkili değerin üstünde) Kullanıcı onaylanması,
Approving User cannot be same as user the rule is Applicable To,"Onaylayan Kullanıcı, kuralın uygulanacağı kullanıcıyla aynı olamaz",
Approximately match the description/party name against parties,Açıklama/cari adını carilerle yaklaşık olarak eşleştirin,
Apps,Uygulamalar,
Are you sure you want to clear all demo data?,Tüm Demo Verilerini temizlemek istediğinizden emin misiniz?,
Are you sure you want to delete this Item?,Bu ürünü silmek istediğinizden emin misiniz?,
Are you sure you want to delete {0}?<p>This action will also delete all associated Common Code documents.</p>,"{0} girişini silmek istediğinizden emin misiniz? <p>Bu işlem, ilişkili tüm Ortak Kod belgelerini de silecektir.</p>",
Are you sure you want to restart this subscription?,Bu aboneliği yeniden başlatmak istediğinizden emin misiniz?,
Area,Alan,
Area UOM,Alan Birimi,
Arrival Quantity,Gelen Miktar,
As On Date,Tarihindeki Gibi,
As on Date,Tarih itibariyle,
As per Stock UOM,Stok Birimine Göre,
"As the field {0} is enabled, the field {1} is mandatory.","{0} alanı etkinleştirildiğinden, {1} alanı zorunludur.",
"As the field {0} is enabled, the value of the field {1} should be more than 1.","{0} alanı etkinleştirildiğinden, {1} alanının değeri 1'den fazla olmalıdır.",
"As there are existing submitted transactions against item {0}, you can not change the value of {1}.","{0} Ürününe karşı mevcut gönderilmiş işlemler olduğundan, {1} değerini değiştiremezsiniz.",
"As there are negative stock, you can not enable {0}.",Negatif stok olduğu için {0} özelliğini aktif hale getiremezsiniz.,
"As there are reserved stock, you cannot disable {0}.",Depolarda Rezerv stok olduğu için {0} ayarını devre dışı bırakamazsınız.,
"As there are sufficient Sub Assembly Items, Work Order is not required for Warehouse {0}.","Yeterli Alt Montaj Ürünleri mevcut olduğundan, {0} Deposu için İş Emri gerekli değildir.",
"As there are sufficient raw materials, Material Request is not required for Warehouse {0}.","Yeterli hammadde olduğundan, {0} Deposu için Malzeme Talebi gerekli değildir.",
"As {0} is enabled, you can not enable {1}.",{0} etkinleştirildiğinden {1} etkinleştirilemez.,
Assembly Items,Montaj Ürünleri,
Asset,Varlık,
Asset Account,Varlık Hesabı,
Asset Activity,Varlık Etkinliği,
Asset Capitalization,Varlık Sermayeleştirme,
Asset Capitalization Asset Item,Varlık Sermayelendirmesi Varlık Kalemi,
Asset Capitalization Service Item,Varlık Sermayelendirme Hizmet Kalemi,
Asset Capitalization Stock Item,Varlık Sermayesi Stok Kalemi,
Asset Category,Varlık Kategorisi,
Asset Category Account,Varlık Kategorisi Hesabı,
Asset Category Name,Varlık Kategorisi Adı,
Asset Category is mandatory for Fixed Asset item,Duran Varlık için Varlık Kategorisi zorunludur,
Asset Depreciation Cost Center,Sabit Varlık Amortisman Maliyet Merkezi,
Asset Depreciation Ledger,Varlık Amortisman Defteri,
Asset Depreciation Schedule,Varlık Amortisman Programı,
Asset Depreciation Schedule for Asset {0} and Finance Book {1} is not using shift based depreciation,Varlık Amortisman Programı {0} ve Finans Defteri {1} için vardiya bazlı amortisman kullanmıyor,
Asset Depreciation Schedule not found for Asset {0} and Finance Book {1},Varlık Amortisman Programı Varlık {0} ve Finans Defteri {1} için bulunamadı,
Asset Depreciation Schedule {0} for Asset {1} already exists.,Varlık Amortisman Programı {0} Varlık {1} için zaten mevcut.,
Asset Depreciation Schedule {0} for Asset {1} and Finance Book {2} already exists.,Varlık Amortisman Programı {0} Varlık {1} ve Finans Defteri {2} için zaten mevcut.,
Asset Depreciations and Balances,Varlık Amortismanları ve Bakiyeleri,
Asset Details,Varlık Ayrıntıları,
Asset Disposal,Varlık Elden Çıkarma,
Asset Finance Book,Varlık Finans Defteri,
Asset ID,Varlık Kimliği,
Asset Location,Varlık Konumu,
Asset Maintenance,Varlık Bakımı,
Asset Maintenance Log,Varlık Bakım Günlüğü,
Asset Maintenance Task,Varlık Bakım Görevi,
Asset Maintenance Team,Varlık Bakım Ekibi,
Asset Movement,Varlık Hareketleri,
Asset Movement Item,Varlık Hareketi Ürünü,
Asset Movement record {0} created,Varlık Hareket kaydı {0} oluşturuldu,
Asset Name,Varlık Adı,
Asset Naming Series,Varlık Adlandırma Serisi,
Asset Owner,Varlık Sahibi,
Asset Owner Company,Varlık Sahibi Şirket,
Asset Quantity,Varlık Miktarı,
Asset Received But Not Billed,Faturalanmamış Alınan Varlık,
Asset Repair,Varlık Onarımı,
Asset Repair Consumed Item,Varlık Onarımı Tüketilen Öğe,
Asset Repair Purchase Invoice,Varlık Onarım Satın Alma Faturası,
Asset Settings,Varlık Ayarları,
Asset Shift Allocation,Varlık Vardiya Ataması,
Asset Shift Factor,Varlık Kaydırma Faktörü,
Asset Shift Factor {0} is set as default currently. Please change it first.,Varlık Kaydırma Faktörü {0} şu anda varsayılan olarak ayarlanmıştır. Lütfen önce bunu değiştirin.,
Asset Status,Varlık Durumu,
Asset Value,Varlık Değeri,
Asset Value Adjustment,Varlık Değeri Ayarlaması,
Asset Value Adjustment cannot be posted before Asset's purchase date <b>{0}</b>.,"Varlık Değer Ayarlaması, varlığın satın alma tarihi <b>{0}</b> öncesine yapılamaz.",
Asset Value Analytics,Varlık Değeri Analitiği,
Asset cancelled,Varlık iptal edildi,
"Asset cannot be cancelled, as it is already {0}","Varlık iptal edilemez, çünkü zaten {0} durumda",
Asset cannot be scrapped before the last depreciation entry.,"Varlık, son amortisman girişinden önce hurdaya çıkarılamaz.",
Asset capitalized after Asset Capitalization {0} was submitted,Varlık Sermayelendirmesi {0} gönderildikten sonra varlık sermayelendirildi,
Asset created,Varlık oluşturuldu,
Asset created after being split from Asset {0},Varlıktan ayrıldıktan sonra oluşturulan varlık {0},
Asset deleted,Varlık silindi,
Asset issued to Employee {0},Personele verilen varlık {0},
Asset out of order due to Asset Repair {0},"Varlık, {0} nedeniyle onarımda ve şuan devre dışı.",
Asset received at Location {0} and issued to Employee {1},Varlık {0} Konumunda alındı ve {1} Çalışanına verildi,
Asset restored,Varlık geri yüklendi,
Asset restored after Asset Capitalization {0} was cancelled,Varlık Sermayelendirmesi {0} iptal edildikten sonra varlık geri yüklendi,
Asset returned,Varlık iade edildi,
Asset scrapped,Varlık hurdaya çıkarıldı,
Asset scrapped via Journal Entry {0},"Varlık, Yevmiye Kaydı {0} ile hurdaya ayrıldı",
Asset sold,Satılan Varlık,
Asset submitted,Varlık Kaydedildi,
Asset transferred to Location {0},Varlık {0} konumuna aktarıldı,
Asset updated after being split into Asset {0},"Varlık, Varlığa bölündükten sonra güncellendi {0}",
"Asset {0} cannot be scrapped, as it is already {1}","Varlık {0} hurdaya ayrılamaz, çünkü zaten {1} durumda",
Asset {0} does not belong to Item {1},{0} Varlık {1} Ürününe ait değil,
Asset {0} does not belong to company {1},{0} isimli Varlık {1} şirketine ait değil,
Asset {0} does not belongs to the custodian {1},"{0} isimli Varlık , {1} saklama deposuna ait değil",
Asset {0} does not belongs to the location {1},"{0}isimli Varlık, {1} konumuna ait değil",
Asset {0} does not exist,{0} Varlığı mevcut değil,
Asset {0} has been updated. Please set the depreciation details if any and submit it.,Varlık {0} güncellendi. Lütfen varsa amortisman ayrıntılarını ayarlayın ve gönderin.,
Asset {0} must be submitted,Varlık {0} kaydedilmelidir,
Asset's depreciation schedule updated after Asset Shift Allocation {0},Varlığın amortisman programı Varlık Kaydırma Tahsisinden sonra güncellendi {0},
Asset's value adjusted after cancellation of Asset Value Adjustment {0},Varlık Değer Düzeltmesinin iptalinden sonra varlığın düzeltilmiş değeri {0},
Asset's value adjusted after submission of Asset Value Adjustment {0},Varlık Değer Düzeltmesinin sunulmasından sonra düzeltilen varlık değeri {0},
Assets,Varlıklar,
Assets not created for {item_code}. You will have to create asset manually.,{item_code} için varlıklar oluşturulamadı. Varlığı manuel olarak oluşturmanız gerekecek.,
Assign Job to Employee,Yapılacak İşi Personele Ata,
Assign To,Ata,
Assign to Name,İsme Ata,
Assigned To,Atama,
Assignment,Atama,
Assignment Conditions,Atama Koşulları,
At Row #{0}: The picked quantity {1} for the item {2} is greater than available stock {3} for the batch {4} in the warehouse {5}. Please restock the item.,"Satır #{0}: {2} ürünü için seçilen miktar {1}, {5} deposundaki {4} parti numarası için mevcut stok {3} miktarından daha fazla. Lütfen ürünü yeniden stoklayın.",
At Row #{0}: The picked quantity {1} for the item {2} is greater than available stock {3} in the warehouse {4}.,"Satır #{0}: Ürün {2} için seçilen miktar {1}, depo {4} içinde mevcut stok {3} değerinden fazladır.",
At least one account with exchange gain or loss is required,En az bir adet döviz kazancı veya kaybı hesabının bulunması zorunludur,
At least one asset has to be selected.,En azından bir varlığın seçilmesi gerekiyor.,
At least one invoice has to be selected.,En az bir faturanın seçilmesi gerekiyor.,
At least one item should be entered with negative quantity in return document,İade işleminde en az bir kalemin negatif miktarla girilmesi gerekmektedir,
At least one mode of payment is required for POS invoice.,POS faturası için en az bir ödeme şekli zorunludur.,
At least one of the Applicable Modules should be selected,Uygulanabilir Modüllerden en az biri seçilmelidir,
At least one of the Selling or Buying must be selected,Satış veya Satın Alma seçeneklerinden en az biri seçilmelidir,
At least one warehouse is mandatory,En az bir Depo zorunludur,
At row #{0}: the sequence id {1} cannot be less than previous row sequence id {2},"Satır #{0}: Sıra numarası {1}, önceki satırın sıra numarası {2} değerinden küçük olamaz",
At row {0}: Batch No is mandatory for Item {1},"Satır {0}: Parti No, {1} Ürünü için zorunludur",
At row {0}: Parent Row No cannot be set for item {1},"Satır {0}: Üst Satır No, {1} öğesi için ayarlanamıyor",
At row {0}: Qty is mandatory for the batch {1},Satır {0}: {1} partisi için miktar zorunludur,
At row {0}: Serial No is mandatory for Item {1},"Satır {0}: Seri No, {1} Ürünü için zorunludur",
At row {0}: Serial and Batch Bundle {1} has already created. Please remove the values from the serial no or batch no fields.,Satır {0}: Seri ve Toplu Paket {1} zaten oluşturuldu. Lütfen seri no veya toplu no alanlarından değerleri kaldırın.,
At row {0}: set Parent Row No for item {1},Satır {0}: Ürün {1} için Üst Satır No'yu ayarlayın,
"Attach .csv file with two columns, one for the old name and one for the new name","İki sütun, eski adı diğerinin yeni adının eklenmesi .csv dosyasının birleştirilmesi",
Attach CSV File,CSV Dosyası Ekle,
Attach custom Chart of Accounts file,Düzenlenmiş Hesaplar Tablosunu Ekleyin,
Attachment,Belge Eki,
Attachments,Belge Ekleri,
Attendance & Leaves,Devamlılık & İzinler,
Attendance Device ID (Biometric/RF tag ID),Cihazı Kimliği (Biyometrik/RF),
Attribute,Özellik,
Attribute Name,Özellik İsmi,
Attribute Value,Özellik Değeri,
Attribute table is mandatory,Özellik tablosu zorunludur,
Attribute value: {0} must appear only once,Özellik değeri: {0} yalnızca bir kez görünmelidir,
Attribute {0} selected multiple times in Attributes Table,"Özellik {0}, Özellikler Tablosunda birden çok kez seçilmiş",
Attributes,Özellikler,
Auditor,Denetçi,
Authentication Failed,Kimlik Doğrulama Başarısız,
Authorised By,Yetkilendiren,
Authorization Control,Yetkilendirme Kontrolü,
Authorization Rule,Yetkilendirme Kuralı,
Authorized Signatory,Yetkili İmzası,
Authorized Value,Yetkilendirilmiş Değer,
Auto Create Assets on Purchase,Varlığı Satın Almada Otomatik Oluştur,
Auto Create Exchange Rate Revaluation,Otomatik Döviz Kuru Değerleme Oluştur,
Auto Create Purchase Receipt,İrsaliyeyi Otomatik Oluştur,
Auto Create Serial and Batch Bundle For Outward,Dışarıya Yönelik Otomatik Seri ve Toplu Paket Oluşturma,
Auto Create Subcontracting Order,Alt Yüklenici Siparişini Otomatik Oluştur,
Auto Created,Otomatik Yapılandırıldı,
Auto Created Serial and Batch Bundle,Otomatik Oluşturulan Seri ve Toplu Paket,
Auto Creation of Contact,Kişinin Otomatik Oluşturulması,
Auto Fetch,Otomatik Getirme,
Auto Insert Item Price If Missing,Eksikse Ürün Fiyatını Otomatik Ekle,
Auto Material Request,Otomatik Hammadde Talebi,
Auto Material Requests Generated,Otomatik Malzeme Talepleri Oluşturuldu,
Auto Name,Otomatik İsim,
Auto Opt In (For all customers),Otomatik Opt In (tüm kullanım için),
Auto Reconcile,Otomatik Mutabakat,
Auto Reconcile Payments,Otomatik Ödeme Mutabakatı,
Auto Reconciliation,Otomatik Mutabakat,
Auto Reconciliation Job Trigger,Otomatik Mutabakat İşlemi Tetikleyicisi,
Auto Reconciliation of Payments has been disabled. Enable it through {0},Ödemelerin Otomatik Mutabakatı devre dışı bırakıldı. {0} adresinden etkinleştirin.,
Auto Repeat,Otomatik Tekrarla,
Auto Repeat Detail,Otomatik Tekrarlama Detayı,
Auto Reserve Serial and Batch Nos,Seri ve Parti Numaralarını Otomatik Rezerve Et,
Auto Reserve Stock,Otomatik Stok Rezervi,
Auto Reserve Stock for Sales Order on Purchase,Satın Alma Sırasında Satış Siparişi için Otomatik Stok Ayırma,
Auto close Opportunity Replied after the no. of days mentioned above,Yukarıda belirtilen gün sayısından sonra Yanıtlanan Fırsatı Otomatik Kapat,
Auto match and set the Party in Bank Transactions,Banka İşlemlerinde Tarafları otomatik eşleştirin ve ayarlayın,
Auto re-order,Otomatik Yeniden Sipariş,
Auto repeat document updated,Otomatik tekrar dokümanı güncellendi,
Auto write off precision loss while consolidation,Birleştirme Sırasında Hassasiyet Kayıplarını Otomatik Olarak Kapat,
Automatically Add Filtered Item To Cart,Filtrelenmiş Ürünü Sepete Otomatik Olarak Ekle,
Automatically Add Taxes and Charges from Item Tax Template,Ürün Vergi Şablonundan Vergileri ve Giderleri Otomatik Olarak Ekle,
Automatically Create New Batch,Yeni Partiyi Otomatik Olarak Oluştur,
Automatically Fetch Payment Terms from Order,Ödeme Koşullarını Siparişten Otomatik Olarak Al,
Automatically Process Deferred Accounting Entry,Ertelenmiş Muhasebe Kaydını Otomatik İşle,
Automatically post balancing accounting entry,Dengeleme muhasebe girişini otomatik olarak gönder,
Availability Of Slots,Slotların Kullanılabilirliği,
Available,Mevcut,
Available Batch Qty at From Warehouse,Kaynak Depodaki Mevcut Parti Miktarı,
Available Batch Qty at Warehouse,Depodaki Mevcut Parti Miktarı,
Available Batch Report,Mevcut Parti Raporu,
Available For Use Date,Kullanıma Hazır Tarihi,
Available Qty,Mevcut Miktar,
Available Qty For Consumption,Tüketim İçin Kullanılabilir Miktar,
Available Qty at Company,Şirketteki Mevcut Miktar,
Available Qty at Source Warehouse,Kaynak Depodaki Mevcut Miktar,
Available Qty at Target Warehouse,Hedef Depodaki Mevcut Miktar,
Available Qty at WIP Warehouse,Devam Eden İş Deposundaki Mevcut Miktar,
Available Qty at Warehouse,Depodaki Mevcut Miktar,
Available Qty to Reserve,Stok Yapılacak Mevcut Miktar,
Available Quantity,Mevcut Miktar,
Available Stock,Mevcut Stok,
Available Stock for Packing Items,Paketlenecek Ürünlerin Stok Durumu,
Available for use date is required,Kullanıma Hazır Tarihi gereklidir,
"Available quantity is {0}, you need {1}","Mevcut miktar {0}, gereken {1}",
Available {0},{0} Kullanılabilir,
Available-for-use Date,Kullanıma Hazır Tarihi,
Available-for-use Date should be after purchase date,Kullanıma hazır tarihi satın alma tarihinden sonra olmalıdır,
Average Age,Ortalama Yaş,
Average Completion,Ortalama Tamamlama,
Average Discount,Ortalama İndirim,
Average Rate,Ortalama Fiyat,
Average Response Time,Ortalama Yanıt Süresi,
Average time taken by the supplier to deliver,Tedarikçinin teslimat için harcadığı ortalama süre,
Avg Daily Outgoing,Ortalama Günlük Giden,
Avg Rate,Ortalama Fiyat,
Avg Rate (Balance Stock),Ortalama Fiyat (Stok Bakiyesi),
Avg. Buying Price List Rate,Ortalama Alış Liste Fiyatı,
Avg. Selling Price List Rate,Ortalama Satış Liste Fiyatı,
Avg. Selling Rate,Ortalama Satış Fiyatı,
B+,B+,
B-,B-,
BFS,Genişlik Öncelikli Arama,
BIN Qty,Ürün Ağacı Miktarı,
BOM,Ürün Ağacı,
BOM 1,Ürün Ağacı 1,
BOM 1 {0} and BOM 2 {1} should not be same,Ürün Ağacı 1 {0} ve Ürün Ağacı 2 {1} aynı olmamalıdır,
BOM 2,Ürün Ağacı 2,
BOM Comparison Tool,Ürün Ağacı Karşılaştırma Aracı,
BOM Created,Ürün Ağacı Oluşturuldu,
BOM Creator,Ürün Ağacı Oluşturucu,
BOM Creator Item,Ürün Ağacı Oluşturucu Ürünü,
BOM Detail No,Ürün Ağacı Detay No,
BOM Explorer,Ağacı Gezgini,
BOM Explosion Item,Ürün Ağacı Patlatılmış Malzemeler,
BOM ID,Ürün Ağacı ID,
BOM Info,Ürün Ağacı Bilgisi,
BOM Item,Ürün Ağacı Ürünü,
BOM Level,Ürün Ağacı Seviyesi,
BOM No,Ürün Ağacı No,
BOM No (For Semi-Finished Goods),Ürün Ağacı No (Yarı Mamuller İçin),
BOM No. for a Finished Good Item,Bitmiş Ürün İçin Ürün Ağacı No,
BOM Operation,Ürün Ağacı Operasyonu,
BOM Operations Time,Ürün Ağacı Operasyon Süresi,
BOM Qty,Ürün Ağacı Miktarı,
BOM Rate,Ürün Ağacı Değeri,
BOM Scrap Item,Ürün Ağacı Hurda Ürün,
BOM Search,Ürün Ağacı Arama,
BOM Stock Calculated,Ürün Ağacı Stoğu Hesaplandı,
BOM Stock Report,Ürün Ağacı Stok Raporu,
BOM Tree,Ürün Ağacı Yapısı,
BOM UoM,Ürün Ağacı Ölçü Birimi,
BOM Update Batch,Ürün Ağacı Toplu Güncelleme,
BOM Update Initiated,Ürün Ağacı Güncellemesi Başlatıldı,
BOM Update Log,Ürün Ağacı Güncelleme Kayıtları,
BOM Update Tool,Ürün Ağacı Güncelleme Aracı,
BOM Update Tool Log with job status maintained,İş durumunun korunduğu Ürün Ağacı Güncelleme Aracı Günlüğü,
BOM Updation already in progress. Please wait until {0} is complete.,Ürün Ağacı Güncellemesi zaten devam ediyor. Lütfen {0} tamamlanana kadar bekleyin.,
BOM Updation is queued and may take a few minutes. Check {0} for progress.,Ürün Ağacı Güncellemesi sıraya alındı ve birkaç dakika sürebilir. İlerleme için {0} adresini kontrol edin.,
BOM Variance Report,Ürün Ağacı Fark Raporu,
BOM Website Item,Ürün Ağacı Web Sitesi Ürünü,
BOM Website Operation,Ürün Ağacı Web Sitesi Operasyonu,
BOM and Manufacturing Quantity are required,Ürün Ağacı ve Üretim Miktarı gereklidir.,
BOM and Production,Ürün Ağacı ve Üretim,
BOM does not contain any stock item,Ürün Ağacı herhangi bir stok kalemi içermiyor,
BOM recursion: {0} cannot be child of {1},"Ürün Ağacı yinelemesi: {0}, {1} alt öğesi olamaz",
BOM recursion: {1} cannot be parent or child of {0},"Ürün Ağacı yinelemesi: {1}, {0} girişinin üst öğesi veya alt öğesi olamaz",
BOM {0} does not belong to Item {1},{0} Ürün Ağacı {1} Ürününe ait değil,
BOM {0} must be active,{0} Ürün Ağacı aktif olmalıdır,
BOM {0} must be submitted,{0} Ürün Ağacı kaydedilmelidir,
BOM {0} not found for the item {1},{1} Ürünü için {0} Ürün Ağacı bulunamadı,
BOMs Updated,Ürün Ağaçları Güncellendi,
BOMs created successfully,Ürün Ağaçları Başarıyla Oluşturuldu,
BOMs creation failed,Ürün Ağaçları Oluşturma Başarısız Oldu,
"BOMs creation has been enqueued, kindly check the status after some time","Ürün Ağaçlarının oluşturulması sıraya alındı, lütfen bir süre sonra durumu kontrol edin",
Backdated Stock Entry,Geriye Dönük Stok Hareketi,
Backflush Materials From WIP Warehouse,Üretim Deposundan Hammaddeleri Geri Akışla Kullan,
Backflush Raw Materials,Hammaddeleri Geri Akışla Kullan,
Backflush Raw Materials Based On,Otomatik Stok Düşme,
Backflush Raw Materials From Work-in-Progress Warehouse,İşlemdeki Depodan Hammaddeleri Otomatik Kullan,
Backflush Raw Materials of Subcontract Based On,Alt Yükleniciye Dayalı Hammadde Maliyetini Şuna göre yap,
Balance,Bakiye,
Balance (Dr - Cr),Bakiye (Borç - Alacak),
Balance ({0}),Bakiye ({0}),
Balance In Account Currency,Hesap Döviz Bakiyesi,
Balance In Base Currency,Ana Para Birimi Bakiyesi,
Balance Qty,Mevcut Bakiye,
Balance Qty (Stock),Bakiye Miktarı (Stok),
Balance Sheet,Bilanço,
Balance Sheet Summary,Bilanço Özeti,
Balance Stock Qty,Bakiye Stok Miktarı,
Balance Stock Value,Stok Değeri Bakiyesi,
Balance Value,Bakiye Değeri,
Balance for Account {0} must always be {1},Hesap Bakiyesi {0} her zaman {1} olmalıdır,
Balance must be,Bakiye Türü,
Bank,Banka,
Bank / Cash Account,Banka / Kasa Hesabı,
Bank A/C No.,Banka Hesap No.,
Bank Account,Banka Hesabı,
Bank Account Details,Banka Hesap Bilgileri,
Bank Account Info,Banka Hesap Bilgisi,
Bank Account No,Banka Hesap Numarası,
Bank Account Subtype,Banka Hesabı Alt Türü,
Bank Account Type,Banka Hesap Türü,
Bank Accounts,Banka Hesapları,
Bank Balance,Banka Hesap Bakiyesi,
Bank Charges,Banka Masrafları,
Bank Charges Account,Banka Masrafları Hesabı,
Bank Clearance,Banka Mutabakatı,
Bank Clearance Detail,Banka Mutabakatı Detayları,
Bank Clearance Summary,Banka Mutabakatı Detayları,
Bank Credit Balance,Banka Kredi Bakiyesi,
Bank Details,Banka Detayları,
Bank Draft,Banka Havalesi,
Bank Entry,Banka Girişi,
Bank Guarantee,Banka Teminatı,
Bank Guarantee Number,Banka Teminat Numarası,
Bank Guarantee Type,Banka Teminat Türü,
Bank Name,Banka Adı,
Bank Overdraft Account,Banka Kredili Mevduat Hesabı,
Bank Reconciliation Statement,Banka Mutabakat Beyanı,
Bank Reconciliation Tool,Banka Denkleştirme Aracı,
Bank Statement Import,Banka Hesap Özeti İçe Aktar,
Bank Statement balance as per General Ledger,Genel Muhasebeye göre Banka Ekstresi bakiyesi,
Bank Transaction,Banka İşlemi,
Bank Transaction Mapping,Banka İşlem Eşleştirmesi,
Bank Transaction Payments,Banka İşlem Ödemeleri,
Bank Transaction {0} Matched,Banka İşlemi {0} Eşleşti,
Bank Transaction {0} added as Journal Entry,Banka İşlemi {0} Defter Girişi olarak eklendi,
Bank Transaction {0} added as Payment Entry,Banka İşlemi {0} Ödeme Girişi olarak eklendi,
Bank Transaction {0} is already fully reconciled,Banka İşlemi {0} ile zaten tamamen mutabakat sağlandı,
Bank Transaction {0} updated,Banka İşlemi {0} güncellendi,
Bank account cannot be named as {0},Banka hesabı {0} olarak adlandırılamaz,
Bank account {0} already exists and could not be created again,Banka hesabı {0} zaten mevcut ve tekrar oluşturulamadı,
Bank accounts added,Banka hesapları eklendi,
Bank transaction creation error,Banka işlemi oluşturma hatası,
Bank/Cash Account,Banka / Kasa Hesabı,
Bank/Cash Account {0} doesn't belong to company {1},{0} Banka/Nakit Hesabı {1} şirkete ait değil,
Banking,Banka İşlemleri,
Barcode,Barkod,
Barcode Type,Barkod Türü,
Barcode {0} already used in Item {1},{0} barkodu zaten {1} ürününde kullanılmış,
Barcode {0} is not a valid {1} code,"Barkod {0}, geçerli bir {1} kodu değil",
Barcodes,Barkodlar,
Base Amount,Birim Tutarı,
Base Amount (Company Currency),Esas Tutar (Şirket Para Birimi),
Base Change Amount (Company Currency),Baz Değişim Miktarı (Şirket Para Birimi),
Base Cost Per Unit,Birim Başına Birim Maliyet,
Base Hour Rate(Company Currency),Saatlik Ücret (TRY),
Base Rate,Taban Fiyat,
Base Tax Withholding Net Total,Vergi Stopajı Net Taban Toplamı,
Base Total,Birim Toplam,
Base Total Billable Amount,Toplam Faturalandırılabilir Tutar,
Base Total Billed Amount,Toplam Fatura Tutarı,
Base Total Costing Amount,Toplam Maliyet Tutarı,
Base URL,Ana URL,
Based On,Buna göre,
Based On Data ( in years ),Verilere Göre (Yıl),
Based On Document,Belgeye Dayalı,
Based On Payment Terms,Ödeme Koşullarına Göre,
Based On Price List,Fiyat Listesine Göre,
Based On Value,Değere Göre,
"Based on your HR Policy, select your leave allocation period's end date",İnsan Kaynakları Politikanıza göre izin tahsis döneminizin bitiş tarihini seçin,
"Based on your HR Policy, select your leave allocation period's start date",İnsan Kaynakları Politikanıza göre izin tahsis döneminizin bitiş tarihini seçin,
Basic Amount,Toplam Tutar,
Basic Amount (Company Currency),Birim Fiyat,
Basic Rate (Company Currency),Birim Fiyatı (Şirket Para Birimi),
Basic Rate (as per Stock UOM),Birim Fiyat (Ölçü Birimine Göre),
Batch,Parti,
Batch Description,Parti Açıklaması,
Batch Details,Parti Detayları,
Batch Expiry Date,Parti Son Kullanma Tarihi,
Batch ID,Parti Kimliği,
Batch ID is mandatory,Parti Numarası Zorunlu,
Batch Item Expiry Status,Parti Ürünü Son Kullanma Durumu,
Batch No,Parti No,
Batch No is mandatory,Parti Numarası Zorunlu,
Batch No {0} does not exists,Parti No {0} mevcut değil,
Batch No {0} is linked with Item {1} which has serial no. Please scan serial no instead.,"Parti No {0} , seri numarası olan {1} öğesi ile bağlantılıdır. Lütfen bunun yerine seri numarasını tarayın.",
"Batch No {0} is not present in the original {1} {2}, hence you can't return it against the {1} {2}","Parti No {0}, orijinalinde {1} {2} için mevcut değil, bu nedenle bunu {1} {2} adına iade edemezsiniz.",
Batch No.,Parti No.,
Batch Nos,Parti Numaraları,
Batch Nos are created successfully,Parti Numaraları başarıyla oluşturuldu,
Batch Not Available for Return,Parti İade İçin Uygun Değil,
Batch Number Series,Parti Numarası Serisi,
Batch Qty,Parti Miktarı,
Batch Quantity,Parti Miktarı,
Batch Size,Parti Boyutu,
Batch UOM,Parti Ölçü Birimi,
Batch and Serial No,Parti ve Seri No,
Batch not created for item {} since it does not have a batch series.,{} öğesi için parti oluşturulamadı çünkü parti serisi yok.,
Batch {0} and Warehouse,Parti {0} ve Depo,
Batch {0} is not available in warehouse {1},{0} partisi {1} deposunda mevcut değil,
Batch {0} of Item {1} has expired.,{0} partisindeki {1} ürününün ömrü doldu.,
Batch {0} of Item {1} is disabled.,{0} partisindeki {1} isimli ürün devre dışı bırakıldı.,
Batch-Wise Balance History,Partiye Göre Bakiye Geçmişi,
Batchwise Valuation,Toplu Değerleme,
Before reconciliation,Uzlaştırmadan Önce,
Begin On (Days),Başlama (Gün),
Beginning of the current subscription period,Mevcut abonelik döneminin başlangıcı,
Below Subscription Plans are of different currency to the party default billing currency/Company currency: {0},"Aşağıdaki Abonelik Planları, carinin varsayılan Fatura Para Birimi / Şirket Para Birimi {0} ile farklı para birimindedir.",
Bill Date,Fatura Tarihi,
Bill No,Fatura No,
Bill for Rejected Quantity in Purchase Invoice,Alış Faturasındaki Reddedilen Miktar için Fatura,
Bill of Materials,Ürün Ağacı,
Billed,Faturalandı,
Billed Amount,Fatura Tutarı,
Billed Amt,Fatura Tutarı,
Billed Items To Be Received,Alınacak Faturalı Ürünler,
Billed Qty,Faturalanan Miktar,
"Billed, Received & Returned","Faturalandı, Teslim Alındı & İade Edildi",
Billing Address,Fatura Adresi,
Billing Address Details,Fatura Adresi Bilgileri,
Billing Address Name,Fatura Adresi Adı,
Billing Amount,Fatura Tutarı,
Billing City,Faturalandırma Şehri,
Billing Country,Faturalandırma Ülkesi,
Billing County,Faturalandırma Bölgesi,
Billing Currency,Fatura Para Birimi,
Billing Date,Fatura Tarihi,
Billing Details,Fatura Detayları,
Billing Email,Fatura E-postası,
Billing Hours,Fatura Saati,
Billing Interval,Faturalama Aralığı,
Billing Interval Count,Faturalama Aralığı Sayısı,
Billing Interval Count cannot be less than 1,Faturalandırma Aralığı Sayısı 1'den az olamaz,
Billing Interval in Subscription Plan must be Month to follow calendar months,Abonelik Planındaki Fatura Aralığı takvim aylarını takip etmek için Aylık olmalıdır,
Billing Rate,Fatura Tutarı,
Billing State,Fatura Durumu,
Billing Status,Fatura Durumu,
Billing Zipcode,Fatura Posta Kodu,
Billing currency must be equal to either default company's currency or party account currency,"Fatura para birimi, şirketin varsayılan para birimi veya carinin hesap para birimi ile aynı olmalıdır.",
Bin,Stok Hücresi,
Bio / Cover Letter,Biyo / Ön Yazı,
Bisect Accounting Statements,İkiye Bölünmüş Muhasebe Tabloları,
Bisect Left,Sola İkiye Böl,
Bisect Nodes,Grupları İkiye Böl,
Bisect Right,Sağa İkiye Böl,
Bisecting From,Bölme Başlangıcı,
Bisecting Left ...,Sola İkiye Bölünüyor...,
Bisecting Right ...,Sağ İkiye Bölünüyor...,
Bisecting To,İkiye Bölme,
Black,Siyah,
Blanket Order,Açık Sipariş,
Blanket Order Allowance (%),Genel Sipariş Ödeneği (%),
Blanket Order Item,Açık Sipariş Ürünü,
Blanket Order Rate,Genel Sipariş Fiyatı,
Block Invoice,Faturayı Engelle,
Block Supplier,Tedarikçiye Engelleme Getir,
Blog Subscriber,Blog Aboneliği,
Blood Group,Kan Grubu,
Blue,Mavi,
Body,Vücut,
Body Text,Gövde Metni,
Body and Closing Text Help,Gövde ve Kapanış Metni Yardımı,
Bom No,Ürün Ağacı No,
Book Advance Payments as Liability option is chosen. Paid From account changed from {0} to {1}.,Avans Ödemelerini Borç Olarak Kaydet seçeneği seçildi. Ödeme Hesabı {0} hesabından {1} olarak değiştirildi.,
Book Advance Payments in Separate Party Account,Avans Ödemelerini Ayrı Bir Hesaba Kaydet,
Book Appointment,Randevu Kaydı,
Book Asset Depreciation Entry Automatically,Varlık Amortisman Girişini Otomatik Olarak Kaydet,
Book Deferred Entries Based On,Ertelenmiş Kayıtların Temeli,
Book Deferred Entries Via Journal Entry,Ertelenmiş Kayıtları Yevmiye Defteri Aracılığıyla Oluştur,
Book Tax Loss on Early Payment Discount,Erken Ödeme İndirimi ile Vergi Kaybını Kaydet,
Book an appointment,Randevu oluşturun,
Booked,Rezerve,
Booked Fixed Asset,Ayrılmış Sabit Varlık,
Booking stock value across multiple accounts will make it harder to track stock and account value.,"Stok değerinin birden fazla hesaba kaydedilmesi, stok ve hesap değerinin izlenmesini zorlaştıracaktır.",
Books have been closed till the period ending on {0},Defterler {0} adresinde sona eren döneme kadar kapatılmıştır.,
Both,Her ikisi de,
Both Payable Account: {0} and Advance Account: {1} must be of same currency for company: {2},Hem Borç Hesabı: {0} hem de Avans Hesabı: {1} şirket için aynı para biriminde olmalıdır: {2},
Both Receivable Account: {0} and Advance Account: {1} must be of same currency for company: {2},Hem Alacak Hesabı: {0} hem de Avans Hesabı: {1} şirket için aynı para biriminde olmalıdır: {2},
Both Trial Period Start Date and Trial Period End Date must be set,Hem Deneme Süresi Başlangıç Tarihi hem de Deneme Süresi Bitiş Tarihi ayarlanmalıdır,
Both {0} Account: {1} and Advance Account: {2} must be of same currency for company: {3},Hem {0} Hesap: {1} hem de Avans Hesap: {2} şirket için aynı para biriminde olmalıdır: {3},
Branch,Görev Bölümü,
Branch Code,Şube Kodu,
Brand,Marka,
Brand Defaults,Marka Varsayılanları,
Brand Name,Marka Adı,
Breakdown,Arıza,
Browse BOM,Ürün Ağacına Gözat,
Budget,Bütçe,
Budget Account,Bütçe Hesabı,
Budget Accounts,Bütçe Hesapları,
Budget Against,Bütçe Karşılığı,
Budget Amount,Bütçe Tutarı,
Budget Detail,Bütçe Detayı,
Budget Exceeded,Bütçe Aşıldı,
Budget List,Bütçe Listesi,
Budget Variance Report,Bütçe Fark Raporu,
Budget cannot be assigned against Group Account {0},Grup Hesabı {0} için bütçe atanamaz,
"Budget cannot be assigned against {0}, as it's not an Income or Expense account","Bütçe, {0} için atanamaz çünkü bu bir Gelir veya Gider hesabı değildir",
Budgets,Bütçeler,
Build All?,Tümünü Oluştur?,
Build Tree,Ağaç Oluştur,
Buildable Qty,Üretilebilir Miktar,
Buildings,Binalar,
Bulk Rename Jobs,Toplu Yeniden Adlandırma İşleri,
Bulk Transaction Log,Toplu İşlem Günlüğü,
Bulk Transaction Log Detail,Toplu İşlem Günlüğü Detayı,
Bundle Items,Paket Ürünler,
Bundle Qty,Paket Miktarı,
Busy,Meşgul,
Buy,Satın Alma,
Buyer of Goods and Services.,Ürünler ve Hizmetlerin Alıcısı.,
Buying,Satın Alma,
Buying & Selling Settings,Alış ve Satış Ayarları,
Buying Amount,Alış Tutarı,
Buying Price List,Alış Fiyat Listesi,
Buying Rate,Alış Fiyatı,
Buying Settings,Satın Alma Ayarları,
Buying and Selling,Alış ve Satış,
"Buying must be checked, if Applicable For is selected as {0}","Eğer uygulanabilir {0} olarak seçilirse, Satın Alma işaretlenmelidir",
"By default, the Supplier Name is set as per the Supplier Name entered. If you want Suppliers to be named by a <a href='https://docs.erpnext.com/docs/user/manual/en/setting-up/settings/naming-series' target='_blank'>Naming Series</a> choose the 'Naming Series' option.","Varsayılan olarak Tedarikçi Adı, girilen Tedarikçi Adına göre ayarlanır. Tedarikçilerin <a href='https://docs.erpnext.com/docs/user/manual/en/setting-up/settings/naming-series' target='_blank'>Adlandırma Serisi</a> ile adlandırılmasını istiyorsanız 'Seri Adlandırma' seçeneğini seçin.",
Bypass Credit Limit Check at Sales Order,Satış Limiti Kontrolünü Atla,
Bypass credit check at Sales Order,Satış Siparişinde Borç Limiti Kontrolünü Atla,
CANCELLED,İPTAL EDİLDİ,
CC,Bilgi,
CC To,CC için,
CODE-39,CODE-39,
COGS By Item Group,Ürün Grubuna Göre Satılan Malın Maliyeti,
COGS Debit,Satılan Malın Maliyeti Borç Kaydı,
CRM,Müşteri Yönetimi,
CRM Note,CRM Notu,
CRM Settings,Müşteri Yönetimi Ayarları,
CWIP Account,CWIP Hesabı,
Calculate Based On,Hesaplama Yöntemi,
Calculate Depreciation,Amortismanı Hesapla,
Calculate Estimated Arrival Times,Tahmini Varış Sürelerini Hesaplayın,
Calculate Product Bundle Price based on Child Items' Rates,Alt Ürünler Fiyatlarına Göre Ürün Paket Fiyatını Hesapla,
Calculate daily depreciation using total days in depreciation period,Amortisman dönemindeki toplam gün sayısını kullanarak günlük amortismanı hesaplayın,
Calculated Bank Statement balance,Hesaplanan Banka Hesap Özeti bakiyesi,
Calculations,Hesaplamalar,
Calendar Event,Takvim Etkinliği,
Calibration,Kalibrasyon,
Call Again,Tekrar Ara,
Call Connected,Çağrı Bağlandı,
Call Details,Çağrı Ayrıntıları,
Call Duration in seconds,Çağrı Süresi saniye oalrak,
Call Ended,Görüşme Sonlandı,
Call Handling Schedule,Çağrı Yönetim Programı,
Call Log,Çağrı Geçmişi,
Call Missed,Cevapsız Çağrı,
Call Received By,Çağrı Alındı,
Call Receiving Device,Çağrı Alma Cihazı,
Call Routing,Çağrı Yönlendirme,
Call Schedule Row {0}: To time slot should always be ahead of From time slot.,Çağrı Programı Satırı {0}: Kime zaman aralığı her zaman Kimden zaman aralığının önünde olmalıdır.,
Call Summary,Çağrı Özeti,
Call Summary Saved,Çağrı Özeti Kaydedildi,
Call Type,Çağrı Türü,
Callback,Geri ara,
Campaign,Kampanya,
Campaign Efficiency,Kampanya Verimliliği,
Campaign Email Schedule,Kampanya E-posta Programı,
Campaign Item,Kampanya Ürünü,
Campaign Name,Kampanya İsmi,
Campaign Naming By,Kampanya Adlandırması,
Campaign Schedules,Kampanya Takvimleri,
Can be approved by {0},{0} tarafından onaylanabilir,
Can not close Work Order. Since {0} Job Cards are in Work In Progress state.,{0} İş Kartı Devam Ediyor durumunda olduğu için İş Emri kapatılamıyor.,
"Can not filter based on Cashier, if grouped by Cashier",Kasiyere göre gruplandırılmışsa Kasiyere göre filtre olamaz,
"Can not filter based on Child Account, if grouped by Account",Hesaba göre gruplanmışsa Alt Hesaba göre filtreleme yapılamaz,
"Can not filter based on Customer, if grouped by Customer",Müşteriye göre gruplandırılmışsa Müşteriye göre filtreleme yapılamaz,
"Can not filter based on POS Profile, if grouped by POS Profile","POS Profiline göre gruplandırılırsa, POS Profiline göre filtreleme yapılamaz",
"Can not filter based on Payment Method, if grouped by Payment Method","Ödeme Yöntemine göre gruplandırılırsa, Ödeme Yöntemine göre filtreleme yapılamaz",
"Can not filter based on Voucher No, if grouped by Voucher","Belgelerle gruplandırılmışsa, Belge No ile filtreleme yapılamaz.",
Can only make payment against unbilled {0},Sadece faturalandırılmamış ödemeler yapılabilir {0},
Can refer row only if the charge type is 'On Previous Row Amount' or 'Previous Row Total',Yalnızca ücret türü 'Önceki Satır Tutarında' veya 'Önceki Satır Toplamında' ise satıra referans verebilir,
"Can't change the valuation method, as there are transactions against some items which do not have its own valuation method",Kendi değerleme yöntemi olmayan bazı kalemlere karşı işlemler olduğu için değerleme yöntemi değiştirilemez,
Cancel,İptal,
Cancel At End Of Period,Dönem Sonunda İptal,
Cancel Material Visit {0} before cancelling this Warranty Claim,Bu Garanti Talebini iptal etmeden önce Malzeme Ziyaretini {0} iptal edin,
Cancel Material Visits {0} before cancelling this Maintenance Visit,Bu bakım ziyaretini iptal etmeden önce malzeme ziyaretlerini {0} iptal edin,
Cancel Subscription,Aboneliği İptal Et,
Cancel Subscription After Grace Period,Ek Süreden Sonra Aboneliği İptal Et,
Cancelation Date,İptal Tarihi,
Canceled,İptal Edildi,
Cancelled,İptal Edildi,
Cannot Calculate Arrival Time as Driver Address is Missing.,Sürücü Adresi Eksik Olduğu İçin Varış Saati Hesaplanamıyor.,
Cannot Create Return,İade Oluşturulamıyor,
Cannot Merge,Birleştirilemez,
Cannot Optimize Route as Driver Address is Missing.,Sürücü Adresi Eksik Olduğu İçin Rota Optimize Edilemiyor.,
Cannot Relieve Employee,Çalışan İşten Ayrılamıyor,
Cannot Resubmit Ledger entries for vouchers in Closed fiscal year.,Kapalı mali yıldaki fişler için Defter girişleri Yeniden Gönderilemez.,
"Cannot amend {0} {1}, please create a new one instead.","{0} {1} değiştirilemiyor, lütfen bunu düzenlemek yerine yeni bir tane oluşturun.",
Cannot apply TDS against multiple parties in one entry,Bir girişte birden fazla tarafa karşı Stopaj Vergisi uygulanamaz,
Cannot be a fixed asset item as Stock Ledger is created.,Stok Defterine girişi olan bir kalem Sabit Varlık olarak ayarlanamaz.,
Cannot cancel as processing of cancelled documents is pending.,İptal edilen belgelerin işlenmesi beklemede olduğundan iptal edilemiyor.,
Cannot cancel because submitted Stock Entry {0} exists,Gönderilen Stok Girişi {0} mevcut olduğundan iptal edilemiyor,
Cannot cancel the transaction. Reposting of item valuation on submission is not completed yet.,İşlem iptal edilemiyor. Gönderim sırasında Ürün değerlemesinin yeniden yayınlanması henüz tamamlanmadı.,
Cannot cancel transaction for Completed Work Order.,Tamamlanan İş Emri için işlem iptal edilemez.,
Cannot change Attributes after stock transaction. Make a new Item and transfer stock to the new Item,Stok işlemi sonrasında Özellikler değiştirilemez. Yeni bir Ürün oluşturun ve stoğu yeni Ürüne aktarmayı deneyin.,
Cannot change Fiscal Year Start Date and Fiscal Year End Date once the Fiscal Year is saved.,Mali Yıl Başlangıç Tarihi ve Mali Yılı kaydedildikten sonra Mali Yıl Sonu Tarihini değiştiremezsiniz.,
Cannot change Reference Document Type.,Referans Belge Türü değiştirilemiyor.,
Cannot change Service Stop Date for item in row {0},{0} satırındaki öğe için Hizmet Durdurma Tarihi değiştirilemiyor,
Cannot change Variant properties after stock transaction. You will have to make a new Item to do this.,Stok işlemi sonrasında Varyant özellikleri değiştirilemez. Bunu yapmak için yeni bir Ürün oluşturmanız gerekecektir.,
"Cannot change company's default currency, because there are existing transactions. Transactions must be cancelled to change the default currency.",Şirketin varsayılan para birimi değiştirilemiyor çünkü mevcut işlemler var. Varsayılan para birimini değiştirmek için işlemlerin iptal edilmesi gerekiyor.,
Cannot complete task {0} as its dependant task {1} are not completed / cancelled.,{0} görevi tamamlanamıyor çünkü bağımlı görevi {1} tamamlanmadı/iptal edilmedi.,
Cannot convert Cost Center to ledger as it has child nodes,Alt kırılımları olduğundan Maliyet Merkezi muhasebe defterine dönüştürülemiyor,
Cannot convert Task to non-group because the following child Tasks exist: {0}.,Aşağıdaki alt Görevler mevcut olduğundan Görev grup dışı olarak dönüştürülemiyor: {0}.,
Cannot convert to Group because Account Type is selected.,Hesap Türü seçili olduğundan Gruba dönüştürülemiyor.,
Cannot covert to Group because Account Type is selected.,Hesap Türü seçili olduğundan Gruba dönüştürülemiyor.,
Cannot create Stock Reservation Entries for future dated Purchase Receipts.,İleri tarihli Alış İrsaliyeleri için Stok Rezervasyon Girişleri oluşturulamıyor.,
Cannot create a pick list for Sales Order {0} because it has reserved stock. Please unreserve the stock in order to create a pick list.,Rezerve stok olduğundan {0} Satış Siparişi için bir Çekme Listesi oluşturulamıyor. Çekme Listesi oluşturmak için lütfen stok rezervini kaldırın.,
Cannot create accounting entries against disabled accounts: {0},Devre dışı bırakılan hesaplar için muhasebe girişleri oluşturulamıyor: {0},
Cannot deactivate or cancel BOM as it is linked with other BOMs,Diğer Ürün Ağaçları ile bağlantılı olan bir Ürün Ağacı iptal edilemez.,
"Cannot declare as lost, because Quotation has been made.","Kayıp olarak belirtilemez, çünkü Fiyat Teklifi verilmiş.",
Cannot deduct when category is for 'Valuation' or 'Valuation and Total','Değerleme' veya 'Değerleme ve Toplam' kategorisi için çıkarma işlemi yapılamaz.,
Cannot delete Exchange Gain/Loss row,Kur Farkı Satırı Silinemiyor,
"Cannot delete Serial No {0}, as it is used in stock transactions",{0} Seri Numarası stok işlemlerinde kullanıldığından silinemiyor,
Cannot enqueue multi docs for one company. {0} is already queued/running for company: {1},Bir şirket için birden fazla belge sıraya alınamıyor. {0} zaten şu şirket için sıraya alındı/çalışıyor: {1},
Cannot ensure delivery by Serial No as Item {0} is added with and without Ensure Delivery by Serial No.,"{0} Ürünü Seri No ile ""Teslimatı Sağla ile ve Seri No ile Teslimatı Sağla"" olmadan eklendiğinden, Seri No ile teslimat sağlanamaz.",
Cannot find Item with this Barcode,Bu Barkoda Sahip Ürün Bulunamadı,
Cannot find a default warehouse for item {0}. Please set one in the Item Master or in Stock Settings.,{0} ürünü için varsayılan bir depo bulunamadı. Lütfen Ürün Ana Verisi'nde veya Stok Ayarları'nda bir tane ayarlayın.,
Cannot make any transactions until the deletion job is completed,Silme işi tamamlanana kadar herhangi bir işlem yapılamaz,
Cannot produce more Item {0} than Sales Order quantity {1},{0} Ürünü için Sipariş Miktarı {1} adetten daha fazla üretilemez.,
Cannot produce more item for {0},{0} için daha fazla ürün üretilemiyor,
Cannot produce more than {0} items for {1},{1} için {0} Üründen fazlasını üretemezsiniz,
Cannot receive from customer against negative outstanding,Negatif bakiye karşılığında müşteriden teslim alınamıyor,
Cannot refer row number greater than or equal to current row number for this Charge type,Bu ücret türü için geçerli satır numarasından büyük veya bu satır numarasına eşit satır numarası verilemiyor,
Cannot retrieve link token for update. Check Error Log for more information,Güncelleme için bağlantı token'ı alınamıyor. Daha fazla bilgi için Hata Günlüğünü kontrol edin,
Cannot retrieve link token. Check Error Log for more information,Güncelleme için bağlantı token'ı alınamıyor. Daha fazla bilgi için Hata Günlüğünü kontrol edin,
Cannot select charge type as 'On Previous Row Amount' or 'On Previous Row Total' for first row,İlk satır için ücret türü 'Önceki Satır Tutarı Üzerinden' veya 'Önceki Satır Toplamı Üzerinden' olarak seçilemiyor,
Cannot set as Lost as Sales Order is made.,Satış Siparişi verildiği için Kayıp olarak ayarlanamaz.,
Cannot set authorization on basis of Discount for {0},{0} için İndirim bazında yetkilendirme ayarlanamıyor,
Cannot set multiple Item Defaults for a company.,Bir şirket için birden fazla Ürün Varsayılanı belirlenemez.,
Cannot set quantity less than delivered quantity,Teslim edilen miktardan daha az miktar ayarlanamıyor,
Cannot set quantity less than received quantity,Alınan miktardan daha az miktar ayarlanamıyor,
Cannot set the field <b>{0}</b> for copying in variants,Değişkenlere kopyalamak için <b>{0}</b> alanı ayarlanamıyor,
Cannot {0} from {1} without any negative outstanding invoice,{1} üzerinde herhangi bir negatif açık faturası olmadan {0} yapılamaz,
Canonical URI,Benzersiz URL,
Capacity,Kapasite,
Capacity (Stock UOM),Kapasite (Stok Birimi),
Capacity Planning,Kapasite Planlaması,
"Capacity Planning Error, planned start time can not be same as end time","Kapasite Planlama Hatası, planlanan başlangıç zamanı bitiş zamanı ile aynı olamaz",
Capacity Planning For (Days),Kapasite Planlama (Gün),
Capacity in Stock UOM,Stok Birimindeki Kapasite,
Capacity must be greater than 0,Kapasite 0'dan büyük olmalıdır,
Capital Equipment,Sermaye Ekipmanı,
Capital Stock,Sermaye Stoku,
Capital Work In Progress Account,Devam Eden İş Sermaye Hesabı,
Capital Work in Progress,Devam Eden Sermaye,
Capitalize Asset,Varlığı Sermayeleştir,
Capitalize Repair Cost,Onarım Maliyetini Aktifleştir,
Capitalized,Sermayeleştirildi,
Carrier,Taşıyıcı,
Carrier Service,Taşıma Hizmeti,
Carry Forward Communication and Comments,İletişimi ve Yorumları Devret,
Cash,Nakit,
Cash Entry,Nakit Girişi,
Cash Flow,Nakit Akışı,
Cash Flow Statement,Nakit Akış Tablosu,
Cash Flow from Financing,Finansmandan Nakit Akışı,
Cash Flow from Investing,Yatırımdan Kaynaklanan Nakit Akışı,
Cash Flow from Operations,Operasyonlardan Nakit Akışı,
Cash In Hand,Eldeki Nakit,
Cash or Bank Account is mandatory for making payment entry,Ödeme girişi yapmak için Nakit veya Banka Hesabı zorunludur,
Cash/Bank Account,Kasa / Banka Hesabı,
Cashier,Kasiyer,
Cashier Closing,Kasa Kapanışı,
Cashier Closing Payments,Kasa Kapanış Ödemeleri,
Catch All,Tümünü Yakala,
Categorize by Account,Hesaba Göre Kategorilendir,
Categorize by Item,Ürüne Göre,
Categorize by Party,Cariye Göre,
Categorize by Supplier,Tedarikçiye Göre,
Categorize by Voucher,Faturaya Göre,
Categorize by Voucher (Consolidated),Faturaya Göre (Konsolide),
Category,Kategori,
Category Details,Kategori Detayları,
Category Name,Kategori Adı,
Category-wise Asset Value,Kategori Bazında Varlık Değeri,
Caution,Dikkat,
Caution: This might alter frozen accounts.,Dikkat: Bu işlem dondurulmuş hesapları değiştirebilir.,
Cellphone Number,Cep Telefonu Numarası,
Certificate,Sertifika,
Certificate Details,Sertifika Ayrıntıları,
Certificate Limit,Sertifika Limiti,
Certificate No,sertifika numarası,
Certificate Required,Sertifika Gerekli,
Change Amount,Değişim Tutarı,
Change Release Date,Yayın Tarihi Değiştir,
Change in Stock Value,Stok Değerindeki Değişim,
Change the account type to Receivable or select a different account.,Hesap türünü Alacak olarak değiştirin veya farklı bir hesap seçin.,
Change this date manually to setup the next synchronization start date,Sonraki senkronizasyon başlangıç tarihini ayarlamak için bu tarihi manuel olarak değiştirin.,
Changed customer name to '{}' as '{}' already exists.,'{}' zaten mevcut olduğundan müşteri adı '{}' olarak değiştirildi.,
Changes,Değişiklikler,
Changes in {0},{0} adresindeki değişiklikler,
Changing Customer Group for the selected Customer is not allowed.,Seçilen Müşteri için Müşteri Grubunu değiştirmeye izin verilmiyor.,
Channel Partner,Kanal Ortağı,
Charge of type 'Actual' in row {0} cannot be included in Item Rate or Paid Amount,{0} satırındaki 'Gerçekleşen' türündeki ücret Kalem Oranına veya Ödenen Tutara dahil edilemez,
Chargeable,Ücretlendirilebilir,
Charges Incurred,Yapılan Ücretler,
Charges are updated in Purchase Receipt against each item,Her bir Kalem için Satın Alma İrsaliyesindeki masraflar güncellendi,
"Charges will be distributed proportionately based on item qty or amount, as per your selection","Seçiminize göre, masraflar ürün miktarına veya tutarına göre orantılı olarak dağıtılacaktır.",
Chart,Grafik,
Chart Of Accounts,Hesap Planları,
Chart Of Accounts Template,Hesap Planı Şablonu,
Chart Preview,Grafik Önizleme,
Chart Tree,Grafik Ağacı,
Chart of Accounts,Hesap Planı,
Chart of Accounts Importer,Hesap Planı İçeri Aktarma,
Chart of Cost Centers,Maliyet Merkezleri Grafiği,
Charts Based On,Grafiklere Göre,
Chassis No,Şasi No,
Chat,Sohbet,
Check Supplier Invoice Number Uniqueness,Tedarikçi Fatura Numarasının Benzersizliğini Kontrol Edin,
Check if it is a hydroponic unit,Hidroponik bir birim olup olmadığını kontrol edin,
Check if material transfer entry is not required,Eğer hammadde transferi gerekmiyorsa bunu işaretleyin.,
Check in (group),Giriş (Grup),
Check this to disallow fractions. (for Nos),Kesirlere izin vermemek için bunu işaretleyin.,
Checked On,Kontrol Edildi,
Checking this will round off the tax amount to the nearest integer,Bu işaretlendiğinde vergi tutarı en yakın tam sayıya yuvarlanır,
Checkout,Ödeme,
Checkout Order / Submit Order / New Order,Ödeme Siparişi / Sipariş Gönder / Yeni Sipariş,
Cheque,Çek,
Cheque Date,Çek Tarihi,
Cheque Height,Çek Yükseklik,
Cheque Number,Çek No,
Cheque Print Template,Çek Yazdırma Şablonu,
Cheque Size,Çek Boyut,
Cheque Width,Çek Genişliği,
Cheque/Reference Date,İşlem Tarihi,
Cheque/Reference No,İşlem No,
Cheques Required,Gerekli Çekler,
Cheques and Deposits Incorrectly cleared,Çekler ve Mevduatlar Hatalı Şekilde Temizlenmiş,
Cheques and Deposits incorrectly cleared,Çekler ve Mevduatlar yanlış şekilde temizlendi,
Child Docname,Alt Dokuman Adı,
Child Row Reference,Alt Satır Referansı,
Child Task exists for this Task. You can not delete this Task.,Bu Görev için Alt Görev mevcut. Bu Görevi silemezsiniz.,
Child nodes can be only created under 'Group' type nodes,Alt elemanlar yalnızca 'Grup' altında oluşturulabilir.,
Child warehouse exists for this warehouse. You can not delete this warehouse.,Bu depo için alt depo mevcut. Bu depoyu silemezsiniz.,
Circular Reference Error,Dairesel Referans Hatası,
City,Şehir,
Class / Percentage,Fakülte,
Classification of Customers by region,Müşterilerin Bölgeye Göre Sınıflandırılması,
Clauses and Conditions,Şartlar ve Koşullar,
Clear,Açık,
Clear Demo Data,Demo Verilerini Temizle,
Clear Notifications,Bildirimleri Temizle,
Clear Table,Tabloyu Temizle,
Clearance Date,Tahsilat Tarihi,
Clearance Date not mentioned,Ödeme Tarihi belirtilmedi,
Clearance Date updated,Ödeme Tarihi güncellendi,
Clearing Demo Data...,Demo Verileri Temizleniyor...,
Click on 'Get Finished Goods for Manufacture' to fetch the items from the above Sales Orders. Items only for which a BOM is present will be fetched.,Yukarıdaki Satış Siparişlerinden öğeleri almak için 'Üretim İçin Bitmiş Ürünleri Al'a tıklayın. Yalnızca Ürün Ağacı bulunan Ürünler alınacaktır.,
Click on Add to Holidays. This will populate the holidays table with all the dates that fall on the selected weekly off. Repeat the process for populating the dates for all your weekly holidays,"Tatillere Ekle'ye tıklayın. Bu işlem, tatiller tablosunu seçilen haftalık izin gününe denk gelen tüm tarihlerle dolduracaktır. Tüm haftalık tatillerinizin tarihlerini doldurmak için işlemi tekrarlayın",
Click on Get Sales Orders to fetch sales orders based on the above filters.,Yukarıdaki filtrelere göre satış siparişlerini almak için Satış Siparişlerini Getir butonuna tıklayın.,
Click on Import Invoices button once the zip file has been attached to the document. Any errors related to processing will be shown in the Error Log.,Zip dosyası belgeye eklendikten sonra Faturaları İçe Aktar düğmesine tıklayın. İşlemeyle ilgili tüm hatalar Hata Günlüğünde gösterilir.,
Click on the link below to verify your email and confirm the appointment,E-postanızı doğrulamak ve randevuyu onaylamak için aşağıdaki formu tıklayın,
Click to add email / phone,E-posta / telefon eklemek için tıklayın,
Client,Müşteri,
Close,Kapat,
Close Issue After Days,Sorunu Kapat (gün sonra),
Close Loan,Borcu Kapat,
Close Replied Opportunity After Days,Yanıtlanan Fırsatı Kapat (gün sonra),
Close the POS,POS'u Kapat,
Closed,Kapandı,
Closed Document,Kapalı Belge,
Closed Documents,Kapalı Belgeler,
Closed Work Order can not be stopped or Re-opened,Kapatılan İş Emri durdurulamaz veya Yeniden Açılamaz,
Closed order cannot be cancelled. Unclose to cancel.,Kapalı sipariş iptal edilemez. İptal etmek için önce açın.,
Closing,Kapanış,
Closing (Cr),Kapanış Alacağı,
Closing (Dr),Kapanış Borcu,
Closing (Opening + Total),Kapanış (Açılış + Toplam),
Closing Account Head,Kapanış Hesabı,
Closing Account {0} must be of type Liability / Equity,"Kapanış Hesabı {0}, Borç / Sermaye türünde olmalıdır",
Closing Amount,Kapanış Tutarı,
Closing Balance,Kapanış Bakiyesi,
Closing Balance as per Bank Statement,Banka Hesap Özetine Göre Kapanış Bakiyesi,
Closing Balance as per ERP,ERP'ye göre Kapanış Bakiyesi,
Closing Date,Kapanış Tarihi,
Closing Text,Kapanış Metni,
Closing [Opening + Total] ,Kapanış [Açılış + Toplam] ,
Code,Kod,
Code List,Kod Listesi,
Collapse All,Tümünü Daralt,
Collect Progress,İlerlemeyi Takip Et,
Collection Factor (=1 LP),Toplama Faktörü (= 1 LP),
Collection Rules,Koleksiyon Kuralları,
Collection Tier,Koleksiyon Katmanı,
Color,Renk,
Colour,Renk,
Column in Bank File,Banka Ekstresindeki Sütun,
Column {0},{0} sütunu,
Columns are not according to template. Please compare the uploaded file with standard template,Sütunlar şablona göre değil. Lütfen yüklenen dosyayı standart şablonla karşılaştırın,
Combined invoice portion must equal 100%,Birleştirilmiş fatura kısmı %100'e eşit olmalıdır,
Comments,Yorumlar,
Commercial,Ticari,
Commission,Komisyon,
Commission Rate,Komisyon Oranı,
Commission Rate %,Komisyon Oranı %,
Commission Rate (%),Komisyon Oranı (%),
Commission on Sales,Satış Komisyonu,
Common Code,Ortak Kod,
Communication,İletişim,
Communication Channel,İletişim Türü,
Communication Medium,Medya Haberleşmesi,
Communication Medium Timeslot,İletişim Aracı Zaman Dilimi,
Communication Medium Type,İletişim Orta İpucu,
Compact Item Print,Kompakt Ürün Baskısı,
Companies,Şirketler,
Company,Şirket,
Company Abbreviation,Şirket Kısaltması,
Company Abbreviation cannot have more than 5 characters,Şirket Kısaltması 5 karakterden uzun olamaz,
Company Account,Şirket Hesabı,
Company Address,Firma Adresi,
Company Address Display,Şirket Adres Gösterimi,
Company Address Name,Şirket Adresi Adı,
Company Bank Account,Şirket Banka Hesabı,
Company Billing Address,Fatura Adresi,
Company Contact Person,Şirket İrtibat Kişisi,
Company Description,Şirket Tanımı,
Company Details,Şirket Detayları,
Company Email,Şirket E-postası,
Company Logo,Şirket Logosu,
Company Name,Şirket Adı,
Company Name cannot be Company,"Şirket Adı ""Şirket"" olamaz",
Company Not Linked,Şirket Bağlı Değil,
Company Shipping Address,Teslimat Adresi,
Company Tax ID,Şirket Vergi Numarası,
Company and Posting Date is mandatory,Şirket ve Kaydetme Tarihi zorunludur,
Company currencies of both the companies should match for Inter Company Transactions.,Şirketler Arası İşlemler için her iki şirketin para birimlerinin eşleşmesi gerekir.,
Company field is required,Şirket alanı gereklidir,
Company is mandatory,Şirket zorunludur,
Company is mandatory for company account,Şirket hesabı için şirket zorunludur,
Company is mandatory for generating an invoice. Please set a default company in Global Defaults.,Fatura oluşturmak için şirket zorunludur. Lütfen Global Varsayılanlar'da varsayılan bir şirket ayarlayın.,
Company name not same,Şirket adı aynı değil,
Company of asset {0} and purchase document {1} doesn't matches.,{0} varlık ve {1} satın alma belgesi eşleşmiyor.,
Company registration numbers for your reference. Tax numbers etc.,Referans için şirket kayıt numaraları. Vergi numaraları vb.,
Company which internal customer represents,İç müşterinin temsil ettiği şirket,
Company which internal customer represents.,İç müşterinin temsil ettiği şirket.,
Company which internal supplier represents,Dahili tedarikçinin temsil ettiği şirket,
Company {0} added multiple times,{0} şirketi birden fazla kez eklendi,
Company {0} does not exist,{0} Şirketi mevcut değil,
Company {0} is added more than once,Şirket {0} birden fazla kez eklendi,
Company {} does not exist yet. Taxes setup aborted.,{} şirketi henüz mevcut değil. Vergi kurulumu iptal edildi.,
Company {} does not match with POS Profile Company {},"{} Şirketi, {} Şirketi POS Profili ile eşleşmiyor",
Competitor,Rakip,
Competitor Detail,Rakip Detayları,
Competitor Name,Rakip Adı,
Competitors,Rakipler,
Complete,Tamamla,
Complete Job,İşi Tamamla,
Complete Order,Siparişi Tamamla,
Completed,Tamamlandı,
Completed By,Tamamlayan,
Completed On,Tamamlanma Tarihi,
Completed On cannot be greater than Today,Tamamlanma Tarihi Bugünden büyük olamaz,
Completed Operation,Tamamlanan Operasyon,
Completed Qty,Tamamlanan Miktar,
Completed Qty cannot be greater than 'Qty to Manufacture',"Tamamlanan Miktar, Üretilecek Miktardan fazla olamaz.",
Completed Quantity,Tamamlanan Miktar,
Completed Tasks,Tamamlanan Görevler,
Completed Time,Tamamlanma Zamanı,
Completed Work Orders,Tamamlanan İş Emirleri,
Completion,Tamamlanma,
Completion By,Tamamlanma Tarihi,
Completion Date,Tamamlanma Tarihi,
Completion Date can not be before Failure Date. Please adjust the dates accordingly.,Tamamlanma Tarihi Arıza Tarihinden önce olamaz. Lütfen tarihleri buna göre ayarlayın.,
Completion Status,Tamamlanma Durumu,
Comprehensive Insurance,Kapsamlı Sigorta,
Computer,Bilgisayar,
Condition,Koşul,
Conditional Rule,Koşullu Kural,
Conditional Rule Examples,Koşullu Kural Örnekleri,
Conditions will be applied on all the selected items combined. ,Seçilen tüm seçeneklere birleştirilmiş yapı uygulanacaktır.,
Configuration,Yapılandırma,
Configure Product Assembly,Ürün Montajını Yapılandırma,
Configure the action to stop the transaction or just warn if the same rate is not maintained.,İşlemi durdurmak için eylemi yapılandırın veya aynı oran korunmazsa sadece uyarı verin.,
Configure the default Price List when creating a new Purchase transaction. Item prices will be fetched from this Price List.,Yeni bir Satın Alma işlemi oluştururken varsayılan Fiyat Listesini yapılandırın. Ürün fiyatları bu Fiyat Listesinden alınacaktır.,
Confirmation Date,Onay Tarihi,
Connections,Bağlantılar,
Consider Accounting Dimensions,Muhasebe Boyutları,
Consider Entire Party Ledger Amount,Tüm Parti Defteri Tutarını Dikkate Alın,
Consider Minimum Order Qty,Minimum Sipariş Miktarını Dikkate Al,
Consider Rejected Warehouses,Red Depolarını Dahil Et,
Consider Tax or Charge for,Dikkate Alınan Vergi veya Ücret,
Considered In Paid Amount,Ödenen Tutar İçerisinde Sayılır,
Consolidate Sales Order Items,Satış Siparişi Ürünlerini Birleştir,
Consolidate Sub Assembly Items,Alt Montaj Öğelerini Birleştirin,
Consolidated,konsolide,
Consolidated Credit Note,Konsolide Alacak Dekontu,
Consolidated Financial Statement,Konsolide Finansal Tablolar,
Consolidated Sales Invoice,Konsolide Satış Faturası,
Consultant,Danışman,
Consumable,Sarf Malzemesi,
Consumable Cost,Sarf Malzemesi Maliyeti,
Consumed,Tüketilen,
Consumed Amount,Tüketilen Miktar,
Consumed Asset Total Value,Tüketilen Varlık Toplam Değeri,
Consumed Assets,Tüketilen Varlıklar,
Consumed Items,Tüketilen Ürünler,
Consumed Qty,Tüketilen Miktar,
Consumed Qty cannot be greater than Reserved Qty for item {0},"Tüketilen Miktar, {0} öğesi için Ayrılmış Miktardan büyük olamaz",
Consumed Quantity,Tüketilen Miktar,
Consumed Stock Items,Tüketilen Stok Ürünleri,
"Consumed Stock Items, Consumed Asset Items or Consumed Service Items is mandatory for Capitalization","Tüketilen Stok Kalemleri, Tüketilen Varlık Kalemleri veya Tüketilen Hizmet Kalemleri Aktifleştirme için zorunludur",
Consumed Stock Total Value,Tüketilen Stok Toplam Değeri,
Consumption Rate,Tüketim Oranı,
Contact,Kişi,
Contact Desc,İrtibat Azalt,
Contact Details,İletişim Detayları,
Contact Email,İletişim E-Posta,
Contact HTML,İletişim HTML'si,
Contact Info,İletişim Bilgileri,
Contact Information,iletişim bilgileri,
Contact List,Kişi Listesi,
Contact Mobile,Mobil Telefonu,
Contact Mobile No,İletişim Cep No,
Contact Name,Kişi Adı,
Contact No.,İletişim No,
Contact Person,İlgili kişi,
Contact: ,Kişi: ,
Contacts,Kişiler,
Content,İçerik,
Content Type,İçerik Türü,
Continue,Devam Et,
Contra Entry,Düzeltme Girişi,
Contract,Sözleşme,
Contract Details,İletişim Detayları,
Contract End Date,Sözleşme Bitiş Tarihi,
Contract Fulfilment Checklist,Sözleşme Yerine Getirme Kontrol Listesi,
Contract Period,Sözleşme Süresi,
Contract Template,Sözleşme Şablonu,
Contract Template Fulfilment Terms,Sözleşme Şablonu Yerine Getirme Koşulları,
Contract Template Help,Sözleşme Şablonu Yardımı,
Contract Terms,Sözleşme Şartları,
Contract Terms and Conditions,Sözleşme Şartları ve Koşulları,
Contribution %,Katkı %,
Contribution (%),Katkı (%),
Contribution Amount,Katkı Payı Tutarı,
Contribution Qty,Katkı Miktarı,
Contribution to Net Total,Net Toplam Katkı,
Control Action,Kontrol Eylemi,
Control Historical Stock Transactions,Geçmiş Stok İşlemlerini Kontrol Et,
Conversion Factor,Dönüşüm Faktörü,
Conversion Rate,Dönüşüm Oranı,
Conversion factor for default Unit of Measure must be 1 in row {0},Varsayılan Ölçü Birimi için dönüşüm faktörü {0} satırında 1 olmalıdır,
Conversion factor for item {0} has been reset to 1.0 as the uom {1} is same as stock uom {2}.,"Ürün {0} için dönüşüm faktörü, birimi {1} stok birimi {2} ile aynı olduğu için 1.0 olarak sıfırlandı",
Conversion rate cannot be 0,Dönüşüm oranı 0 olamaz,
Convert Item Description to Clean HTML in Transactions,İşlemlerde Ürün Açıklamasını Temiz HTML'ye Dönüştür,
Convert to Group,Gruba Dönüştür,
Convert to Item Based Reposting,Ürün Bazlı Yeniden Kayıt İşlemine Dönüştür,
Convert to Non-Group,Grup Olmayan Hesaba Dönüştür,
Converted,Dönüştürülmüş,
Copied From,Şurdan Kopyalanacak,
Copy Fields to Variant,Alanları Varyanta Kopyala,
Corrective,Düzeltici,
Corrective Action,Düzeltici Faaliyet,
Corrective Job Card,Düzeltici Faaliyet İş Kartı,
Corrective Operation,Düzeltici Faaliyet,
Corrective Operation Cost,Düzeltici Faaliyet Maliyeti,
Corrective/Preventive,Düzeltici/Önleyici,
Cost,Maliyet,
Cost Center,Maliyet Merkezi,
Cost Center Allocation,Maliyet Merkezi Dağılımı,
Cost Center Allocation Percentage,Maliyet Merkezi Dağılımı Yüzdesi,
Cost Center Allocation Percentages,Maliyet Merkezi Dağılımı Yüzdeleri,
Cost Center Name,Maliyet Merkezi İsmi,
Cost Center Number,Maliyet Merkezi Kodu,
"Cost Center is a part of Cost Center Allocation, hence cannot be converted to a group","Maliyet Merkezi, Maliyet Merkezi Tahsisinin bir parçasıdır, dolayısıyla bir gruba dönüştürülemez",
Cost Center is required in row {0} in Taxes table for type {1},{1} türü için Vergiler tablosundaki {0} satırında Maliyet Merkezi gereklidir,
Cost Center with Allocation records can not be converted to a group,Mevcut işlemleri olan Maliyet Merkezi gruba dönüştürülemez.,
Cost Center with existing transactions can not be converted to group,Mevcut işlemleri olan Maliyet Merkezi gruba dönüştürülemez.,
Cost Center with existing transactions can not be converted to ledger,Mevcut işlemleri olan Maliyet Merkezi deftere çevrilemez,
Cost Center {0} cannot be used for allocation as it is used as main cost center in other allocation record.,Maliyet Merkezi {0} diğer tahsis kayıtlarında ana maliyet merkezi olarak kullanıldığından tahsis için kullanılamaz.,
Cost Center {} doesn't belong to Company {},"Maliyet Merkezi {}, {} Şirketine ait değil",
Cost Center {} is a group cost center and group cost centers cannot be used in transactions,Maliyet Merkezi {} bir grup maliyet merkezidir ve grup maliyet merkezleri işlemlerde kullanılamaz,
Cost Center: {0} does not exist,Maliyet Merkezi: {0} mevcut değil,
Cost Centers,Maliyet Merkezleri,
Cost Configuration,Maliyet Yapılandırması,
Cost Per Unit,Birim Başına Maliyet,
Cost of Delivered Items,Teslim edilen Ürün Maliyeti,
Cost of Goods Sold,Satılan Ürünün Maliyeti,
Cost of Issued Items,Verilen Ürünlerin Maliyeti,
Cost of Poor Quality Report,Kalitesizlik Maliyeti Raporu,
Cost of Purchased Items,Satın Alınan Ürünlerin Maliyeti,
Cost of various activities,Çeşitli Faaliyetler Maliyeti,
Cost to Company (CTC),Şirkete Maliyeti,
Costing,Maliyet,
Costing Amount,Maliyet Tutarı,
Costing Details,Maliyet Detayları,
Costing Rate,Maliyet Oranı,
Costing and Billing,Maliyetlendirme ve Faturalandırma,
Could Not Delete Demo Data,Demo Verileri Silinemedi,
Could not auto create Customer due to the following missing mandatory field(s):,Aşağıdaki zorunlu alanlar eksik olduğundan Müşteri otomatik olarak oluşturulamadı:,
"Could not create Credit Note automatically, please uncheck 'Issue Credit Note' and submit again","Alacak Dekontu otomatik olarak oluşturulamadı, lütfen 'Alacak Dekontu Düzenle' seçeneğinin işaretini kaldırın ve tekrar gönderin",
Could not detect the Company for updating Bank Accounts,Banka Hesaplarını güncellemek için Şirket tespit edilemedi,
Could not find path for ,Yol bulunamadı ,
Could not retrieve information for {0}.,{0} için bilgi alınamadı.,
Could not solve criteria score function for {0}. Make sure the formula is valid.,{0} için kriter puanı işlevi çözülemedi. Formülün geçerli olduğundan emin olun.,
Could not solve weighted score function. Make sure the formula is valid.,Ağırlıklı puan fonksiyonu çözülemedi. Formülün geçerli olduğundan emin olun.,
Count,Sayı,
Country,Ülke,
Country Code in File does not match with country code set up in the system,"Dosyadaki Ülke Kodu, sistemde ayarlanan ülke koduyla eşleşmiyor",
Country of Origin,Menşei,
Coupon Code,Kupon Kodu,
Coupon Code Based,Kupon Koduna Dayalı,
Coupon Description,Kupon çevirisi,
Coupon Name,Kupon Adı,
Coupon Type,Kupon Türü,
Cr,Alacak,
Create,Oluştur,
Create Chart Of Accounts Based On,Hesap Planı Oluşturmada Esas Alınacak,
Create Delivery Trip,Teslimat Yolculuğu Oluştur,
Create Depreciation Entry,Amortisman Kaydı Oluştur,
Create Employee,Personel Oluştur,
Create Employee Records,Personel Kayıtları Oluştur,
Create Employee records.,Personel Kayıtları Oluştur.,
Create Grouped Asset,Gruplandırılmış Varlık Oluştur,
Create Inter Company Journal Entry,Şirketler Arası Defter Girişi Oluştur,
Create Invoices,Faturaları Oluştur,
Create Job Card,İş Kartı Oluştur,
Create Job Card based on Batch Size,İş Kartını Parti Büyüklüğüne Göre Oluştur,
Create Journal Entries,Muhasebe Girişlerini Oluştur,
Create Journal Entry,Muhasebe Kaydı Oluştur,
Create Lead,Müşteri Adayı Oluştur,
Create Leads,Müşteri Adayları Oluştur,
Create Ledger Entries for Change Amount,Değişiklik Tutarı için Defter Girişleri Oluşturun,
Create Link,Bağlantı Oluştur,
Create Missing Party,Eksik Cariyi Oluştur,
Create Multi-level BOM,Çok Seviyeli Ürün Ağacı Oluştur,
Create New Contact,Yeni Kişi Oluştur,
Create New Customer,Yeni Müşteri Oluştur,
Create New Lead,Yeni Müşteri Adayı Oluştur,
Create Opportunity,Fırsat Oluştur,
Create POS Opening Entry,POS Açılış Girişi Oluştur,
Create Payment Entry,Ödeme Girişi Oluştur,
Create Pick List,Toplama Listesi Oluştur,
Create Print Format,Yazdırma Formatı Oluştur,
Create Prospect,Potansiyel Müşteri Oluştur,
Create Purchase Order,Satın Alma Emri Oluştur,
Create Purchase Orders,Satın Alma Siparişlerini Oluştur,
Create Quotation,Teklif Oluştur,
Create Receiver List,Alıcı Listesi Oluştur,
Create Reposting Entries,Yeniden Gönderim Girişleri Oluştur,
Create Reposting Entry,Yeniden Gönderim Girişi Oluştur,
Create Sales Invoice,Satış Faturası Oluştur,
Create Sales Order,Satış Siparişi Oluştur,
Create Sales Orders to help you plan your work and deliver on-time,İşinizi planlamanıza ve zamanında teslim etmenize yardımcı olmak için Satış Siparişleri oluşturun,
Create Sample Retention Stock Entry,Numune Saklama Stok Hareketi Oluştur,
Create Stock Entry,Stok Girişi Oluştur,
Create Supplier Quotation,Tedarikçi Teklifi Oluştur,
Create Tax Template,Vergi Şablonu Oluştur,
Create Timesheet,Zaman Çizelgesi Oluştur,
Create User,Kullanıcı Oluştur,
Create User Permission,Kullanıcı İzni Oluştur,
Create Users,Kullanıcıları Oluştur,
Create Variant,Varyasyon Oluştur,
Create Variants,Varyantları Oluştur,
Create Workstation,İş İstasyonu Oluştur,
Create a variant with the template image.,Şablon görselini kullanarak bir varyant oluşturun.,
Create an incoming stock transaction for the Item.,Ürün için yeni bir stok girişi oluşturun.,
Create customer quotes,Müşteri Teklifi Oluşturun,
Create in Draft Status,Taslak Olarak Oluştur,
Create missing customer or supplier.,Eksik müşteri veya tedarikçiyi oluşturun.,
Create {0} {1} ?,{0} {1} oluştur?,
Created On,Oluşturulma Zamanı,
Created {0} scorecards for {1} between:,"{1} için, şu tarih aralığında {0} adet puan kartı oluşturuldu:
",
Creating Accounts...,Hesap Oluşturuluyor...,
Creating Delivery Note ...,İrsaliye Oluşturuluyor...,
Creating Dimensions...,Boyutlar oluşturuluyor...,
Creating Journal Entries...,Defter Girişleri Oluşturuluyor...,
Creating Packing Slip ...,Paketleme Fişi Oluşturuluyor ...,
Creating Purchase Invoices ...,Satın Alma Faturaları Oluşturuluyor...,
Creating Purchase Order ...,Satın Alma Siparişi Oluşturuluyor...,
Creating Purchase Receipt ...,Satın Alma İrsaliyesi Oluşturuluyor...,
Creating Sales Invoices ...,Satış Faturaları Oluşturuluyor...,
Creating Stock Entry,Stok Girişi Oluşturun,
Creating Subcontracting Order ...,Alt Yüklenici Siparişi Oluşturuluyor ...,
Creating Subcontracting Receipt ...,Alt Yüklenici İrsaliyesi Oluşturuluyor...,
Creating User...,Kullanıcı Oluşturuluyor...,
Creating {} out of {} {},{} / {} {} Oluşturuluyor,
Creation,Oluşturma,
Creation Document No,Oluşturulan Belge Tarihi,
Creation of <b><a href='/app/{0}'>{1}(s)</a></b> successful,<b><a href='/app/{0}'>{1}</a></b> oluşturma başarılı,
"Creation of {0} failed.
				Check <b><a href=""/app/bulk-transaction-log"">Bulk Transaction Log</a></b>","{0} oluşturma başarısız oldu.
 <b><a href=""/app/bulk-transaction-log"">Toplu İşlem Günlüğünü Kontrol Edin</a></b>",
"Creation of {0} partially successful.
				Check <b><a href=""/app/bulk-transaction-log"">Bulk Transaction Log</a></b>","{0} oluşturulması kısmen başarılı.
			 <b><a href=""/app/bulk-transaction-log"">Toplu İşlem Günlüğü</a></b> Kontrol Edin",
Credit,Alacak,
Credit (Transaction),Alacak (İşlem),
Credit ({0}),Alacak ({0}),
Credit Account,Alacak Hesabı,
Credit Amount,Alacak Tutarı,
Credit Amount in Account Currency,Hesap Para Birimindeki Alacak Tutarı,
Credit Amount in Transaction Currency,İşlem Para Birimindeki Alacak Tutarı,
Credit Balance,Alacak Bakiyesi,
Credit Card,Kredi Kartı,
Credit Card Entry,Kredi Kartı,
Credit Days,Vade Günü,
Credit Limit,Bakiye Limiti,
Credit Limit Crossed,Borç Limiti Aşıldı,
Credit Limit Settings,Kredi Limiti Ayarları,
Credit Limit and Payment Terms,Ödeme Koşulları,
Credit Limit:,Bakiye Limiti:,
Credit Limits,Kredi Limitleri,
Credit Months,Alacak Ayı,
Credit Note,Alacak Dekontu,
Credit Note Amount,Alacak Dekontu Tutarı,
Credit Note Issued,Alacak Dekontu Düzenlendi,
"Credit Note will update it's own outstanding amount, even if 'Return Against' is specified.","Alacak Dekontu, ""Karşı İade"" belirtilmiş olsa bile kendi bakiye tutarını güncelleyecektir.",
Credit Note {0} has been created automatically,Alacak Dekontu {0} otomatik olarak kurulmuştur,
Credit To,Bakiye Eklenecek Hesap,
Credit in Company Currency,Şirket Para Biriminde Alacak,
Credit limit has been crossed for customer {0} ({1}/{2}),Müşteri {0} için borçlanma limiti aşılmıştır ({1}/{2}),
Credit limit is already defined for the Company {0},Şirket {0} için borçlanma limiti zaten tanımlanmış.,
Credit limit reached for customer {0},{0} müşterisi için kredi limitine ulaşıldı,
Creditors,Alacaklılar,
Criteria,Kriter,
Criteria Formula,Kriterler Formülü,
Criteria Name,Kriter Adı,
Criteria Setup,Kriterler,
Criteria Weight,Ölçütler Ağırlık,
Criteria weights must add up to 100%,Kriter ağırlıklarının toplamı %100 olmalıdır,
Cron Interval should be between 1 and 59 Min,Cron Aralığı 1 ile 59 Dakika arasında olmalıdır,
Cross Listing of Item in multiple groups,Öğelerin birden fazla grupta çapraz listelenmesi,
Cumulative Transaction Threshold,Kümülatif İşlem Eşiği,
Currency,Para Birimi,
Currency Exchange,Döviz Alım Satım,
Currency Exchange Settings,Döviz Kuru Ayarları,
Currency Exchange Settings Details,Döviz Kuru Ayarları Detayları,
Currency Exchange Settings Result,Döviz Kurları Ayarları Sonucu,
Currency Exchange must be applicable for Buying or for Selling.,Alım veya satım işlemlerinde Döviz Kurunun geçerli olması gerekmektedir.,
Currency and Price List,Fiyat Listesi,
Currency can not be changed after making entries using some other currency,Başka bir para birimi kullanılarak giriş yapıldıktan sonra para birimi değiştirilemez,
Currency for {0} must be {1},{0} için para birimi {1} olmalıdır,
Currency of the Closing Account must be {0},Kapanış Hesabının Para Birimi {0} olmalıdır,
Currency of the price list {0} must be {1} or {2},"Fiyat listesinin para birimi {0} , {1} veya {2} olmalıdır",
Currency should be same as Price List Currency: {0},"Para birimi, Fiyat Listesi Para Birimi ile aynı olmalıdır: {0}",
Current Address,Mevcut adres,
Current Address Is,Geçerli Adres,
Current Amount,Güncel Tutar,
Current Asset,Dönen Varlık,
Current Asset Value,Varlığın Güncel Değeri,
Current Assets,Mevcut Varlıklar,
Current BOM,Mevcut Ürün Ağacı,
Current BOM and New BOM can not be same,Mevcut Ürün Ağacı ve Yeni Ürün Ağacı aynı olamaz,
Current Exchange Rate,Mevcut Döviz Kuru,
Current Index,Güncel Dizin,
Current Invoice End Date,Mevcut Fatura Bitiş Tarihi,
Current Invoice Start Date,Mevcut Fatura Başlangıç Tarihi,
Current Level,Mevcut Seviye,
Current Liabilities,Kısa Vadeli Borçlar,
Current Liability,Kısa Vadeli Borç,
Current Node,Mevcut Düğüm,
Current Qty,Mevcut Miktar,
Current Serial / Batch Bundle,Mevcut Seri / Parti Paketi,
Current Serial No,Güncel Seri No,
Current State,Mevcut Durum,
Current Status,Mevcut Durum,
Current Stock,Mevcut Stok,
Current Time,Şimdiki Zaman,
Current Valuation Rate,Güncel Değerleme Oranı,
Curves,Eğriler,
Custodian,Sorumlu,
Custody,göz altı,
Custom,Özel,
Custom Remarks,Özel Notlar,
Custom delimiters,Özel Ayırıcılar,
Custom?,Özel,
Customer,Müşteri,
Customer ,Müşteri ,
Customer / Item / Item Group,Müşteri / Ürün / Ürün Grubu,
Customer / Lead Address,Müşteri / Aday Adresi,
Customer Acquisition and Loyalty,Müşteri Kazanımı,
Customer Address,Müşteri Adresi,
Customer Code,Müşteri Kodu,
Customer Contact,Müşteri İletişimi,
Customer Contact Email,Müşteri İletişim E-posta,
Customer Credit Balance,Müşteri Alacak Bakiyesi,
Customer Credit Limit,Müşteri Bakiye Limiti,
Customer Defaults,Müşteri Varsayılanları,
Customer Details,Müşteri Detayları,
Customer Feedback,Müşteri Görüşleri,
Customer Group,Müşteri Grubu,
Customer Group Item,Müşteri Grubu Öğesi,
Customer Group Name,Müşteri Grubu,
Customer Group: {0} does not exist,Müşteri Grubu: {0} mevcut değil,
Customer Groups,Müşteri Grupları,
Customer Item,Müşteri Ürünü,
Customer Items,Müşteri Ürünleri,
Customer LPO,Müşteri Yerel Satın Alma Emri,
Customer LPO No.,Müşteri Yerel Satın Alma Emri No.,
Customer Ledger Summary,Müşteri Defteri Özeti,
Customer Mobile No,Müşteri Mobil No,
Customer Name,Müşteri Adı,
Customer Name: ,Müşteri İsmi: ,
Customer Naming By,Müşteri Adlandırması,
Customer Number,Müşteri Numarası,
Customer Number At Supplier,Tedarikçideki Müşteri Numarası,
Customer Numbers,Müşteri Numaraları,
Customer PO,Müşteri Sipariş,
Customer PO Details,Sipariş Detayları,
Customer POS Id,Müşteri POS Kimliği,
Customer POS id,Müşteri POS kimliği,
Customer Portal Users,Müşteri Portal Kullanıcıları,
Customer Primary Address,Birincil Adres,
Customer Primary Contact,Birincil İrtibat Kişisi,
Customer Provided,Müşteri Tarafından Sağlanan,
Customer Service,Müşteri Hizmetleri,
Customer Territory,Müşteri Bölgesi,
Customer Type,Müşteri Türü,
Customer Warehouse (Optional),Müşteri Deposu (İsteğe bağlı),
Customer contact updated successfully.,Müşteri iletişim bilgileri başarıyla güncellendi.,
Customer is required,Müşteri gereklidir,
Customer isn't enrolled in any Loyalty Program,Müşteri kaydı bir Sadakat Programına kayıtlı değil,
Customer or Item,Müşteri veya Ürün,
Customer required for 'Customerwise Discount','Müşteri Bazlı İndirim' için müşteri seçilmesi gereklidir,
Customer {0} does not belong to project {1},Müşteri {0} {1} projesine ait değil,
Customer's Item Code,Müşterinin Ürün Kodu,
Customer's Purchase Order,Sipariş Numarası,
Customer's Purchase Order Date,Siparişi Tarihi,
Customer's Purchase Order No,Müşteri Sipariş No,
Customer-wise Item Price,Müşteri Bazında Ürün Fiyatı,
Customer/Lead Name,Müşteri / Müşteri Adayı Adı,
Customer: ,Müşteri: ,
Customers,Müşteriler,
Customers Without Any Sales Transactions,Satış Yapılmayan Müşteriler,
Customers not selected.,Müşteriler seçilmedi.,
Customerwise Discount,Müşteri İndirimi,
Customs Tariff Number,Gümrük Tarife No,
D - E,D - E,
DFS,DFS,
Daily,Günlük,
Daily Project Summary for {0},{0} için Günlük Proje Özeti,
Daily Reminders,Günlük Hatırlatmalar,
Daily Time to send,Günlük Gönderme Zamanı,
Daily Timesheet Summary,Günlük Zaman Çizelgesi Özeti,
Dashboard,Gösterge Paneli,
Data Based On,Tarihe Göre,
Data Fetch Method,Veri Alma Yöntemi,
Data Import Configuration,Veri İçeri Aktarma Yapılandırması,
Date,Tarih,
Date ,Tarih ,
Date Based On,Tarihe Göre,
Date Of Retirement,Emeklilik Tarihi,
Date Settings,Tarih Ayarları,
Date must be between {0} and {1},Tarih {0} ile {1} arasında olmalıdır.,
Date of Birth,Doğum Tarihi,
Date of Birth cannot be greater than today.,Doğum Tarihi bugünün tarihinden büyük olamaz.,
Date of Commencement,Başlama Tarihi,
Date of Commencement should be greater than Date of Incorporation,Başlangıç Tarihi Kuruluş Tarihinden büyük olmalıdır,
Date of Establishment,Kuruluş tarihi,
Date of Incorporation,Kuruluş Tarihi,
Date of Issue,Veriliş Tarihi,
Date of Joining,İşe Başlama Tarihi,
Date of Transaction,İşlem Tarihi,
Date: {0} to {1},Tarih: {0} - {1},
Dates,Tarihler,
Day,Gün,
Day Of Week,Haftanın günü,
Day of Week,Haftanın Günü,
Day to Send,Gönderim Günü,
Day(s) after invoice date,Fatura Tarihinden Sonraki Gün,
Day(s) after the end of the invoice month,Fatura Kesim Ayından Sonraki Gün,
Days,Gün,
Days Since Last Order,Son Siparişten Beri Geçen Gün Sayısı,
Days Since Last order,Son Siparişten Beri Geçen Gün Sayısı,
Days Until Due,Bitişine Kalan Gün Sayısı,
Days before the current subscription period,Mevcut abonelik döneminden önceki günler,
Days for which Holidays are blocked for this department.,Bu departman için Tatillerin bloke edildiği günler.,
DeLinked,Bağlantı Kesildi,
Deal Owner,Anlaşma Sahibi,
Dear,Sevgili,
"Dear System Manager,","Sayın Sistem Yöneticisi,",
Debit,Borç,
Debit (Transaction),Borç (İşlem),
Debit ({0}),Borç ({0}),
Debit Account,Borç Hesabı,
Debit Amount,Borç Tutarı,
Debit Amount in Account Currency,Hesap Para Biriminde Borç,
Debit Amount in Transaction Currency,İşlem Para Birimindeki Borç Tutarı,
Debit Note,Borç Dekontu,
Debit Note Amount,Borç Dekontu Tutarı,
Debit Note Issued,Borç Dekontu Düzenlendi,
"Debit Note will update it's own outstanding amount, even if 'Return Against' is specified.","İade Faturası, ‘Karşı Fatura’ belirtilmiş olsa bile kendi açık bakiyesini güncelleyecektir.",
Debit To,Borçlandırma,
Debit To is required,Borçlandırılacak Hesap gerekli,
Debit and Credit not equal for {0} #{1}. Difference is {2}.,{0} #{1} için Borç ve Alacak eşit değil. Fark {2}.,
Debit in Company Currency,Şirket Para Biriminde Borç,
Debit to,Şuraya borçlandır,
Debit-Credit Mismatch,Borç-Alacak Uyuşmazlığı,
Debit-Credit mismatch,Borç-Alacak uyuşmazlığı,
Debtor/Creditor,Borçlu/Alacaklı,
Debtor/Creditor Advance,Borçlu/Alacaklı Avansı,
Debtors,Borçlular,
Declare Lost,Kayıp Beyanı,
Deduct,Çıkar,
Deductee Details,Kesinti Ayrıntıları,
Deductions or Loss,Kesintiler,
Default,Varsayılan,
Default Account,Varsayılan Hesap,
Default Accounts,Varsayılan Hesaplar,
Default Activity Cost exists for Activity Type - {0},Etkinlik Türü - {0} için Varsayılan Faaliyet Maliyeti mevcut.,
Default Advance Account,Varsayılan Avans Hesabı,
Default Advance Paid Account,Varsayılan Ödenen Avans Hesabı,
Default Advance Received Account,Varsayılan Alınan Avans Hesabı,
Default BOM,Varsayılan Ürün Ağacı,
Default BOM ({0}) must be active for this item or its template,Bu ürün veya şablonu için varsayılan Ürün Ağacı ({0}) aktif olmalıdır,
Default BOM for {0} not found,{0} İçin Ürün Ağacı Bulunamadı,
Default BOM not found for FG Item {0},{0} Ürünü için Varsayılan Ürün Ağacı bulunamadı,
Default BOM not found for Item {0} and Project {1},{0} Ürünü ve {1} Projesi için varsayılan Ürün Ağacı bulunamadı,
Default Bank Account,Varsayılan Banka Hesabı,
Default Billing Rate,Varsayılan Faturalandırma Oranı,
Default Buying Cost Center,Varsayılan Satın Alma Maliyet Merkezi,
Default Buying Price List,Varsayılan Alış Fiyat Listesi,
Default Buying Terms,Varsayılan Satın Alma Koşulları,
Default Cash Account,Nakit Hesabı,
Default Common Code,Varsayılan Ortak Kod,
Default Company,Varsayılan Şirket,
Default Company Bank Account,Varsayılan Şirket Banka Hesabı,
Default Cost Center,Varsayılan Maliyet Merkezi,
Default Cost of Goods Sold Account,Satılan Malın Varsayılan Maliyet Hesabı,
Default Costing Rate,Varsayılan Maliyet Oranı,
Default Currency,Varsayılan Para Birimi,
Default Customer Group,Varsayılan Müşteri Grubu,
Default Deferred Expense Account,Varsayılan Ertelenmiş Gider Hesabı,
Default Deferred Revenue Account,Varsayılan Ertelenmiş Gelir Hesabı,
Default Dimension,Varsayılan Boyut,
Default Discount Account,Varsayılan İndirim Hesabı,
Default Distance Unit,Varsayılan Mesafe Birimi,
Default Employee Advance Account,Varsayılan Personel Avans Hesabı,
Default Expense Account,Varsayılan Gider Hesabı,
Default Expense Claim Payable Account,Varsayılan Gider Alacak Hesabı,
Default Finance Book,Varsayılan Finans Defteri,
Default Finished Goods Warehouse,Varsayılan Bitmiş Ürün Deposu,
Default Holiday List,Varsayılan Tatil Listesi,
Default In-Transit Warehouse,Varsayılan Taşıma Deposu,
Default Income Account,Varsayılan Gelir Hesabı,
Default Inventory Account,Varsayılan Envanter Hesabı,
Default Item Group,Varsayılan Ürün Grubu,
Default Item Manufacturer,Varsayılan Üretici Firma,
Default Letter Head,Varsayılan Antetli Kağıt,
Default Manufacturer Part No,Varsayılan Üretici Parça Numarası,
Default Material Request Type,Varsayılan Malzeme Talebi Türü,
Default Operating Cost Account,Varsayılan Operasyon Maliyeti Hesabı,
Default Payable Account,Varsayılan Borç Hesabı,
Default Payment Discount Account,Varsayılan İndirim Hesabı,
Default Payment Request Message,Varsayılan Ödeme Talebi Mesajı,
Default Payment Terms Template,Varsayılan Ödeme Koşulları Şablonu,
Default Payroll Payable Account,Varsayılan Ödenecek Bordro Hesabı,
Default Price List,Varsayılan Fiyat Listesi,
Default Priority,Varsayılan Öncelik,
Default Provisional Account,Varsayılan Geçici Hesap,
Default Purchase Unit of Measure,Varsayılan Satın Alma Ölçü Birimi,
Default Quotation Validity Days,Varsayılan Teklif Geçerlilik Günü,
Default Receivable Account,Varsayılan Alacak Hesabı,
Default Sales Unit of Measure,Varsayılan Satış Ölçü Birimi,
Default Scrap Warehouse,Varsayılan Hurda Deposu,
Default Selling Cost Center,Varsayılan Satış Maliyet Merkezi,
Default Selling Terms,Varsayılan Satış Koşulları,
Default Service Level Agreement,Varsayılan Servis Seviyesi Sözleşmesi,
Default Service Level Agreement for {0} already exists.,{0} için Varsayılan Hizmet Düzeyi Sözleşmesi zaten mevcut.,
Default Shift,Varsayılan Vardiya,
Default Source Warehouse,Varsayılan Kaynak Depo,
Default Stock UOM,Varsayılan Stok Birimi,
Default Supplier,Varsayılan Tedarikçi,
Default Supplier Group,Varsayılan Tedarikçi Grubu,
Default Target Warehouse,Varsayılan Hedef Depo,
Default Territory,Varsayılan Bölge,
Default Unit of Measure,Varsayılan Ölçü Birimi,
Default Unit of Measure for Item {0} cannot be changed directly because you have already made some transaction(s) with another UOM. You need to either cancel the linked documents or create a new Item.,{0} Ürünü için Varsayılan Ölçü Birimi doğrudan değiştirilemez çünkü zaten başka bir Ölçü Birimi ile bazı işlemler yaptınız. Ya bağlantılı belgeleri iptal etmeniz ya da yeni bir Ürün oluşturmanız gerekir.,
Default Unit of Measure for Item {0} cannot be changed directly because you have already made some transaction(s) with another UOM. You will need to create a new Item to use a different Default UOM.,Ürün {0} için Varsayılan Ölçü Birimi doğrudan değiştirilemez çünkü başka bir ölçü birimiyle işlem yapılmıştır. Farklı bir Varsayılan Ölçü Birimi kullanmak için yeni bir Ürün oluşturmanız gerekecek.,
Default Unit of Measure for Variant '{0}' must be same as in Template '{1}',Değişiklik için varsayılan ölçü birimi '{0}' şablondaki ile aynı olmalıdır '{1}',
Default Valuation Method,Varsayılan Değerleme Yöntemi,
Default Value,Varsayılan Değer,
Default Warehouse,Varsayılan Depo,
Default Warehouse for Sales Return,İadeler için Varsayılan Depo,
Default Warehouses for Production,Üretim İçin Varsayılan Depolar,
Default Work In Progress Warehouse,Varsayılan Devam Eden İş Deposu,
Default Workstation,Varsayılan İş İstasyonu,
Default account will be automatically updated in POS Invoice when this mode is selected.,"Bu mod seçildiğinde, POS Fatura&#39;da varsayılan hesap otomatik olarak güncellenecektir.",
Default settings for your stock-related transactions,Stok ile alakalı işlemlerin Varsayılan Ayarları,
"Default tax templates for sales, purchase and items are created.","Satış, satın alma ve kalemler için varsayılan vergi şablonları oluşturulur.",
Default: 10 mins,Varsayılan: 10 dakika,
Defaults,Varsayılan Değerler,
Deferred Accounting,Ertelenmiş Muhasebe,
Deferred Accounting Defaults,Ertelenmiş Muhasebe Ayarları,
Deferred Accounting Settings,Ertelenmiş Muhasebe Ayarları,
Deferred Expense,Ertelenmiş Gider,
Deferred Expense Account,Ertelenmiş Gider Hesabı,
Deferred Revenue,Ertelenmiş Gelir,
Deferred Revenue Account,Ertelenmiş Gelir Hesabı,
Deferred Revenue and Expense,Ertelenmiş Gelir ve Gider,
Deferred accounting failed for some invoices:,Bazı faturalar için ertelenmiş muhasebe başarısız oldu:,
Define Project type.,Proje türünü tanımlayın.,
Delay (In Days),Gecikme (Gün),
Delay (in Days),Gecikme (Gün),
Delay between Delivery Stops,Teslimat Durakları arasındaki gecikme,
Delay in payment (Days),Ödeme Gecikmesi (Gün),
Delayed,Gecikti,
Delayed Days,Gecikmiş Gün,
Delayed Item Report,Gecikmiş Ürün Raporu,
Delayed Order Report,Gecikmiş Sipariş Raporu,
Delayed Tasks Summary,Geciken Görevler Özeti,
Delete,Sil,
Delete Accounting and Stock Ledger Entries on deletion of Transaction,İşlem Silindiğinde Muhasebe ve Stok Defter Girişlerini Sil,
Delete Bins,Kutuları Sil,
Delete Cancelled Ledger Entries,İptal Edilen Defter Girişlerini Sil,
Delete Dimension,Boyutu Sil,
Delete Leads and Addresses,Potansiyel Müşterileri ve Adresleri Sil,
Delete Transactions,İşlemleri Sil,
Delete all the Transactions for this Company,Bu Şirkete ait tüm İşlemleri Sil,
Deleting {0} and all associated Common Code documents...,{0} ve ilişkili tüm Ortak Kod belgeleri siliniyor...,
Deletion in Progress!,Silme İşlemi Devam Ediyor!,
Deletion is not permitted for country {0},{0} ülkesi için silme işlemine izin verilmiyor,
Delimiter options,Sınırlayıcı seçenekleri,
Delivered,Teslim Edildi,
Delivered Amount,Teslim Edilen Miktar,
Delivered By Supplier,Tedarikçi Tarafından Teslim Edildi,
Delivered Items To Be Billed,Teslim Edilmiş Faturalandırılacak Ürünler,
Delivered Qty,Teslim Edilen Miktar,
Delivered Quantity,Teslim Edilen Miktar,
Delivered by Supplier (Drop Ship),Tedarikçi Tarafından Teslim Edilir (Stoksuz Satış),
Delivered: {0},Teslim edildi: {0},
Delivery,Teslimat,
Delivery Date,Teslimat Tarihi,
Delivery Details,Teslimat Detayları,
Delivery Manager,Sevkiyat Yöneticisi,
Delivery Note,Giden İrsaliye,
Delivery Note Item,İrsaliye Ürünleri,
Delivery Note No,İrsaliye No,
Delivery Note Packed Item,İrsaliyesi Kesilmiş Paketlenmiş Ürün,
Delivery Note Trends,İrsaliye Trendleri,
Delivery Note {0} is not submitted,Satış İrsaliyesi {0} kaydedilmedi,
Delivery Notes,İrsaliyeler,
Delivery Notes should not be in draft state when submitting a Delivery Trip. The following Delivery Notes are still in draft state: {0}. Please submit them first.,Teslimata gönderilirken İrsaliyeler taslak durumunda olmamalıdır. Aşağıdaki İrsaliyeler hâlâ taslak durumunda: {0}. Lütfen önce onları gönderin.,
Delivery Notes {0} updated,Satış İrsaliyesi {0} güncellendi,
Delivery Settings,Teslimat Ayarları,
Delivery Status,Teslimat Durumu,
Delivery Stop,Teslimat Durdur,
Delivery Stops,Teslimat Durakları,
Delivery To,Teslimat,
Delivery Trip,Teslimat Yolculuğu,
Delivery User,Sevkiyat Sorumlusu,
Delivery Warehouse,Teslimat Deposu,
Delivery to,Teslimat,
Delivery warehouse required for stock item {0},{0} stok kalemi için teslimat deposu gerekli,
Demand,Talep,
Demo Company,Demo Şirketi,
Demo data cleared,Demo verileri temizlendi,
Department,Departman,
Departure Time,Hareket Saati,
Dependant SLE Voucher Detail No,Bağlı Stok Giriş Belgesi Detay Numarası,
Dependencies,Bağlılıklar,
Dependent Task,Bağlantılı Görev,
Dependent Task {0} is not a Template Task,Bağımlı Görev {0} bir Şablon Görevi değildir,
Dependent Tasks,Bağlantılı Görevler,
Depends on Tasks,Görev Bağlılığı,
Deposit,Mevduat,
Depreciate based on daily pro-rata,Günlük Orantılı Amortisman,
Depreciate based on shifts,Vardiyalara göre amortisman,
Depreciated Amount,Amortisman Tutarı,
Depreciation,Amortisman,
Depreciation Amount,Amortisman Tutarı,
Depreciation Amount during the period,Dönem içindeki Amortisman Tutarı,
Depreciation Date,Amortisman Tarihi,
Depreciation Details,Amortisman Detayları,
Depreciation Eliminated due to disposal of assets,"Amortisman Varlıklar elden çıkarılması nedeniyle elimine edilmiştir.
",
Depreciation Entry,Amortisman Kaydı,
Depreciation Entry Posting Status,Amortisman Girişi Gönderme Durumu,
Depreciation Expense Account,Amortisman Gider Hesabı,
Depreciation Expense Account should be an Income or Expense Account.,Amortisman Gider Hesabı bir Gelir veya Gider Hesabı olmalıdır.,
Depreciation Method,Amortisman Yöntemi,
Depreciation Options,Amortisman Seçenekleri,
Depreciation Posting Date,Amortisman Kayıt Tarihi,
Depreciation Posting Date cannot be before Available-for-use Date,"Amortisman Kayıt Tarihi, Kullanıma Hazır Tarihten önce olamaz",
Depreciation Row {0}: Depreciation Posting Date cannot be before Available-for-use Date,"Amortisman Satırı {0}: Amortisman Kayıt Tarihi, Kullanıma Hazır Tarihinden önce olamaz",
Depreciation Row {0}: Expected value after useful life must be greater than or equal to {1},Amortisman Satırı {0}: Faydalı ömürden sonra beklenen değer {1}'den büyük veya eşit olmalıdır.,
Depreciation Schedule,Amortisman Planı,
Depreciation Schedule View,Amortisman Planı,
Depreciation cannot be calculated for fully depreciated assets,Tam amortismana tabi varlıklar için amortisman hesaplanamaz,
Description,Açıklama,
Description of Content,İçerik Açıklaması,
Designation,Görev Tanımı,
Desk User,Sistem Kullanıcısı,
Detailed Reason,Ayrıntılı Sebep,
Details,Ayrıntılar,
Determine Address Tax Category From,Adrese Göre Vergi Kategorisini Belirle,
Diesel,Dizel,
Difference,Fark,
Difference (Dr - Cr),Toplam Fark,
Difference Account,Fark Hesabı,
Difference Account in Items Table,Kalemler Tablosundaki Fark Hesabı,
"Difference Account must be a Asset/Liability type account (Temporary Opening), since this Stock Entry is an Opening Entry",Bu Stok Mutabakatı bir Hesap Açılış Kaydı olduğundan farklı hesabının aktif ya da pasif bir hesap tipi olması gerekmektedir,
"Difference Account must be a Asset/Liability type account, since this Stock Reconciliation is an Opening Entry","Fark Hesabı, bu Stok Mutabakatı bir Açılış Girişi olduğundan Varlık/Yükümlülük türü bir hesap olmalıdır",
Difference Amount,Tutar Farkı,
Difference Amount (Company Currency),Tutar Farkı (TRY),
Difference Amount must be zero,Fark Tutarı sıfır olmalıdır,
Difference In,Fark,
Difference Posting Date,Fark Gönderme Tarihi,
Difference Qty,Fark Miktarı,
Difference Value,Fark Değeri,
Different 'Source Warehouse' and 'Target Warehouse' can be set for each row.,Her satır için farklı 'Kaynak Depo' ve 'Hedef Depo' ayarlanabilir.,
Different UOM for items will lead to incorrect (Total) Net Weight value. Make sure that Net Weight of each item is in the same UOM.,Ürünler için farklı Ölçü Birimi hatalı Toplam değerinin yanlış hesaplanmasına yol açacaktır. Her bir Ürün Net Ağırlığının aynı Ölçü Biriminde olduğundan emin olun.,
Dimension Defaults,Varsayılanlar,
Dimension Details,Boyut Detayları,
Dimension Filter,Boyut Filtresi,
Dimension Filter Help,Boyut Filtresi Yardımı,
Dimension Name,Muhasebe Boyutu İsmi,
Dimension-wise Accounts Balance Report,Boyut bazında Hesap Bakiye Raporu,
Dimensions,Boyutlar,
Direct Expense,Doğrudan Gider,
Direct Expenses,Doğrudan Giderler,
Direct Income,Doğrudan Gelir,
Disable,Kapat,
Disable Capacity Planning,Kapasite Planlamasını Devre Dışı Bırak,
Disable In Words,Yazı ile Alanını Devre Dışı Bırak,
Disable Last Purchase Rate,Son Alış Fiyatını Devre Dışı Bırak,
Disable Rounded Total,Yuvarlatılmış Toplamı Kapat,
Disable Serial No And Batch Selector,Seri No ve Parti Seçiciyi Devre Dışı Bırak,
Disabled,Kapalı,
Disabled Account Selected,Devre Dışı Hesap Seçildi,
Disabled Warehouse {0} cannot be used for this transaction.,"{0} Deposu devre dışı bırakıldığından, bu işlem için kullanılamaz.",
Disabled pricing rules since this {} is an internal transfer,"{} iç transfer olduğu için, fiyatlandırma kuralı devre dışı bırakıldı.",
Disabled tax included prices since this {} is an internal transfer,"{0} bir dahili transfer olduğundan, vergiler dahil fiyatlar devre dışı bırakıldı",
Disabled template must not be default template,Devre dışı bırakılan şablon varsayılan şablon olmamalıdır,
Disables auto-fetching of existing quantity,Mevcut miktarın otomatik olarak getirilmesini devre dışı bırakır,
Disassemble,Sök,
Disassemble Order,Sökme Emri,
Disburse Loan,Kredi Ödemesi,
Disbursed,Dağıtıldı,
Discard Changes and Load New Invoice,Değişiklikleri Sil ve Yeni Fatura Yükle,
Discount,İndirim,
Discount (%),İndirim (%),
Discount (%) on Price List Rate with Margin,Kâr Marjıyla Fiyat Listesi Üzerinden İndirim (%),
Discount Account,İndirim Hesabı,
Discount Amount,İndirim Tutarı,
Discount Date,İndirim Tarihi,
Discount Percentage,İndirim Yüzdesi,
Discount Settings,İndirim Ayarları,
Discount Type,İndirim Türü,
Discount Validity,İndirim Geçerliliği,
Discount Validity Based On,İndirim Geçerliliğine Göre,
Discount and Margin,İndirim ve Kâr Marjı,
Discount cannot be greater than 100%,İndirim %100'den fazla olamaz,
Discount cannot be greater than 100%.,İndirim %100'den fazla olamaz.,
Discount must be less than 100,İndirim 100'den az olmalı,
Discount of {} applied as per Payment Term,Ödeme Vadesine göre {} indirim uygulandı,
Discount on Other Item,Başka Ürün İçin İndirim,
Discount on Price List Rate (%),Liste Fiyatı Üzerinden İndirim Oranı (%),
Discounted Amount,İndirimli Tutar,
Discounted Invoice,İndirimli Fatura,
Discounts,İndirimler,
"Discounts to be applied in sequential ranges like buy 1 get 1, buy 2 get 2, buy 3 get 3 and so on","İndirimler 1 alana 1 bedava, 2 alana 2 bedava, 3 alana 3 bedava gibi sıralı aralıklarla uygulanacak",
Discrepancy between General and Payment Ledger,Genel Muhasebe Defteri ile Ödeme Defteri Arasındaki Uyuşmazlık,
Discretionary Reason,Takdire Bağlı Sebep,
Dislikes,Beğenilmeyenler,
Dispatch,Sevkiyat,
Dispatch Address,Sevkiyat Adresi,
Dispatch Address Details,Gönderim Adresi Ayrıntıları,
Dispatch Address Name,Sevk Adresi,
Dispatch Address Template,Gönderim Adresi Şablonu,
Dispatch Information,Sevk Bilgileri,
Dispatch Notification,Sevk Bildirimi,
Dispatch Notification Attachment,Sevk Bildirimi Eki,
Dispatch Notification Template,Sevk Bildirim Şablonu,
Dispatch Settings,Sevk Ayarları,
Disposal Date,Bertaraf Tarihi,
Disposal date {0} cannot be before {1} date {2} of the asset.,Elden çıkarma tarihi {0} varlığın {1} tarihinden {2} önce olamaz.,
Distance,Mesafe,
Distance UOM,Mesafe Birimi,
Distance from left edge,Sol üstte olan uzaklık,
Distance from top edge,Üst geçidin uzaklık,
Distinct Item and Warehouse,Farklı Ürün ve Depo,
Distinct unit of an Item,Bir Ürünün farklı birimi,
Distribute Additional Costs Based On ,Ek Maliyetleri Şunlara Göre Dağıtın ,
Distribute Charges Based On,Masrafları Şuna göre Dağıt,
Distribute Manually,Manuel olarak Dağıt,
Distributed Discount Amount,Dağıtılan İndirim Tutarı,
Distribution Name,Dağıtım İsmi,
Distributor,Distribütör,
Dividends Paid,Ödenen Temettüler,
Divorced,Boşanmış,
Do Not Contact,İletişime Geçmeyin,
Do Not Explode,Detaylandırmayı Kapat,
Do Not Update Serial / Batch on Creation of Auto Bundle,Otomatik Paket Oluşturulurken Seri / Parti Güncellenesi Yapmayın,
Do Not Use Batch-wise Valuation,Toplu Değerleme Kullanma,
Do not show any symbol like $ etc next to currencies.,Para Birimlerinin yanındaki sembolü gizler,
Do not update variants on save,Kaydetme türevlerini güncelleme,
Do you really want to restore this scrapped asset?,Gerçekten bu hurdaya ayrılmış varlığı geri getirmek istiyor musunuz?,
Do you still want to enable immutable ledger?,Hala değiştirilemez defteri etkinleştirmek istiyor musunuz?,
Do you still want to enable negative inventory?,Hala negatif envanteri etkinleştirmek istiyor musunuz?,
Do you want to change valuation method?,Değerleme yöntemini değiştirmek istiyor musunuz?,
Do you want to notify all the customers by email?,Tüm müşterilere e-posta yoluyla bildirim göndermek ister misiniz?,
Do you want to submit the material request,Malzeme talebini göndermek istiyor musunuz?,
DocField,DocType Alanı,
DocType,DocType,
DocTypes should not be added manually to the 'Excluded DocTypes' table. You are only allowed to remove entries from it.,DocType'lar 'Hariç Tutulan Doküman Türleri' tablosuna manuel olarak eklenmemelidir. Yalnızca buradaki girişleri kaldırmanıza izin verilir.,
Docs Search,Belgeleri Ara,
Doctype,DocType,
Document Name,Belge Adı,
Document Type,Belge Türü,
Document Type ,Belge Türü,
Document Type already used as a dimension,Belge Türü zaten bir boyut olarak kullanılıyor,
Documentation,Dökümantasyon,
Documents,Belgeler,
Documents Processed on each trigger. Queue Size should be between 5 and 100,Her tetikleyicide işlenen belgeler. Kuyruk Boyutu 5 ile 100 arasında olmalıdır,
Documents: {0} have deferred revenue/expense enabled for them. Cannot repost.,Belgeler: {0} için ertelenmiş gelir/gider etkinleştirildi. Yeniden gönderilemiyor.,
Domain,Alan Adı,
Don't Create Loyalty Points,Sadakat Puanları Oluşturma,
Don't Reserve Sales Order Qty on Sales Return,Satış İadesindeki Siparişi Miktarını Ayırma,
Don't Send Emails,E-Posta Gönderme,
Done,Bitti,
Dont Recompute tax,Vergiyi Yeniden Hesaplamayın,
Doors,Kapı,
Double Declining Balance,Çift Azalan Bakiye,
Download,İndir,
Download CSV Template,CSV Şablonunu İndir,
Download PDF,PDF İndir,
Download PDF for Supplier,Tedarikçi için PDF İndir,
Download Required Materials,Gerekli Materyalleri İndir,
Download Template,Şablonu İndir,
Downtime,Kesinti,
Downtime (In Hours),Duruş Süresi (Saat),
Downtime Analysis,Duruş Analizi,
Downtime Entry,Duruş,
Downtime Reason,Duruş,
Dr,Borç,
Draft,Taslak,
Driver,Sürücü,
Driver Address,Sürücü Adresi,
Driver Email,Sürücü E-posta,
Driver Name,Sürücü İsmi,
Driver licence class,Sürücü Ehliyet Sınıfı,
Driving License Categories,Ehliyet Kategorileri,
Driving License Category,Sürücü Belgesi Kategorisi,
Drop Ship,Stoksuz Satış,
Due Date,Termin Tarihi,
Due Date Based On,Vade Tarihine göre,
Due Date cannot be after {0},Son Tarih {0} tarihinden sonra olamaz,
Due Date cannot be before {0},Son Tarih {0} tarihinden önce olamaz,
"Due to stock closing entry {0}, you cannot repost item valuation before {1}","Stok kapanış girişi {0} nedeniyle, {1} tarihinden önce ürün değerlemesini yeniden gönderemezsiniz",
Dunning,İhtarname,
Dunning Amount,İhtar Tutarı,
Dunning Amount (Company Currency),Gecikme Ücreti Tutarı (Şirket Para Birimi),
Dunning Fee,İhtar Ücreti,
Dunning Letter,İhtarname,
Dunning Letter Text,İhtar Mektubu Metni,
Dunning Level,İhtar Seviyesi,
Dunning Type,İhtar Türü,
Duplicate,Kopyala,
Duplicate Customer Group,Müşteri Grubunu Çoğalt,
Duplicate Entry. Please check Authorization Rule {0},Çift Giriş. Lütfen Yetkilendirme Kuralını kontrol edin {0},
Duplicate Finance Book,Finans Defterini Çoğalt,
Duplicate Item Group,Ürün Grubunu Çoğalt,
Duplicate POS Fields,POS Alanlarını Çoğalt,
Duplicate POS Invoices found,Yinelenen POS Faturaları bulundu,
Duplicate Project with Tasks,Projeyi Görevlerle Çoğalt,
Duplicate Sales Invoices found,Yinelenen Satış Faturaları bulundu,
Duplicate Stock Closing Entry,Çift Stok Kapanış Kaydı,
Duplicate customer group found in the customer group table,Müşteri grubu tablosunda yinelenen müşteri grubu bulundu,
Duplicate entry against the item code {0} and manufacturer {1},{0} ürün koduna ve {1} üreticisi adına yinelenen giriş,
Duplicate item group found in the item group table,Öğe grubu tablosunda yinelenen öğe grubu bulundu,
Duplicate project has been created,Projenin yeni bir kopyası oluşturuldu,
Duplicate row {0} with same {1},{0} satırı ile {1} satırı aynı değerde,
Duplicate {0} found in the table,Tabloda {0} kopyası bulundu,
Duration,Süre,
Duration (Days),Süre (Gün),
Duration in Days,Süre (Gün),
Duties and Taxes,Gümrük ve Vergiler,
Dynamic Condition,Dinamik Koşul,
E-Invoicing Information Missing,E-Fatura Bilgileri Eksik,
EAN,EAN,
EAN-12,EAN-12,
EAN-8,EAN-8,
ERPNext User ID,ERP Kullanıcı ID,
Each Transaction,Her Bir İşlemde,
Earliest,En erken,
Earliest Age,En Erken Yaş,
Earnest Money,Kapora,
Edit,Düzenle,
Edit BOM,Ürün Ağacını Düzenle,
Edit Capacity,Kapasiteyi Düzenle,
Edit Cart,Grafiği Düzenle,
Edit Full Form,Tam Sayfa Düzenle,
Edit Not Allowed,Düzenlemeye İzin Verilmiyor,
Edit Note,Notu Düzenle,
Edit Posting Date and Time,Tarih ve Saati Düzenle,
Edit Receipt,Makbuzu Düzenle,
Editing {0} is not allowed as per POS Profile settings,POS Profili ayarlarına göre {0} düzenlemesine izin verilmiyor,
Education,Eğitim,
Educational Qualification,Eğitim Hayatı,
Either 'Selling' or 'Buying' must be selected,'Satış' veya 'Alış' seçeneklerinden biri seçilmelidir,
Either Workstation or Workstation Type is mandatory,İş İstasyonu veya İş İstasyonu Türü zorunludur,
Either target qty or target amount is mandatory,Hedef miktar veya hedef tutarından biri zorunludur,
Either target qty or target amount is mandatory.,Hedef miktar veya hedef tutarından biri zorunludur.,
Electric,Elektrik,
Electrical,Elektrik,
Electricity Cost,Elektrik Maliyeti,
Electricity down,Elektrik Kesintisi,
Electronic Equipment,Elektronik Ekipman,
Electronic Invoice Register,Elektronik Fatura Kaydı,
Email,E-posta,
Email Account,E-posta Hesabı,
Email Address,E-posta Address,
Email Address (required),E-posta Adresi (gerekli),
"Email Address must be unique, it is already used in {0}","E-posta Adresi benzersiz olmalıdır, {0} için zaten kullanılıyor",
Email Campaign,E-posta Kampanyası,
Email Campaign For ,E-posta Kampanyası ,
Email Details,E-posta Ayrıntıları,
Email Digest,E-posta Özeti,
Email Digest Recipient,E-posta Özeti Alıcısı,
Email Digest Settings,E-Posta Bildirimi Ayarları,
Email Digest: {0},E-posta Özeti: {0},
Email Group,E-posta Grubu,
Email Id,E-Posta ID,
Email Receipt,E-posta Makbuzu,
Email Sent,E-posta Gönderildi,
Email Sent to Supplier {0},Tedarikçiye E-posta Gönderildi {0},
Email Settings,E-posta Ayarları,
Email Template,E-Posta Şablonu,
Email not sent to {0} (unsubscribed / disabled),E-posta {0} adresine gönderilemedi (abonelikten çıktı / devre dışı bırakıldı),
Email or Phone/Mobile of the Contact are mandatory to continue.,Devam etmek için İletişim Kişisinin E-postası veya Telefon/Cep Telefonu zorunludur.,
Email sent successfully.,E-posta başarıyla gönderildi.,
Email sent to,E-posta Gönderilen,
Email sent to {0},E-posta {0} adresine gönderildi,
Email verification failed.,E-posta doğrulaması başarısız oldu.,
Emails Queued,E-postalar Sıraya Alındı,
Emergency Contact,Acil Durumda Ulaşılacak Kişi,
Emergency Contact Name,Acil Durum İrtibat Kişisi Adı,
Emergency Phone,Telefon,
Employee,Personel,
Employee ,Çalışan,
Employee Advance,Personel Avansı,
Employee Advances,Personel Avansları,
Employee Analytics,Personel Analitiği,
Employee Birthday,Personel Doğum Günü,
Employee Detail,Personel Detayı,
Employee Education,Eğitim Hayatı,
Employee External Work History,Personel Çalışma Geçmişi,
Employee Group,Personel Grubu,
Employee Group Table,Personel Grubu Tablosu,
Employee ID,Personel ID,
Employee Information,Personel Bilgileri,
Employee Internal Work History,Personel Şirket İçi Çalışma Geçmişi,
Employee Leave Balance,Personel İzin Bakiyesi,
Employee Leave Balance Summary,Personel İzin Bakiyesi Özeti,
Employee Name,Personel Adı,
Employee Number,Personel ID,
Employee User Id,Personel Kullanıcı ID,
Employee cannot report to himself.,Personel kendisini rapor edemez.,
Employee is required while issuing Asset {0},Varlık {0} verilirken personel seçimi gerekli,
Employee {0} does not belongs to the company {1},Personel {0} {1} şirketine kayıtlı değil,
Employees,Personeller,
Employment Type,Çalışma Türü,
Empty,Boş,
Enable Allow Partial Reservation in the Stock Settings to reserve partial stock.,Belirli bir sipariş için envanterden belirli bir miktarı ayırmaya izin verir.,
Enable Appointment Scheduling,Randevu Zamanlamayı Etkinleştirme,
Enable Auto Email,Otomatik E-postayı Etkinleştir,
Enable Auto Re-Order,Otomatik Yeniden Siparişi Etkinleştir,
Enable Automatic Party Matching,Otomatik Taraf Eşleştirme,
Enable Capital Work in Progress Accounting,Devam Eden Sermaye Çalışması Muhasebesini Etkinleştir,
Enable Common Party Accounting,Ortak Cari Hesabını Etkinleştir,
Enable Cut-Off Date on Bulk Delivery Note Creation,Toplu İrsaliye Oluşturma İçin Son Kesim Tarihini Etkinleştir,
Enable Deferred Expense,Ertelenmiş Gideri Etkinleştir,
Enable Deferred Revenue,Ertelenmiş Geliri Etkinleştir,
Enable Discount Accounting for Selling,Satış İçin İndirim Hesabı Aç,
Enable European Access,Avrupa Erişimini Etkinleştir,
Enable Fuzzy Matching,Bulanık Eşleştirmeyi Etkinleştir,
Enable Health Monitor,Sağlık Monitörünü Etkinleştir,
Enable Immutable Ledger,Değiştirilemez Defteri Etkinleştir,
Enable Perpetual Inventory,Sürekli Envanteri Etkinleştir,
Enable Provisional Accounting For Non Stock Items,Stok Dışı Kalemler İçin Geçici Muhasebeyi Etkinleştir,
Enable Stock Reservation,Stok Ayırmayı Etkinleştir,
Enable YouTube Tracking,YouTube izlemeyi Etkinleştirin,
Enable it if users want to consider rejected materials to dispatch.,Red Deposundaki malzemeleri dahil etmek istiyorsanız bu seçeneği işaretleyin.,
Enable this checkbox even if you want to set the zero priority,Sıfır önceliğini ayarlamak isteseniz bile bu onay kutusunu etkinleştirin,
"Enable this option to calculate daily depreciation by considering the total number of days in the entire depreciation period, (including leap years) while using daily pro-rata based depreciation","Günlük orantılı amortisman esaslı amortismanı kullanırken, tüm amortisman dönemindeki (artık yıllar dahil) toplam gün sayısını dikkate alarak günlük amortismanı hesaplamak için bu seçeneği etkinleştirin",
Enable to apply SLA on every {0},Her {0} adresinde SLA uygulamayı etkinleştirin,
Enabled,Etkin,
Enabling this checkbox will force each Job Card Time Log to have From Time and To Time,"Bu onay kutusunun etkinleştirilmesi, her İş Kartı Zaman Günlüğünün Şu Zamandan ve Şu Zamana sahip olmasını zorunlu kılar",
Enabling this ensures each Purchase Invoice has a unique value in Supplier Invoice No. field within a particular fiscal year,"Bunun etkinleştirilmesi, her bir Satın Alma Faturasının belirli bir mali yıl içinde Tedarikçi Fatura No. alanında benzersiz bir değere sahip olmasını sağlar",
Enabling this option will allow you to record - <br><br> 1. Advances Received in a <b>Liability Account</b> instead of the <b>Asset Account</b><br><br>2. Advances Paid in an <b>Asset Account</b> instead of the <b> Liability Account</b>,"Bu seçeneği etkinleştirmek, aşağıdaki kayıtları yapmanıza olanak tanır: <br><br><ul><li>Alınan avansları bir <b>Varlık Hesabı</b> yerine bir <b>Borç Hesabında</b> kaydetmek.</li><li>Ödenen avansları bir <b>Borç Hesabı</b> yerine bir <b>Varlık Hesabında</b> kaydetmek.</li></ul>",
Enabling this will allow creation of multi-currency invoices against single party account in company currency,"Bu özelliğin etkinleştirilmesi, şirket para biriminde tek taraf hesabı için çoklu para birimi faturalarının oluşturulmasına izin verir.",
Enabling this will change the way how cancelled transactions are handled.,"Bunu etkinleştirmek, iptal edilen işlemlerin işlenme biçimini değiştirecektir.",
Encashment Date,Çıkış Ödemesi Tarihi,
End Date,Bitiş Tarihi,
End Date cannot be before Start Date.,"Bitiş Tarihi, Başlangıç Tarihi'nden önce olamaz.",
End Time,Bitiş Zamanı,
End Transit,Taşımayı Sonlandır,
End Year,Yıl Sonu,
End Year cannot be before Start Year,Bitiş Yılı Başlangıç Yılından önce olamaz,
End date cannot be before start date,Bitiş tarihi başlangıç tarihinden önce olamaz,
End date of current invoice's period,Cari dönem faturanın bitiş tarihi,
End of Life,Destek Bitiş Tarihi,
End of the current subscription period,Mevcut abonelik döneminin sonu,
Enforce Time Logs,Zaman Günlüklerini Uygula,
Enough Parts to Build,İnşa Etmek İçin Yeterli Parça,
Ensure Delivery Based on Produced Serial No,Üretilen Seri Numarasına Göre Teslimatı Sağlayın,
Enter API key in Google Settings.,API anahtarını Google Ayarlarına girin.,
"Enter First and Last name of Employee, based on Which Full Name will be updated. IN transactions, it will be Full Name which will be fetched.","Personelin Adı ve Soyadını Girin, buna göre Tam Adı güncellenecektir. İşlemlerde, Tam Ad kullanılacaktır.",
Enter Manually,Elle Girin,
Enter Serial Nos,Seri Numaralarını Girin,
Enter Supplier,Tedarikçi Girin,
Enter Value,Değer Girin,
Enter Visit Details,Ziyaret Ayrıntılarını Girin,
Enter a name for Routing.,Yönlendirme için bir ad girin.,
"Enter a name for the Operation, for example, Cutting.","Operasyon için bir ad girin, örneğin Kesme.",
Enter a name for this Holiday List.,Bu Tatil Listesi için bir ad girin.,
Enter amount to be redeemed.,Kullanılacak tutarı giriniz.,
"Enter an Item Code, the name will be auto-filled the same as Item Code on clicking inside the Item Name field.","Bir Ürün Kodu girin, Ürün Adı alanına tıklandığında ad, Ürün Kodu ile aynı şekilde otomatik olarak doldurulacaktır.",
Enter customer's email,Müşterinin e-postasını girin,
Enter customer's phone number,Müşterinin telefon numarasını girin,
Enter date to scrap asset,Varlığın hurdaya çıkarılacağı tarihi girin,
Enter depreciation details,Amortisman bilgileri girin,
Enter discount percentage.,İndirim yüzdesini girin.,
Enter each serial no in a new line,Her seri numarasını yeni bir satıra girin,
Enter the Bank Guarantee Number before submitting.,Göndermeden önce Banka Teminat Numarasını girin.,
"Enter the Operation, the table will fetch the Operation details like Hourly Rate, Workstation automatically.

 After that, set the Operation Time in minutes and the table will calculate the Operation Costs based on the Hourly Rate and Operation Time.","Operasyona girin, tablo Saatlik Ücret, İş İstasyonu gibi Operasyon detaylarını otomatik olarak getirecektir.

 Bundan sonra, Operasyon Süresini dakika olarak ayarlayın ve tablo Saatlik Ücret ve Operasyon Süresine göre Operasyon Maliyetlerini hesaplayacaktır.",
Enter the name of the Beneficiary before submitting.,Göndermeden önce Yararlanıcının adını giriniz.,
Enter the name of the bank or lending institution before submitting.,Göndermeden önce bankanın veya kredi veren kurumun adını girin.,
Enter the opening stock units.,Açılış stok birimlerini girin.,
Enter the quantity of the Item that will be manufactured from this Bill of Materials.,Bu Ürün Ağacından üretilecek Ürünün miktarını girin.,
Enter the quantity to manufacture. Raw material Items will be fetched only when this is set.,Üretilecek miktarı girin. Hammadde Kalemleri yalnızca bu ayarlandığında getirilecektir.,
Enter {0} amount.,{0} tutarını girin.,
Entertainment Expenses,Eğlence Giderleri,
Entity,Tüzel,
Entity Type,Varlık Türü,
Entry Type,Giriş Türü,
Equity,Özsermaye,
Equity/Liability Account,Özkaynak / Sorumluluk Hesabı,
Error,Hata,
Error Description,Hata Açıklaması,
Error Log,Hata Günlüğü,
Error Message,Hata Mesajı,
Error Occurred,Hata Oluştu,
Error during caller information update,Arayan bilgileri güncellenirken hata oluştu,
Error evaluating the criteria formula,Kriter formüllerini değerlendirirken hata oluştu,
Error in party matching for Bank Transaction {0},Banka İşlemi için cari eşleştirmesinde hata {0},
Error while posting depreciation entries,Amortisman girişleri kaydedilirken hata oluştu,
Error while processing deferred accounting for {0},{0} için ertelenmiş muhasebe işlenirken hata oluştu,
Error while reposting item valuation,Ürün değerlemesi yeniden gönderilirken hata oluştu,
"Error: This asset already has {0} depreciation periods booked.
					The `depreciation start` date must be at least {1} periods after the `available for use` date.
					Please correct the dates accordingly.","Hata: Bu varlık için zaten {0} amortisman dönemi ayrılmıştır.
					Amortisman başlangıç tarihi, `kullanıma hazır` tarihinden en az {1} dönem sonra olmalıdır.
					Lütfen tarihleri buna göre düzeltin.",
Error: {0} is mandatory field,Hata: {0} zorunlu bir alandır, 
Errors Notification,Hata Bildirimi,
Estimated Arrival,Tahmini Varış,
Estimated Cost,Tahmini Maliyet,
Estimated Time and Cost,Tahmini Süre ve Maliyet,
Evaluation Period,Değerlendirme Süresi,
Even invoices with apply tax withholding unchecked will be considered for checking cumulative threshold breach,Vergi tevkifatı uygulanan faturalar bile kontrol edilmeden kümülatif eşik ihlalinin kontrol edilmesi için dikkate alınacaktır,
Event,Etkinlik,
Example URL,Örnek URL,
Example of a linked document: {0},Bağlantılı bir döküman örneği: {0},
"Example: ABCD.#####
If series is set and Serial No is not mentioned in transactions, then automatic serial number will be created based on this series. If you always want to explicitly mention Serial Nos for this item. leave this blank.","Örnek: ABCD.#####
 Seri ayarlanmışsa ve işlemlerde Seri No belirtilmemişse, bu seriye göre otomatik seri numarası oluşturulacaktır. Bu ürünün Seri No'larından her zaman açıkça bahsetmek istiyorsanız, bunu boş bırakın.",
"Example: ABCD.#####. If series is set and Batch No is not mentioned in transactions, then automatic batch number will be created based on this series. If you always want to explicitly mention Batch No for this item, leave this blank. Note: this setting will take priority over the Naming Series Prefix in Stock Settings.","Örnek: ABCD.#####. Seri ayarlanmışsa ve işlemlerde Parti No belirtilmemişse, bu seriye göre otomatik parti numarası oluşturulacaktır. Bu kalem için her zaman açıkça Parti No belirtmek istiyorsanız, bunu boş bırakın. Not: Bu ayar, Stok Ayarları'ndaki Seri Öneki Adlandırma'ya göre öncelikli olacaktır.",
Example: Serial No {0} reserved in {1}.,Örnek: Seri No {0} {1} adresinde ayrılmıştır.,
Exception Budget Approver Role,İstisna Bütçe Onaylayıcı Rolü,
Excess Materials Consumed,Tüketilen Fazla Malzemeler,
Excess Transfer,Fazla Transfer,
Excessive machine set up time,Aşırı Makine Kurulum Süresi,
Exchange Gain / Loss,Kur Farkı Karı / Zararı,
Exchange Gain / Loss Account,Döviz Kâr / Zarar Hesabı,
Exchange Gain Or Loss,Döviz Kazancı veya Zararı,
Exchange Gain/Loss,Döviz Kazancı/Zararı,
Exchange Gain/Loss amount has been booked through {0},Döviz Kar/Zarar tutarı {0} adresinde muhasebeleştirilmiştir.,
Exchange Rate,Döviz Kuru,
Exchange Rate Revaluation,Döviz Kuru Değerleme,
Exchange Rate Revaluation Account,Döviz Kuru Yeniden Değerleme Hesabı,
Exchange Rate Revaluation Settings,Döviz Kuru Değerleme Ayarları,
Exchange Rate must be same as {0} {1} ({2}),Döviz Kuru aynı olmalıdır {0} {1} ({2}),
Excise Entry,Özel Tüketim Vergisi Girişi,
Excise Invoice,ÖTV Faturası,
Excise Page Number,Tüketim Sayfa Numarası,
Excluded DocTypes,Hariç Tutulan DocType'lar,
Execution,Uygulama,
Exempt Supplies,Vergiden Muaf Malzemeler,
Existing Company,Mevcut Şirket,
Existing Company ,Mevcut Şirket ,
Exit Interview Held On,Ayrılma Görüşmesi Gerçekleştirildi,
Expand All,Tümünü Genişlet,
Expected,Beklenen,
Expected Amount,Beklenen Tutar,
Expected Arrival Date,Beklenen Teslim Tarihi,
Expected Balance Qty,Beklenen Bakiye Miktarı,
Expected Closing Date,Beklenen Kapanış Tarihi,
Expected Delivery Date,Beklenen Teslim Tarihi,
Expected Delivery Date should be after Sales Order Date,Beklenen Teslimat Tarihi Satış Siparişi Tarihinden sonra olmalıdır,
Expected End Date,Beklenen Bitiş Tarihi,
Expected End Date should be less than or equal to parent task's Expected End Date {0}.,"Beklenen Bitiş Tarihi, ana görevin Beklenen Bitiş Tarihi {0} değerinden küçük veya ona eşit olmalıdır.",
Expected Hrs,Tahmini Saat,
Expected Start Date,Beklenen Başlangıç Tarihi,
Expected Stock Value,Beklenen Stok Değeri,
Expected Time (in hours),Tahmini Süre (Saat),
Expected Time Required (In Mins),Beklenen Gerekli Süre (Dakika),
Expected Value After Useful Life,Kullanım Ömrü Sonrası Beklenen Değer,
Expense,Gider,
Expense / Difference account ({0}) must be a 'Profit or Loss' account,Gider / Fark hesabı ({0}) bir ‘Kar veya Zarar’ hesabı olmalıdır,
Expense Account,Gider Hesabı,
Expense Account Missing,Gider Hesabı Eksik,
Expense Approver,Harcama Onaylayıcısı,
Expense Claim,Harcama Talebi,
Expense Head,Gider Kategorisi,
Expense Head Changed,Gider Hesabı Değiştirildi,
Expense account is mandatory for item {0},Gider hesabı {0} kalemi için zorunludur,
Expense account {0} not present in Purchase Invoice {1},Satın Alma Faturasında {0} Gider Hesabı Belirtilmemiş,
Expenses,Harcamalar,
Expenses Included In Asset Valuation,Varlık Değerlemesine Dahil Giderler,
Expenses Included In Valuation,Değerlemeye Dahil Giderler,
Experimental,Deneysel,
Expired,Süresi Doldu,
Expired Batches,Süresi Dolan Partiler,
Expires On,Sona Erme Tarihi,
Expiry,Son kullanma tarihi,
Expiry (In Days),Son Kullanım (Gün),
Expiry Date,Son Kullanım Tarihi,
Expiry Date Mandatory,Son Kullanma Tarihi Zorunludur,
Expiry Duration (in days),Sona Erme Süresi (gün içinde),
Exploded Items,Patlamış Öğeler,
Exponential Smoothing Forecasting,Üstel Tahmin Yöntemi,
Export E-Invoices,E-Faturaları Dışa Aktar,
Export Errored Rows,Hatalı Satırları Dışa Aktar,
Export Import Log,İçeri ve Dışarı Aktarma Günlüğü,
External,Dış,
External Work History,Önceki Firmalardaki İş Deneyimi,
Extra Consumed Qty,Ekstra Tüketilen Miktar,
Extra Job Card Quantity,Ekstra İş Kartı Miktarı,
Extra Large,Çok Büyük,
Extra Small,Çok Küçük,
FIFO,FIFO,
FIFO Queue,FIFO Kuyruğu,
FIFO Queue vs Qty After Transaction Comparison,FIFO Sırası ve İşlem Sonrası Adet Karşılaştırması,
"FIFO Stock Queue (qty, rate)","FIFO Stok Kuyruğu (miktar, oran)",
FIFO/LIFO Queue,FIFO/LIFO Sırası,
Failed,Başarısız,
Failed Entries,Başarısız Girişler,
Failed to Authenticate the API key.,API anahtarının kimliği doğrulanamadı.,
"Failed to erase demo data, please delete the demo company manually.","Demo verileri silinemedi, lütfen demo şirketini manuel olarak silin.",
Failed to install presets,Ön ayarlar yüklenemedi,
Failed to login,Giriş Başarısız,
Failed to post depreciation entries,Amortisman Kayıtları Gönderilemedi,
Failed to setup company,Şirket kurulumu başarısız oldu,
Failed to setup defaults,Varsayılanlar ayarlanamadı,
Failed to setup defaults for country {0}. Please contact support.,Ülke için varsayılanlar ayarlanamadı {0}. Lütfen destek ile iletişime geçin.,
Failure,Başarısız,
Failure Date,Bozulma Tarihi,
Failure Description,Arıza Açıklaması,
Failure: {0},Arıza: {0},
Family Background,Aile Geçmişi,
Fax,Faks,
Feedback,Geri Bildirim,
Feedback By,Geri Bildirim Gönderen,
Fees,Harçlar,
Fetch Based On,Şuna Göre Getir,
Fetch Customers,Müşterileri Getir,
Fetch Items from Warehouse,Ürünleri Depodan Getir,
Fetch Latest Exchange Rate,Son Döviz Kurunu Getir,
Fetch Overdue Payments,Gecikmiş Ödemeler,
Fetch Subscription Updates,Abonelik Güncellemeleri Al,
Fetch Timesheet,Zaman Çizelgesinden Getir,
Fetch Value From,Değeri Şuradan Getir,
Fetch exploded BOM (including sub-assemblies),Patlatılmış Ürün Ağacını Getir,
Fetch items based on Default Supplier.,Varsayılan tedarikçiye göre öğeleri getirin.,
Fetching Error,Veri Çekme Hatası,
Fetching exchange rates ...,Döviz kurları alınıyor ...,
Fetching...,Veriler Alınıyor...,
Field,Alan,
Field Mapping,Alan Eşleştirme,
Field Name,Alan Adı,
Field in Bank Transaction,Banka İşlemindeki Alan,
Fieldname,Alan,
Fields,Alanlar,
Fields will be copied over only at time of creation.,Alanlar yalnızca oluşturulma anında kopyalanır.,
Fieldtype,Alan Türü,
File to Rename,Dosyayı Yeniden Adlandır,
Filter,Filtre,
Filter Based On,Şuna Göre Filtrele,
Filter Duration (Months),Filtre Süresi (Ay),
Filter Total Zero Qty,Toplam Sıfır Miktarı Filtrele,
Filter by Reference Date,Referans Tarihine Göre Filtrele,
Filter by invoice status,Fatura durumuna göre filtreleme,
Filter on Invoice,Fatura Filtresi,
Filter on Payment,Ödeme Filtresi,
Filters,Filtreler,
Filters missing,Filtreler eksik,
Final BOM,Nihai Ürün Ağacı,
Final Product,Final Ürün,
Finance Book,Finans Defteri,
Finance Book Detail,Finans Defter Detayı,
Finance Book Id,Mali Defter Kimliği,
Finance Books,Finans Defterleri,
Financial Ratios,Finansal Oranlar,
Financial Statements,Finansal Tablolar,
Financial Year Begins On,Mali Yıl Başlangıcı,
Financial reports will be generated using GL Entry doctypes (should be enabled if Period Closing Voucher is not posted for all years sequentially or missing) ,Mali raporlar Genel Muhasebe Girişi belge türleri kullanılarak oluşturulacaktır (Dönem Kapanış Fişinin tüm sene boyunca sırayla kaydedilmemesi veya eksik olması durumunda etkinleştirilmelidir),
Finish,Tamamla,
Finished,Tamamlandı,
Finished Good,Bitmiş Ürün,
Finished Good BOM,Nihai Ürünün Ürün Ağacı,
Finished Good Item,Bitmiş Ürün,
Finished Good Item Code,Bitmiş Ürün Kodu,
Finished Good Item Qty,Bitmiş Ürün Miktarı,
Finished Good Item Quantity,Bitmiş Ürün Miktarı,
Finished Good Item is not specified for service item {0},{0} Hizmet kalemi için Tamamlanmış Ürün belirtilmemiş,
Finished Good Item {0} Qty can not be zero,Bitmiş Ürün {0} Miktarı sıfır olamaz,
Finished Good Item {0} must be a sub-contracted item,Bitmiş Ürün {0} alt yüklenici ürünü olmalıdır,
Finished Good Qty,Bitmiş Ürün Miktarı,
Finished Good Quantity ,Bitmiş Ürün Miktarı ,
Finished Good Serial / Batch,Bitmiş Ürün Seri / Parti,
Finished Good UOM,Bitmiş Ürün Ağacı Ölçü Birimi,
Finished Good {0} does not have a default BOM.,{0} isimli Ürünün varsayılan bir Ürün Ağacı bulunmuyor.,
Finished Good {0} is disabled.,Bitmiş Ürün {0} devre dışı bırakılmıştır.,
Finished Good {0} must be a stock item.,Bitmiş Ürün {0} stok ürünü olmalıdır.,
Finished Good {0} must be a sub-contracted item.,Bitmiş Ürün {0} alt yüklenici ürünü olmalıdır.,
Finished Goods,Bitmiş Ürünler,
Finished Goods / Semi Finished Goods Item,Ürün,
Finished Goods Based Operating Cost,Ürün Bazlı Operasyonel Maliyeti,
Finished Goods Item,Bitmiş Ürün,
Finished Goods Qty,Bitmiş Ürün Miktarı,
Finished Goods Reference,Bitmiş Ürün Referansı,
Finished Goods Value,Bitmiş Ürün Değeri,
Finished Goods Warehouse,Ürün Kabul Deposu,
Finished Goods based Operating Cost,Bitmiş Ürün Operasyon Maliyeti,
Finished Item {0} does not match with Work Order {1},Bitmiş Ürün {0} İş Emri {1} ile eşleşmiyor,
First Email,İlk E-posta,
First Name,Adı,
First Responded On,İlk Yanıt Tarihi,
First Response Due,İlk Müdahale Zamanı,
First Response SLA Failed by {},İlk Müdahale SLA'sı {} Tarafından Başarısız Oldu,
First Response Time,İlk Müdahale Süresi,
First Response Time for Issues,Sorunlara İlk Müdahale Süresi,
First Response Time for Opportunity,Fırsat İçin İlk Yanıtlama Süresi,
"Fiscal Regime is mandatory, kindly set the fiscal regime in the company {0}","Vergi Sistemi zorunludur, lütfen {0} şirketinde vergi sistemini ayarlayın.",
Fiscal Year,Mali Yıl,
Fiscal Year Company,Şirket Mali Yılı,
Fiscal Year End Date should be one year after Fiscal Year Start Date,"Mali Yıl Sonu Tarihi, Mali Yıl Başlama Tarihi'nden bir yıl sonra olmalıdır",
Fiscal Year Start Date and Fiscal Year End Date are already set in Fiscal Year {0},Mali Yıl Başlangıç Tarihi ve Mali Yıl Bitiş Tarihi zaten Mali Yılda ayarlanmıştır {0},
Fiscal Year {0} Does Not Exist,Mali Yıl {0} Mevcut Değil,
Fiscal Year {0} does not exist,Mali yıl {0} mevcut değil,
Fiscal Year {0} is required,Mali yıl {0} gereklidir,
Fixed,Sabit,
Fixed Asset,Sabit Varlık,
Fixed Asset Account,Sabit Varlık Hesabı,
Fixed Asset Defaults,Sabit Varlık Varsayılanları,
Fixed Asset Item must be a non-stock item.,Sabit Varlık Kalemi stok dışı bir kalem olmalıdır.,
Fixed Asset Register,Varlık Kayıt Defteri,
Fixed Assets,Sabit Varlıklar,
Fixed Deposit Number,Sabit Mevduat Numarası,
Fixed Rate,Sabit Fiyat,
Fixed Time,Sabit Zaman,
Fleet Manager,Filo Yöneticisi,
Floor,Üretim Alanı,
Floor Name,Adı,
Focus on Item Group filter,Ürün Grubu filtresine odaklan,
Focus on search input,Arama girdisine odaklan,
Folio no.,Folyo serisi.,
Follow Calendar Months,Takvim Aylarını Takip Edin,
Following Material Requests have been raised automatically based on Item's re-order level,"Aşağıdaki Malzeme Talepleri, Ürünün yeniden sipariş seviyesine göre otomatik olarak oluşturulmuştur.",
Following fields are mandatory to create address:,Adres oluşturmak için aşağıdaki alanların doldurulması zorunludur:,
For,için,
"For 'Product Bundle' items, Warehouse, Serial No and Batch No will be considered from the 'Packing List' table. If Warehouse and Batch No are same for all packing items for any 'Product Bundle' item, those values can be entered in the main Item table, values will be copied to 'Packing List' table.","'Ürün Paketi' kalemleri için Depo, Seri No ve Parti No 'Paketleme Listesi' tablosundan dikkate alınacaktır. Herhangi bir 'Ürün Paketi' kalemi için Depo ve Parti No tüm ambalaj kalemleri için aynıysa, bu değerler ana Kalem tablosuna girilebilir, değerler 'Paketleme Listesi' tablosuna kopyalanacaktır.",
For Buying,Alış için,
For Company,Şirket Seçimi,
For Default Supplier (Optional),Varsayılan Tedarikçi (İsteğe Bağlı),
For Item,Ürün için,
For Item {0} cannot be received more than {1} qty against the {2} {3},{0} Ürünü için {2} {3} karşılığında {1} miktarından fazla alınamaz.,
For Job Card,İş Kartı İçin,
For Operation,Operasyon,
For Price List,Fiyat Listesi Seçimi,
For Production,Üretim için,
For Quantity (Manufactured Qty) is mandatory,Üretim Miktarı zorunludur,
"For Return Invoices with Stock effect, '0' qty Items are not allowed. Following rows are affected: {0}",Stok etkili İade Faturaları için '0' adetlik Kalemlere izin verilmez. Aşağıdaki satırlar etkilenir: {0},
For Selling,Satış için,
For Supplier,Tedarikçi,
For Warehouse,Hedef Depo,
For Work Order,İş Emri İçin,
"For an item {0}, quantity must be negative number","{0} öğesinde, miktar negatif sayı olmalıdır",
"For an item {0}, quantity must be positive number","Bir öğe için {0}, miktar pozitif sayı olmalıdır",
For dunning fee and interest,İhtar ücreti ve faiz için,
"For e.g. 2012, 2012-13","Örneğin 2020, 2020-21",
For how much spent = 1 Loyalty Point,Ne kadar kaldı = 1 Sadakat Noktası,
For individual supplier,Bireysel tedarikçi için,
"For item {0}, rate must be a positive number. To Allow negative rates, enable {1} in {2}",{0} Ürünü için oran pozitif bir sayı olmalıdır. Negatif oranlara izin vermek için {2} sayfasında {1} ayarını etkinleştirin,
For operation {0}: Quantity ({1}) can not be greater than pending quantity({2}),{0} Operasyonu için: Miktar ({1}) bekleyen ({2}) miktarıdan büyük olamaz,
For quantity {0} should not be greater than allowed quantity {1},{0} Miktarı izin verilen {1} miktarından büyük olmamalıdır,
For reference,Referans İçin,
"For row {0} in {1}. To include {2} in Item rate, rows {3} must also be included","Satır {0} için {1} belgesi. Ürün fiyatına {2} masrafı dahil etmek için, satır {3} de dahil edilmelidir.",
For row {0}: Enter Planned Qty,Satır {0}: Planlanan Miktarı Girin,
For the 'Apply Rule On Other' condition the field {0} is mandatory,‘Başka Bir Kurala Uygula’ koşulu için {0} alanı zorunludur.,
"For the convenience of customers, these codes can be used in print formats like Invoices and Delivery Notes",Müşterilere kolaylık sağlamak için bu kodlar Fatura ve İrsaliye gibi basılı formatlarda kullanılabilir,
"For the item {0}, the quantity should be {1} according to the BOM {2}.","Ürün {0} için miktar, {2} Ürün Ağacına göre {1} olmalıdır.",
"For the {0}, no stock is available for the return in the warehouse {1}.",{0} için {1} deposunda iade için stok bulunmamaktadır.,
"For the {0}, the quantity is required to make the return entry",{0} için iade girişini oluşturmak amacıyla miktar gereklidir.,
Force-Fetch Subscription Updates,Abonelik Güncellemelerini Zorla Getir,
Forecast,Tahmin,
Foreign Trade Details,Dış Ticaret Detayları,
Formula Based Criteria,Formüle Dayalı Kriter,
Forum Activity,Forum Aktivitesi,
Forum Posts,Forum Mesajları,
Forum URL,Forum URL'si,
Frappe Support,Frappe Desteği,
Free Item,Bedelsiz Ürün,
Free Item Rate,Bedelsiz Ürün,
Free item code is not selected,Ücretsiz ürün kodu seçilmedi,
Free item not set in the pricing rule {0},Fiyatlandırma kuralında ücretsiz ürün belirtilmemiş {0},
Freeze Stocks Older Than (Days),Daha Eski Stokları Dondur (Gün),
Freight and Forwarding Charges,Nakliye ve Sevkiyat Ücretleri,
Frequency,Sıklık,
Frequency To Collect Progress,İlerleme İçin Bilgi Alma Sıklığı,
Frequency of Depreciation (Months),Amortisman Sıklığı (Ay),
Frequently Read Articles,Sıkça Okunan Makaleler,
Friday,Cuma,
From,Gönderen,
From BOM,Ürün Ağacından Getir,
From Company,Şirketten,
From Corrective Job Card,Düzeltici İş Kartına Göre,
From Currency,Para Biriminden,
From Currency and To Currency cannot be same,Alınan para birimi verilen para birimi aynı olamaz,
From Customer,Müşteriden,
From Date,Başlangıç Tarihi,
From Date and To Date are Mandatory,Başlangıç Tarihi ve Bitiş Tarihi Zorunludur,
From Date and To Date are mandatory,Başlangıç Tarihi ve Bitiş Tarihi zorunludur,
From Date and To Date lie in different Fiscal Year,Başlangıç Tarihi ve Bitiş Tarihi farklı Mali Yıllar içinde yer alıyor,
From Date cannot be greater than To Date,Başlangıç Tarihi Bitiş Tarihinden büyük olamaz,
From Date is mandatory,Başlangıç Tarihi zorunludur,
From Date must be before To Date,Başlangıç Tarihi Bitiş Tarihinden önce olmalıdır,
From Date should be within the Fiscal Year. Assuming From Date = {0},Başlangıç Tarihi mali yıl içinde olmalıdır. Başlangıç Tarihinin {0} olduğu varsayılıyor,
From Date: {0} cannot be greater than To date: {1},{0} Başlangıç Tarihi {1} Bitiş Tarihinden Büyük Olamaz,
From Datetime,Başlama Zamanı,
From Delivery Date,Teslimat Tarihi Baş. ,
From Delivery Note,İrsaliyeden,
From Doctype,Kaynak Doctype,
From Due Date,Vade Tarihinden İtibaren,
From Employee,Talep Eden Personel,
From External Ecomm Platform,Harici E-Ticaret Platformundan,
From Fiscal Year,Başlangıç Mali Yılı,
From Folio No,Folyo No&#39;dan,
From Invoice Date,Başlangıç Fatura Tarihi,
From Lead,Potansiyel Müşteriden Getir,
From No,Baş. Numarası,
From Opportunity,Fırsattan Getir,
From Package No.,Başlangıç Paket No.,
From Payment Date,Başlangıç Ödeme Tarihi,
From Posting Date,Gönderim Tarihinden,
From Prospect,Potansiyel Müşteriden,
From Range,Başlangıç Aralığı,
From Range has to be less than To Range,Başlangıç Aralığı Bitiş Aralığından küçük olmalıdır,
From Reference Date,Referans Tarihinden İtibaren,
From Shareholder,Hissedarlardan,
From Template,Şablondan Getir,
From Time,Başlangıç Zamanı,
From Time ,Baş. Zamanı,
From Time Should Be Less Than To Time,"Başlangıç Zamanı, Bitiş Zamanından Küçük Olmalıdır.",
From Value,Baş. Değeri,
From Voucher Detail No,Kaynak Fatura No Detayı,
From Voucher No,Kaynak Fatura No,
From Voucher Type,Belge Türüne Göre Seç,
From Warehouse,Kaynak Depo,
From and To Dates are required.,Başlangıç ve Bitiş Tarihleri zorunludur.,
From and To dates are required,Başlangıç ve Bitiş tarihleri gereklidir,
From date cannot be greater than To date,Başlangıç tarihi Bitiş tarihinden büyük olamaz,
From value must be less than to value in row {0},"Satır {0} için başlangıç değeri, bitiş değerinden küçük olmalıdır",
Frozen,Dondur,
Fuel Type,Yakıt Tipi,
Fuel UOM,Yakıt Birimi,
Fulfilled,Karşılandı,
Fulfillment,Yerine Getirme,
Fulfillment User,Yerine Getirme Kullanıcısı,
Fulfilment Deadline,Son Teslim Tarihi,
Fulfilment Details,Gereksinim Detayları,
Fulfilment Status,Karşılanma Durumu,
Fulfilment Terms,Yerine Getirme Şartları,
Fulfilment Terms and Conditions,Yerine Getirilme Şartları ve Koşulları,
Full Name,Tam Adı,
Full and Final Statement,Tam ve Nihai Açıklama,
Fully Billed,Faturalandırıldı,
Fully Completed,Komple Tamamlanmış,
Fully Delivered,Teslim Edildi,
Fully Depreciated,Tamamen Amorti Edilmiş,
Fully Paid,Tamamı Ödenmiş,
Furniture and Fixtures,Mobilya ve Demirbaşlar,
"Further accounts can be made under Groups, but entries can be made against non-Groups","Gruplar sadece hiyerarşi oluşturmak için kullanılır, işlem yaparken sadece alt elemanları seçilebilir.",
Further cost centers can be made under Groups but entries can be made against non-Groups,Gruplar altında daha fazla maliyet merkezi yapılabilir ancak Gruplar dışı kayıtlara karşı girişler yapılabilir,
Further nodes can be only created under 'Group' type nodes,Alt elemanlar yalnızca 'Grup' altında oluşturulabilir.,
Future Payment Amount,Gelecekteki Ödeme Tutarı,
Future Payment Ref,Yaklaşan Ödeme Referansı,
Future Payments,Yaklaşan Ödemeler,
Future date is not allowed,Gelecek tarihe izin verilmiyor,
G - D,G - D,
GL Balance,Genel Muhasebe Bakiyesi,
GL Entry,Genel Muhasebe Girişi,
GL Entry Processing Status,GM Girişleri İşlenme Durumu,
GL reposting index,Genel Muhasebe Yeniden İşlem İndeksi,
GS1,GS1,
GTIN,GTIN,
Gain/Loss,Kazanç / Kayıp,
Gain/Loss Account on Asset Disposal,Sabit Varlık Elden Çıkarmada Kâr / Zarar Hesabı,
Gain/Loss accumulated in foreign currency account. Accounts with '0' balance in either Base or Account currency,Yabancı para birimi hesabında biriken Kar/Zarar. Ana para birimi veya hesap para biriminde '0' bakiye bulunan hesaplar,
Gain/Loss already booked,Kazanç/Kayıp zaten kaydedildi,
Gain/Loss from Revaluation,Yeniden Değerlemeden Kaynaklanan Kâr/Zarar,
Gain/Loss on Asset Disposal,Varlık Elden Çıkarma Kar/Zarar,
Gantt Chart,Gantt Şeması,
Gantt chart of all tasks.,Bütün görevlerinin Gantt Şeması.,
Gender,Cinsiyeti,
General,Genel,
General Ledger,Genel Muhasebe,
General Settings,Genel Ayarlar,
General and Payment Ledger Comparison,Genel ve Ödeme Defteri Karşılaştırması,
General and Payment Ledger mismatch,Genel ve Ödeme Defteri uyuşmazlığı,
Generate Demo Data for Exploration,Demo Verisi Oluştur,
Generate E-Invoice,E-Fatura Oluştur,
Generate Invoice At,Fatura Oluşturma Tarihi,
Generate New Invoices Past Due Date,Son Tarihi Geçmiş Yeni Faturalar Hesabı,
Generate Schedule,Plan Oluştur,
Generate Stock Closing Entry,Stok Kapanış Girişi Oluştur,
"Generate packing slips for packages to be delivered. Used to notify package number, package contents and its weight.","Teslim edilecek paketler için paketleme fişleri oluşturur. Paket numarasını, paket içeriğini ve ağırlığını bildirmek için kullanılır.",
Generated,Oluşturuldu,
Generating Preview,Önizleme Oluşturuluyor,
Get Advances Paid,Peşinat Ödemesi Alın,
Get Advances Received,Peşinatları Getir,
Get Allocations,Tahsisleri Getir,
Get Current Stock,Mevcut Stoğu Al,
Get Customer Group Details,Müşteri Grubu Ayrıntıları,
Get Entries,Girişleri Alın,
Get Finished Goods,Bitmiş Ürünleri Getir,
Get Finished Goods for Manufacture,Üretim İçin Bitmiş Ürünleri Al,
Get Invoices,Faturaları Getir,
Get Invoices based on Filters,Filtrelere Göre Faturaları Getir,
Get Item Locations,Malzeme Konumlarını Getir,
Get Items,Ürünleri Getir,
Get Items From,Ürünleri Getir,
Get Items for Purchase / Transfer,Satın Alma / Transfer için Ürünleri Alın,
Get Items for Purchase Only,Yalnızca Satın Alınacak Ürünleri Alın,
Get Items from BOM,Ürün Ağacından Getir,
Get Items from Material Requests against this Supplier,Bu Tedarikçiye karşılık gelen Malzeme Taleplerinden Ürünleri Getir,
Get Items from Open Material Requests,Açık Malzeme Taleplerinden Ürünleri Getir,
Get Items from Product Bundle,Ürün Paketindeki Ürünleri Getir,
Get Latest Query,Son Sorguyu Al,
Get Material Request,Malzeme Talebini Getir,
Get Outstanding Invoices,Ödenmemiş Faturaları Getir,
Get Outstanding Orders,Ödenmemiş Siparişleri Getir,
Get Payment Entries,Ödeme Kayıtlarını Getir,
Get Payments from,Ödemeleri Alın,
Get Raw Materials Cost from Consumption Entry,Tüketim Girişinden Hammadde Maliyetini Getir,
Get Sales Orders,Satış Siparişlerini Getir,
Get Scrap Items,Hurda Ürünleri Getir,
Get Started Sections,Başlarken Bölümleri,
Get Stock,Stok Getir,
Get Sub Assembly Items,Alt Montaj Ürünlerini Getir,
Get Supplier Group Details,Tedarikçi Grubu Ayrıntılarını Alın,
Get Suppliers,Tedarikçileri Getir,
Get Suppliers By,Kriter Seçimi,
Get Timesheets,Zaman Çizelgesini Getir,
Get Unreconciled Entries,Mutabık Olunmayanları Getir,
Get stops from,Durakları Getir,
Getting Scrap Items,Hurda Ürünlerin Alınması,
Gift Card,hediye kartı,
Give free item for every N quantity,Her N adet için ücretsiz ürün verin,
Global Defaults,Genel Varsayılanlar,
Go back,Geri git,
Go to {0} List,{0} Listesine Git,
Goal,Hedef,
Goods,Ürünler,
Goods In Transit,Taşıma Halindeki Ürünler,
Goods Transferred,Transfer Edilen Mallar,
Goods are already received against the outward entry {0},{0} numaralı çıkış kaydına karşılık mallar zaten alınmış,
Government,Hükümet,
Grace Period,Grace Dönemi,
Grade,Ünvan,
Graduate,Mezun,
Grand Total,Genel Toplam,
Grand Total (Company Currency),Genel Toplam (Şirket Para Birimi),
Grant Commission,Komisyona İzin Ver,
Greater Than Amount,Tutardan Büyük,
Green,Yeşil,
Greeting Message,Karşılama Mesajı,
Greeting Subtitle,Selamlama Alt Başlığı,
Greeting Title,Selamlama Başlığı,
Greetings Section,Selamlaşma Bölümü,
Gross Margin,Brut Marj,
Gross Margin %,Brüt Kar Marjı %,
Gross Profit,Brüt Kâr,
Gross Profit / Loss,Brüt Kâr / Zarar,
Gross Profit Percent,Brüt Kâr Yüzdesi,
Gross Purchase Amount,Brüt Alış Tutarı,
Gross Purchase Amount is mandatory,Brüt Alış Tutarı zorunludur,
Gross Purchase Amount should be <b>equal</b> to purchase amount of one single Asset.,"Brüt Satın Alma Tutarı, tek bir Varlığın satın alma tutarına <b>eşit</b> olmalıdır.",
Gross Weight,Brüt Ağırlık,
Gross Weight UOM,Brüt Ağırlık Birimi,
Gross and Net Profit Report,Brüt ve Net Kâr Raporu,
Group,Grup,
Group By,Grup,
Group By Customer,Müşteriye Göre Gruplandır,
Group By Supplier,Tedarikçiye Göre Gruplandır,
Group Node,Grup Kategorisi,
Group Same Items,Aynı Ögeleri Grupla,
Group Warehouses cannot be used in transactions. Please change the value of {0},Grup Depoları işlemlerde kullanılamaz. Lütfen {0} değerini değiştirin.,
Group by,Gruplandır,
Group by Material Request,Malzeme Talebine Göre Gruplandır,
Group by Party,Cariye Göre,
Group by Purchase Order,Satın Almaya Göre Gruplandır,
Group by Sales Order,Satışlara Göre Gruplandır,
Group by Voucher,Faturaya Göre Gruplandır,
Group node warehouse is not allowed to select for transactions,Deponun Ana Kategorisi işlemler için kullanılamaz,
Group same items,Aynı öğeleri gruplandır,
Groups,Gruplar,
Growth View,Büyüme Görünümü,
H - F,H - F,
HR,İnsan Kaynakları,
HR & Payroll,Bordro,
HR & Payroll Settings,İnsan Kaynakları & Bordro Ayarları,
HR Manager,İnsan Kaynakları Müdürü,
HR User,İnsan Kaynakları Kullanıcısı,
Half Yearly,Yarım Yıllık,
Half-Yearly,6 Aylık,
Half-yearly,6 Aylık,
Handle Employee Advances,Çalışan Avanslarını Yönetin,
Hardware,Donanım,
Has Alternative Item,Alternatif Ürün Var,
Has Batch No,Parti Numarası Var,
Has Certificate ,Sertifikalı,
Has Corrective Cost,Düzeltici Maliyet,
Has Expiry Date,Son Kullanma Tarihi Var,
Has Item Scanned,Ürün Taraması,
Has Print Format,Baskı Biçimi vardır,
Has Priority,Önceliği Var,
Has Serial No,Seri Numarası Var,
Has Variants,Varyasyon,
Have Default Naming Series for Batch ID?,Parti Kimliği için Varsayılan Adlandırma Serileri Var mı?,
Heads (or groups) against which Accounting Entries are made and balances are maintained.,Muhasebe Girişlerinin yapıldığı ve bakiyelerin korunduğu başlıklar veya gruplar.,
Health Details,Sağlık Detayları,
Health Insurance,Sağlık Sigortası,
Health Insurance No,Sağlık Sigortası No,
Health Insurance Provider,Sağlık Sigortası Sağlayıcısı,
Heatmap,Isı Haritası,
Height (cm),Yükseklik (cm),
"Hello,","Merhaba,",
Help,Yardım,
Help Article,Yardım Maddesi,
Help Articles,Yardım Makaleleri,
Help Results for,Yardım Sonuçları,
Help Section,Yardım Bölümü,
Help Text,Yardım Metni,
Helps you distribute the Budget/Target across months if you have seasonality in your business.,İşletmenizde mevsimsel çalışma varsa Bütçeyi/Hedefi aylara dağıtmanıza yardımcı olur.,
Here are the error logs for the aforementioned failed depreciation entries: {0},Yukarıda bahsedilen başarısız amortisman girişleri için hata kayıtları şunlardır: {0},
Here are the options to proceed:,İşleme devam etmek için seçenekleriniz:,
"Here you can maintain family details like name and occupation of parent, spouse and children","Burada ebeveyn, eş ve çocukların adı ve mesleği gibi aile ayrıntılarını belirtebilirsiniz.",
"Here you can maintain height, weight, allergies, medical concerns etc","Boy, kilo, alerji, tıbbi rahatsızlıklar vb.",
"Here, you can select a senior of this Employee. Based on this, Organization Chart will be populated.","Burada, bu Çalışanın bir üst düzeyini seçebilirsiniz. Buna bağlı olarak, Organizasyon Şeması doldurulacaktır.",
"Here, your weekly offs are pre-populated based on the previous selections. You can add more rows to also add public and national holidays individually.","Burada, haftalık izinleriniz önceki seçimlere göre önceden doldurulur. Resmi ve ulusal tatilleri ayrı ayrı eklemek için daha fazla satır ekleyebilirsiniz.",
"Hi,","Merhaba,",
Hidden list maintaining the list of contacts linked to Shareholder,Hissedar ile bağlantılı alıcıları koruyan gizli liste,
Hide Currency Symbol,Para Birimi Sembolünü Gizle,
Hide Customer's Tax ID from Sales Transactions,Satış İşlemlerinde Müşterinin Vergi Numarasını Gizle,
Hide Images,Resimleri Gizle,
Hide Recent Orders,Son Siparişleri Gizle,
Hide Unavailable Items,Kullanılamayan Öğeleri Gizle,
High,Yüksek,
"Higher the number, higher the priority","Yüksek Sayı, Yüksek Öncelik Anlamına Gelir",
History In Company,Firma Geçmişi,
Hold,Beklemede,
Hold Invoice,Faturayı Beklet,
Hold Type,Bekletme Türü,
Holiday,Tatil,
Holiday Date {0} added multiple times,{0} Tatil Tarihi birden çok kez eklendi,
Holiday List,Tatil Listesi,
Holiday List Name,Tatil Listesi Adı,
Holidays,Tatiller,
Hour Rate,Saatlik Ücret,
Hourly,Saatlik,
Hours,Saat,
Hours Spent,Harcanan saat,
How frequently?,Sıklık,
How often should Project and Company be updated based on Sales Transactions?,Satış İşlemlerine göre Proje ve Şirketin güncellenme sıklığı.,
How often should Project be updated of Total Purchase Cost ?,Projenin Toplam Satın Alma Maliyeti Güncelleme Sıklığı,
Hrs,Saat,
Human Resources,İnsan Kaynakları,
I - J,I - J,
I - K,I - K,
IBAN,IBAN,
IBAN is not valid,IBAN geçerli değil,
ID,ID,
IP Address,IP Adresi,
IRS 1099,IRS 1099,
ISBN,ISBN,
ISBN-10,ISBN-10,
ISBN-13,ISBN-13,
ISSN,ISSN,
Id,ID,d
Identification of the package for the delivery (for print),Teslimat için paketin tanımlanması (baskı için),
Identifying Decision Makers,Karar Vericilerin Belirlenmesi,
Idle,Boşta,
"If ""Months"" is selected, a fixed amount will be booked as deferred revenue or expense for each month irrespective of the number of days in a month. It will be prorated if deferred revenue or expense is not booked for an entire month","""Eğer ""Aylar"" seçilirse, bir ayın gün sayısına bakılmaksızın her ay için sabit bir miktar ertelenmiş gelir veya gider olarak kaydedilecektir. Ertelenmiş gelir veya gider bir ay boyunca kaydedilmezse bu orantılı olarak dağıtılacaktır.",
"If <b>Enabled</b> - Reconciliation happens on the <b>Advance Payment posting date</b><br>
If <b>Disabled</b> - Reconciliation happens on oldest of 2 Dates: <b>Invoice Date</b> or the <b>Advance Payment posting date</b><br>
","<b>Etkinleştirilmişse</b> - Mutabakat, <b>Avans Ödemesi kayıt tarihinde</b> gerçekleşir<br>
<b>Devre Dışı</b> Bırakılmışsa - Mutabakat, 2 Tarihten en eskisinde gerçekleşir: <b>Fatura Tarihi</b> veya <b>Avans Ödemesi kayıt</b> <b>tarihi</b><br>
",
"If Auto Opt In is checked, then the customers will be automatically linked with the concerned Loyalty Program (on save)","Otomatik Katılım seçeneği işaretliyse, müşteriler otomatik olarak ilgili Sadakat Programına bağlanacaktır (kaydedildiğinde)",
If Income or Expense,Gelir veya Gider için seçebilirsiniz,
"If an operation is divided into sub operations, they can be added here.",Bir operasyon alt operasyonlara bölünmüşse buraya eklenebilir.,
"If blank, parent Warehouse Account or company default will be considered in transactions","Boş bırakılırsa, işlemlerde Ana Depo Hesabı veya Şirket Varsayılanı dikkate alınacaktır.",
"If checked, Rejected Quantity will be included while making Purchase Invoice from Purchase Receipt.",Satın Alma İrsaliyesinden Satın Alma Faturası oluşturulurken Reddedilen Miktar da dahil edilecektir.,
"If checked, Stock will be reserved on <b>Submit</b>","İşaretlenirse, Stok <b>Gönder</b> butonuna nasıldığında rezerve edilecektir",
"If checked, picked qty won't automatically be fulfilled on submit of pick list.",İşaretlenirse seçilen miktar çeki listesinin gönderilmesi sırasında otomatik olarak yerine getirilmeyecektir.,
"If checked, the tax amount will be considered as already included in the Paid Amount in Payment Entry","İşaretlendiğinde, vergi tutarı Ödeme Girişindeki Ödenen Tutar'a zaten dahil edilmiş olarak kabul edilir.",
"If checked, the tax amount will be considered as already included in the Print Rate / Print Amount",Vergi tutarı belirtilen oran/tutar içerisinde zaten dahil olarak kabul edilir.,
"If checked, we will create demo data for you to explore the system. This demo data can be erased later.","İşaretlenirse, sistemi keşfetmeniz için demo verileri oluşturacağız. Bu demo verileri daha sonra silinebilir.",
If different than customer address,Müşteri şirketinden farklı ise,
"If disable, 'In Words' field will not be visible in any transaction","""Yazı ile"" alanı hiçbir işlemde görünmeyecektir",
"If disable, 'Rounded Total' field will not be visible in any transaction",Yuvarlanmış Toplam alanı hiçbir işlemde görünmeyecektir,
If enabled then system won't apply the pricing rule on the delivery note which will be create from the pick list,"Etkinleştirilirse sistem, çekme listesinden oluşturulacak irsaliyeye fiyatlandırma kuralını uygulamaz",
If enabled then system won't override the picked qty / batches / serial numbers.,"Etkinleştirilirse, sistem seçilen adet / parti / seri numaralarını geçersiz kılmaz.",
"If enabled, a print of this document will be attached to each email","Etkinleştirilirse, bu belgenin bir çıktısı her e-postaya eklenecektir",
"If enabled, additional ledger entries will be made for discounts in a separate Discount Account","Etkinleştirilirse, indirimler için ayrı bir İndirim Hesabında ek muhasebe girişleri yapılır.",
"If enabled, all files attached to this document will be attached to each email",B belgeye eklenen tüm dosyalar her e-postaya da eklenir.,
"If enabled, do not update serial / batch values in the stock transactions on creation of auto Serial 
 / Batch Bundle. ","Etkinleştirildiğinde, otomatik Seri 
 / Toplu Paket oluşturulması durumunda stok hareketlerindeki seri / toplu değerleri güncellemez. ",
"If enabled, ledger entries will be posted for change amount in POS transactions","Etkinleştirilirse, POS hareketlerinde değişiklik tutarı için genel muhasebe girişleri kaydedilir.",
"If enabled, the consolidated invoices will have rounded total disabled","Etkinleştirilirse, konsolide faturalarda yuvarlanmış toplam devre dışı bırakılır",
"If enabled, the item rate won't adjust to the valuation rate during internal transfers, but accounting will still use the valuation rate.","İç transferler sırasında ürün fiyatı, değerleme oranına göre ayarlanmaz ancak muhasebe işlemleri yine de değerleme oranını kullanır.",
"If enabled, the system will use the moving average valuation method to calculate the valuation rate for the batched items and will not consider the individual batch-wise incoming rate.","Etkinleştirilirse, sistem toplu kalemlerin değerleme oranını hesaplamak için hareketli ortalama değerleme yöntemini kullanacak ve tek tek parti bazında gelen oranı dikkate almayacaktır.",
"If enabled, then system will only validate the pricing rule and not apply automatically. User has to manually set the discount percentage / margin / free items to validate the pricing rule","Etkinleştirilirse, sistem fiyatlandırma kuralını yalnızca doğrulayacak ve otomatik olarak uygulamayacaktır. Kullanıcı, fiyatlandırma kuralını doğrulamak için indirim yüzdesini / marjı / ücretsiz ürünleri manuel olarak ayarlamalıdır",
"If item is a variant of another item then description, image, pricing, taxes etc will be set from the template unless explicitly specified","Ürün başka bir ürünün varyantıysa, özel olarak belirtilmediği sürece açıklama, resim, fiyatlandırma, vergiler vb. şablondan ayarlanacaktır.",
"If mentioned, the system will allow only the users with this Role to create or modify any stock transaction earlier than the latest stock transaction for a specific item and warehouse. If set as blank, it allows all users to create/edit back-dated transactions.","Sistem, bu Roldeki kullanıcılara belirli bir ürün ve depo için en son stok işleminden daha eski tarihli stok işlemlerini oluşturma veya değiştirme izni verir. Boş bırakılırsa, tüm kullanıcılara geriye dönük işlemleri oluşturma ve düzenleme yetkisi verilir.",
If more than one package of the same type (for print),Aynı türden birden fazla paket varsa (baskı için),
"If not, you can Cancel / Submit this entry","Aksi takdirde, bu girişi İptal Edebilir veya Gönderebilirsiniz",
"If rate is zero then item will be treated as ""Free Item""","Fiyat sıfır ise Ürün ""Ücretsiz Ürün"" olarak değerlendirilecektir",
If subcontracted to a vendor,Eğer bir tedarikçiye alt yüklenici olarak verilirse,
"If the BOM results in Scrap material, the Scrap Warehouse needs to be selected.",Ürün Ağacının Hurda malzemeyle sonuçlanması durumunda Hurda Deposunun seçilmesi gerekir.,
"If the account is frozen, entries are allowed to restricted users.","Eğer hesap dondurulursa, yeni girişleri belirli kullanıcılar yapabilir.",
"If the item is transacting as a Zero Valuation Rate item in this entry, please enable 'Allow Zero Valuation Rate' in the {0} Item table.","Eğer ürünün değerinin sıfır olmasını istiyorsanız, Ürünler tablosundan ""Sıfır Değerlemeye İzin Ver"" kutusunu işaretleyebilirsiniz.",
"If the selected BOM has Operations mentioned in it, the system will fetch all Operations from BOM, these values can be changed.","Seçilen Ürün Ağacında belirtilen İşlemler varsa, sistem Ürün Ağacından tüm İşlemleri getirir, bu değerler değiştirilebilir.",
"If there is no assigned timeslot, then communication will be handled by this group","Atanmış bir zaman dilimi yoksa, iletişim bu grup tarafından gerçekleştirilecektir.",
"If there is no title column, use the code column for the title.","Başlık sütunu yoksa, başlık için kod sütununu kullanın.",
"If this checkbox is checked, paid amount will be splitted and allocated as per the amounts in payment schedule against each payment term",Ödenen tutar bölünecek ve her bir ödeme dönemine göre ödeme planındaki tutarlara göre tahsis edilecektir.,
If this is checked subsequent new invoices will be created on calendar  month and quarter start dates irrespective of current invoice start date,"Bu kontrol edilirse, faturanın mevcut başlangıç dönemlerinde geçen takvim ayı ve üç aylık başlangıç tarihlerinde bir sonraki yeni faturalar oluşturulacaktır.",
If this is unchecked Journal Entries will be saved in a Draft state and will have to be submitted manually,Bu işaretlenmezse Yevmiye Kayıtları Taslak durumuna kaydedilir ve manuel olarak gönderilmesi gerekir,
"If this is unchecked, direct GL entries will be created to book deferred revenue or expense","Eğer bu seçenek işaretlenmezse, ertelenmiş gelir veya gideri kaydetmek için doğrudan GL girişleri oluşturulacaktır.",
If this is undesirable please cancel the corresponding Payment Entry.,Eğer bu istenmiyorsa lütfen ilgili Ödeme Girişini iptal edin.,
"If this item has variants, then it cannot be selected in sales orders etc.","Bu ürünün varyantları varsa, satış siparişlerinde vb. seçilemez.",
"If this option is configured 'Yes', ERPNext will prevent you from creating a Purchase Invoice or Receipt without creating a Purchase Order first. This configuration can be overridden for a particular supplier by enabling the 'Allow Purchase Invoice Creation Without Purchase Order' checkbox in the Supplier master.","Bu seçenek 'Evet' olarak yapılandırılırsa, ERPNext önce bir Satınalma Siparişi oluşturmadan Satınalma Faturası veya Fişi oluşturmanızı engelleyecektir. Bu yapılandırma, Tedarikçi ana verisinde 'Satınalma Siparişi Olmadan Satınalma Faturası Oluşturulmasına İzin Ver' onay kutusunu etkinleştirerek belirli bir tedarikçi için geçersiz kılınabilir.",
"If this option is configured 'Yes', ERPNext will prevent you from creating a Purchase Invoice without creating a Purchase Receipt first. This configuration can be overridden for a particular supplier by enabling the 'Allow Purchase Invoice Creation Without Purchase Receipt' checkbox in the Supplier master.","Bu seçenek 'Evet' olarak yapılandırılırsa, ERPNext önce bir Satınalma Makbuzu oluşturmadan bir Satınalma Faturası oluşturmanızı engelleyecektir. Bu yapılandırma, Tedarikçi ana verisinde 'Satınalma Makbuzu Olmadan Satınalma Faturası Oluşturulmasına İzin Ver' onay kutusunu etkinleştirerek belirli bir tedarikçi için geçersiz kılınabilir.",
"If ticked, multiple materials can be used for a single Work Order. This is useful if one or more time consuming products are being manufactured.","İşaretlenirse, tek bir İş Emri için birden fazla malzeme kullanılabilir. Bu, bir veya daha fazla zaman alıcı ürün üretiliyorsa yararlıdır.",
"If ticked, the BOM cost will be automatically updated based on Valuation Rate / Price List Rate / last purchase rate of raw materials.","İşaretlenirse, Ürün Ağacı maliyeti Değerleme Oranı / Fiyat Listesi Oranı / hammaddelerin son satın alma oranına göre otomatik olarak güncellenecektir.",
"If unlimited expiry for the Loyalty Points, keep the Expiry Duration empty or 0.","Sadakat Puanları için sınırsız son kullanma tarihi varsa, Son Kullanma Süresi alanını boş veya 0 tutun.",
"If yes, then this warehouse will be used to store rejected materials",Reddedilen malzemeleri depolamak için kullanılacak,
"If you are maintaining stock of this Item in your Inventory, ERPNext will make a stock ledger entry for each transaction of this item.","Bu Ürünün stokunu Envanterinizde tutuyorsanız, ERPNext bu ürünün her işlemi için bir stok defteri girişi yapacaktır.",
"If you need to reconcile particular transactions against each other, then please select accordingly. If not, all the transactions will be allocated in FIFO order.","Belirli işlemleri birbiriyle mutabık hale getirmeniz gerekiyorsa, lütfen buna göre seçin. Aksi takdirde, tüm işlemler FIFO sırasına göre tahsis edilecektir.",
"If you still want to proceed, please disable 'Skip Available Sub Assembly Items' checkbox.","Yine de devam etmek istiyorsanız, lütfen 'Mevcut Alt Montaj Öğelerini Atla' onay kutusunu devre dışı bırakın.",
"If you still want to proceed, please enable {0}.",Hala devam etmek istiyorsanız lütfen {0} ayarını etkinleştirin.,
"If you {0} {1} quantities of the item {2}, the scheme {3} will be applied on the item.","Eğer {0} {1} miktarındaki {2} ürününü alırsanız, {3} planı bu ürün için uygulanacaktır.",
"If you {0} {1} worth item {2}, the scheme {3} will be applied on the item.","Eğer {0} {1} değerinde {2} ürünü alırsanız, {3} planı bu ürün için uygulanacaktır.",
"If your CSV uses a different delimiter, add that character here, ensuring no spaces or additional characters are included.","CSV dosyanız farklı bir ayırıcı kullanıyorsa, o karakteri buraya ekleyin ve boşluk veya ek karakter olmadığından emin olun.",
Ignore,Yoksay,
Ignore Account Closing Balance,Hesap Kapanış Bakiyesini Yoksay,
Ignore Closing Balance,Kapanış Bakiyesini Yoksay,
Ignore Default Payment Terms Template,Varsayılan Ödeme Koşulları Şablonunu Yoksay,
Ignore Employee Time Overlap,Personel Zaman Çakışmasını Yoksay,
Ignore Empty Stock,Boş Stoku Yoksay,
Ignore Existing Ordered Qty,Mevcut Sipariş Miktarını Yoksay,
Ignore Existing Projected Quantity,Mevcut Öngörülen Miktarı Yoksay,
Ignore Is Opening check for reporting,Raporlama için Açılış kontrolünü yoksay,
Ignore Pricing Rule,Fiyatlandırma Kuralını Yoksay,
Ignore Pricing Rule is enabled. Cannot apply coupon code.,Fiyatlandırma Kuralını Yoksay etkinleştirildi. Kupon kodu uygulanamıyor.,
Ignore System Generated Credit / Debit Notes,Otomatik Oluşturulan Alacak ve Borçları Yoksay,
Ignore User Time Overlap,Kullanıcı Zaman Çakışmasını Yoksay,
Ignore Voucher Type filter and Select Vouchers Manually,Belge Türü filtresini yok say ve Belgeleri Manuel Seç,
Ignore Workstation Time Overlap,İş İstasyonu Zaman Çakışmasını Yoksay,
Ignores legacy Is Opening field in GL Entry that allows adding opening balance post the system is in use while generating reports,Raporlar oluşturulurken sistemin kullanımda olduğu açılış bakiyesi sonrası eklemeye izin veren Defter Girişindeki eski Açılış mı alanını yok sayar,
Image,Resim,
Image View,Resim Görünümü,
Impairment,Değer Düşüklüğü,
Import,İçe Aktar,
Import Chart of Accounts from a csv file,Hesap Planını bir csv dosyasından içe aktarın,
Import File,Dosyayı İçe Aktar,
Import File Errors and Warnings,İçe Aktarma Dosyası Hataları ve Uyarıları,
Import Genericode File,Genericode Dosyasını İçe Aktar,
Import Invoices,İthalat Faturaları,
Import Log,Günlüğü İçe Aktar,
Import Log Preview,İçe Aktarma Günlüğü Önizlemesi,
Import Preview,İçe Aktarma Önizlemesi,
Import Progress,İçeri Aktarma İlerlemesi,
Import Successful,İçeri Aktarma Başarılı,
Import Supplier Invoice,Tedarikçi Faturasını İçe Aktar,
Import Type,İçe Aktarma Türü,
Import Using CSV file,CSV dosyasını kullanarak içe aktar,
Import Warnings,İçeri Aktarma Uyarıları,
Import completed. {0} common codes created.,İçe aktarma tamamlandı. {0} ortak kod oluşturuldu.,
Import from Google Sheets,Google E-Tablolar'dan İçe Aktar,
Import in Bulk,Toplu İçe Aktarma,
Importing Common Codes,Ortak Kodlar İçe Aktarılıyor,
"Importing {0} of {1}, {2}",{2} İçe Aktarılıyor {0}/{1},
In House,Firma,
In Maintenance,Bakımda,
In Mins,Dakika,
In Minutes,Dakika,
In Party Currency,Cari Para Birimi,
In Percentage,Yüzde Olarak,
In Process,İşlemde,
In Production,Üretimde,
In Progress,İşlemde,
In Qty,Miktar olarak,
In Stock,Stokta,
In Stock Qty,Stok Miktarı,
In Transit,Taşınma Durumunda,
In Transit Transfer,Transfer Sürecinde,
In Transit Warehouse,Taşıma Deposu,
In Value,Giriş Maliyeti,
In Words,Yazı İle,
In Words (Company Currency),Yazı İle,
In Words (Export) will be visible once you save the Delivery Note.,"Yazı İle alanı, İrsaliyeyi kaydettiğinizde görünür olacaktır.",
In Words will be visible once you save the Delivery Note.,Tutarın Yazılı Hali İrsaliyeyi koruduğunuzda görünür olacaktır,
In Words will be visible once you save the Sales Invoice.,Satış faturasını saklayacağınızda görünür olacaktır.,
In Words will be visible once you save the Sales Order.,"Yazı İle, Satış Siparişini kaydettiğinizde görünür olacaktır.",
In mins,Dakika,
In minutes,Dakika,
"In row {0} of Appointment Booking Slots: ""To Time"" must be later than ""From Time"".","Randevu Rezervasyon Slotları’nın {0}. satırında: “Bitiş Saati”, “Başlangıç Saati”nden sonra olmalıdır.",
In stock,Stokta,
"In the case of multi-tier program, Customers will be auto assigned to the concerned tier as per their spent","Çok kademeli bir program durumunda, müşteriler harcamalarına göre ilgili seviyeye otomatik olarak atanacaktır.",
"In this section, you can define Company-wide transaction-related defaults for this Item. Eg. Default Warehouse, Default Price List, Supplier, etc.","Bu bölümde, bu ürün için Şirket Genelinde yapılacak işlemlerle ilgili varsayılanları tanımlayabilirsiniz. Örneğin; Varsayılan Depo, Varsayılan Fiyat Listesi, Tedarikçi vb.",
Inactive,Pasif,
Inactive Customers,Aktif Olmayan Müşteriler,
Inactive Sales Items,Etkin Olmayan Satış Ürünleri,
Inactive Status,İnaktif Durum,
Incentives,Teşfikler,
Include Account Currency,Hesap Para Birimini Dahil Et,
Include Ageing Summary,Yaşlanma Özetini Dahil Et,
Include Closed Orders,Kapalı Siparişleri Dahil Et,
Include Default FB Assets,Varsayılan FD Varlıklarını Dahil Et,
Include Default FB Entries,Varsayılan Defter Girişlerini Dahil Et,
Include Disabled,Kapatılanları Göster,
Include Expired,Süresi Dolanları Dahil Et,
Include Expired Batches,Süresi Dolmuş Partileri Dahil Et,
Include Exploded Items,Patlatılmış Ürünleri Dahil Et,
Include Item In Manufacturing,Üretimde Kullanılabilir,
Include Non Stock Items,Stokta Olmayan Ürünleri Dahil Et,
Include POS Transactions,POS İşlemlerini Dahil Et,
Include Payment,Ödemeyi Dahil Et,
Include Payment (POS),Ödeme Alındı,
Include Reconciled Entries,Mutabakatlı Kayıtları Dahil Et,
Include Safety Stock in Required Qty Calculation,Gereken Ürün Adetini Güvenli Stok Hesabına Dahil Et,
Include Sub-assembly Raw Materials,Alt Üretim Hammaddelerini Dahil Et,
Include Subcontracted Items,Alt Yüklenici Ürünlerini Dahil Et,
Include Timesheets in Draft Status,Zaman Çizelgelerini Taslak Durumuna Dahil Et,
Include UOM,Ölçü Birimini Dahil Et,
Include Zero Stock Items,Stokta Olmayan Ürünleri Dahil Et,
Include in gross,Brüt Dahil,
Included in Gross Profit,Brüt Kâr Dahil,
Including items for sub assemblies,Alt montajlar için gereken ürünler dahil,
Income,Gelir,
Income Account,Gelir Hesabı,
Incoming,Gelen,
Incoming Call Handling Schedule,Gelen Çağrı İşleme Programı,
Incoming Call Settings,Gelen Arama Ayarları,
Incoming Rate,Gelen Ürün Fiyatı,
Incoming Rate (Costing),Gelen Oran (Maliyetlendirme),
Incoming call from {0},{0} adresinden gelen çağrı,
Incorrect Balance Qty After Transaction,İşlem Sonrası Yanlış Bakiye Miktarı,
Incorrect Batch Consumed,Yanlış Parti Tüketildi,
Incorrect Check in (group) Warehouse for Reorder,Yeniden Sipariş İçin Depoda Yanlış Giriş (grup),
Incorrect Component Quantity,Yanlış Bileşen Miktarı,
Incorrect Date,Yanlış Tarih,
Incorrect Invoice,Yanlış Fatura,
Incorrect Payment Type,Hatalı Ödeme Türü,
Incorrect Reference Document (Purchase Receipt Item),Yanlış Referans Belgesi (Satın Alma İrsaliyesi Kalemi),
Incorrect Serial No Valuation,Hatalı Seri No Değerleme,
Incorrect Serial Number Consumed,Yanlış Seri Numarası Tüketildi,
Incorrect Serial and Batch Bundle,Geçersiz Seri ve Parti,
Incorrect Stock Value Report,Yanlış Stok Değeri Raporu,
Incorrect Type of Transaction,Yanlış İşlem Türü,
Incorrect Warehouse,Yanlış Depo,
Incorrect number of General Ledger Entries found. You might have selected a wrong Account in the transaction.,Yanlış Genel Defter Girdileri bulundu. İşlemde yanlış bir hesap seçmiş olabilirsiniz.,
Incoterm,Inkoterm,
Increase In Asset Life(Months),Varlık Ömründeki Artış (Ay),
Increment,Artış,
Increment cannot be 0,Artış 0 olamaz,
Increment for Attribute {0} cannot be 0,{0} Özelliği için Artış 0 olamaz,
Indent,Talep,
Indicates that the package is a part of this delivery (Only Draft),Paketin bu teslimatın bir parçası olduğunu belirtir (Yalnızca Taslak),
Indicator Color,Gösterge Rengi,
Indirect Expense,Dolaylı Gider,
Indirect Expenses,Dolaylı Giderler,
Indirect Income,Dolaylı Gelir,
Individual,Bireysel,
Individual GL Entry cannot be cancelled.,Tek başına Defter Girişi iptal edilemez.,
Individual Stock Ledger Entry cannot be cancelled.,Tek başına Stok Defteri Girişi iptal edilemez.,
Industry,Endüstri,
Industry Type,Endüstri Türü,
Initial Email Notification Sent,Gönderilen İlk E-posta Bildirimi,
Initialize Summary Table,Özet Tablosunu Başlat,
Initiated,Başlatıldı,
Insert New Records,Yeni Kayıt Ekle,
Inspected By,Kontrol Eden,
Inspection Rejected,Kalite Kontrol Rededildi,
Inspection Required,Kalite Kontrol Gerekli,
Inspection Required before Delivery,Teslim Almadan Önce Kontrol Gerekli,
Inspection Required before Purchase,Satın Almadan Önce Kontrol Gerekli,
Inspection Submission,Kontrol Gönderimi,
Inspection Type,Kontrol Türü,
Installation Date,Kurulum Tarihi,
Installation Note,Kurulum Notu,
Installation Note Item,Kurulum Notu Kalemi,
Installation Note {0} has already been submitted,Kurulum Notu {0} zaten gönderilmiş.,
Installation Status,Kurulum Durumu,
Installation Time,Kurulum Zamanı,
Installation date cannot be before delivery date for Item {0},"Kurulum tarihi, Ürün {0} için teslimat tarihinden önce olamaz",
Installed Qty,Depodaki Miktar,
Installing presets,Ön Ayarlar Yükleniyor,
Instruction,Talimat,
Instructions,Talimatlar,
Insufficient Capacity,Yetersiz Kapasite,
Insufficient Permissions,Yetersiz Yetki,
Insufficient Stock,Yetersiz Stok,
Insufficient Stock for Batch,Parti için Yetersiz Stok,
Insurance,Sigorta,
Insurance Company,Sigorta Şirketi,
Insurance Details,Sigorta Detayları,
Insurance End Date,Sigorta Bitiş Tarihi,
Insurance Start Date,Sigorta Başlangıç Tarihi,
Insurance Start date should be less than Insurance End date,Sigorta Başlangıç tarihi Sigorta Bitiş tarihinden küçük olmalıdır,
Insured value,Sigorta Değeri,
Insurer,Sigorta Şirketi,
Integration Details,Entegrasyon Ayrıntıları,
Integration ID,Entegrasyon ID,
Inter Company Invoice Reference,Şirket İçi Fatura Referansı,
Inter Company Journal Entry,Şirketler Arası Defter Girişi,
Inter Company Journal Entry Reference,Şirket içi Yevmiye Kaydı Referansı,
Inter Company Order Reference,Şirketler arası Sipariş Referansı,
Inter Company Reference,Şirketler Arası Referans,
Inter Transfer Reference,Transferler Arası Referans,
Inter Warehouse Transfer Settings,Depolar Arası Transfer Ayarları,
Interest,İlgi Alanı,
Interest and/or dunning fee,Faiz ve/veya gecikme ücreti,
Interested,İlgili,
Internal,Dahili,
Internal Customer,İç Müşteri,
Internal Customer for company {0} already exists,Şirket için İç Müşteri {0} zaten mevcut,
Internal Sale or Delivery Reference missing.,Dahili Satış veya Teslimat Referansı eksik.,
Internal Sales Reference Missing,Dahili Satış Referansı Eksik,
Internal Supplier,İç Tedarikçi,
Internal Supplier for company {0} already exists,{0} şirketinin Dahili Tedarikçisi zaten mevcut,
Internal Transfer,Hesaplar Arası Transfer,
Internal Transfer Reference Missing,Dahili Transfer Referansı Eksik,
Internal Transfers,İç Transferler,
Internal Work History,Firma İçindeki Geçmişi,
Internal transfers can only be done in company's default currency,Hesaplar arası transfer yalnızca şirketin varsayılan para biriminde yapılabilir,
Interval should be between 1 to 59 MInutes,Aralık 1 ila 59 Dakika arasında olmalıdır,
Introduction,Tanıtım/Giriş,
Invalid,Geçersiz,
Invalid Account,Geçersiz Hesap,
Invalid Allocated Amount,Geçersiz Tahsis Edilen Tutar,
Invalid Amount,Geçersiz Miktar,
Invalid Attribute,Geçersiz Özellik,
Invalid Auto Repeat Date,Geçersiz Otomatik Tekrar Tarihi,
Invalid Barcode. There is no Item attached to this barcode.,Geçersiz Barkod. Bu barkoda bağlı bir Ürün yok.,
Invalid Blanket Order for the selected Customer and Item,Seçilen Müşteri ve Ürün için Geçersiz Genel Sipariş,
Invalid Child Procedure,Geçersiz Alt Prosedür,
Invalid Company for Inter Company Transaction.,Şirketler Arası İşlem için Geçersiz Şirket.,
Invalid Cost Center,Geçersiz Maliyet Merkezi,
Invalid Credentials,Geçersiz Kimlik Bilgileri,
Invalid Delivery Date,Geçersiz Teslimat Tarihi,
Invalid Discount,Geçersiz İndirim,
Invalid Document,Geçersiz Döküman,
Invalid Document Type,Geçersiz Belge Türü,
Invalid Formula,Geçersiz Formül,
Invalid Gross Purchase Amount,Geçersiz Brüt Alış Tutarı,
Invalid Group By,Geçersiz Gruplama Ölçütü,
Invalid Item,Geçersiz Öğe,
Invalid Item Defaults,Geçersiz Ürün Varsayılanları,
Invalid Ledger Entries,Geçersiz Defter Girişleri,
Invalid Opening Entry,Geçersiz Açılış Girişi,
Invalid POS Invoices,Geçersiz POS Faturaları,
Invalid Parent Account,Geçersiz Ana Hesap,
Invalid Part Number,Geçersiz Parça Numarası,
Invalid Posting Time,Geçersiz Gönderim Zamanı,
Invalid Primary Role,Geçersiz Birincil Rol,
Invalid Priority,Geçersiz Öncelik,
Invalid Process Loss Configuration,Geçersiz Proses Kaybı Yapılandırması,
Invalid Purchase Invoice,Geçersiz Satın Alma Faturası,
Invalid Qty,Geçersiz Miktar,
Invalid Quantity,Geçersiz Miktar,
Invalid Return,Geçersiz İade,
Invalid Sales Invoices,Geçersiz Satış Faturaları,
Invalid Schedule,Geçersiz Program,
Invalid Selling Price,Geçersiz Satış Fiyatı,
Invalid Serial and Batch Bundle,Geçersiz Seri ve Parti,
Invalid URL,Geçersiz URL,
Invalid Value,Geçersiz Değer,
Invalid Warehouse,Geçersiz Depo,
Invalid amount in accounting entries of {} {} for Account {}: {},Hesap {} için {} {} muhasebe girişlerinde geçersiz tutar: {},
Invalid condition expression,Geçersiz koşul ifadesi,
"Invalid lost reason {0}, please create a new lost reason","Geçersiz kayıp nedeni {0}, lütfen yeni bir kayıp nedeni oluşturun",
Invalid naming series (. missing) for {0},{0} için geçersiz adlandırma serisi (. eksik),
Invalid reference {0} {1},Geçersiz referans {0} {1},
Invalid result key. Response:,Geçersiz sonuç anahtarı. Yanıt:,
Invalid value {0} for {1} against account {2},{2} hesabına karşı {1} için geçersiz değer {0},
Invalid {0},Geçersiz {0},
Invalid {0} for Inter Company Transaction.,Şirketler Arası İşlem için geçersiz {0}.,
Invalid {0}: {1},Geçersiz {0}: {1},
Inventory,Envanter,
Inventory Dimension,Envanter Boyutu,
Inventory Dimension Negative Stock,Envanter Boyutu Negatif Stok,
Inventory Dimension key,Envanter Boyut anahtarı,
Inventory Settings,Stok Ayarları,
Investments,Yatırımlar,
Invoice,Fatura,
Invoice Cancellation,Fatura İptali,
Invoice Date,Fatura Tarihi,
Invoice Discounting,Fatura İndirimi,
Invoice Grand Total,Fatura Genel Toplamı,
Invoice ID,Fatura No,
Invoice Limit,Fatura Limiti,
Invoice Number,Fatura Numarası,
Invoice Paid,Fatura Ödendi,
Invoice Portion,Fatura Yüzdesi,
Invoice Portion (%),Fatura Yüzdesi (%),
Invoice Posting Date,Fatura Kaydedilme Tarihi,
Invoice Series,Fatura Serisi,
Invoice Status,Fatura Durumu,
Invoice Type,Belge Türü,
Invoice already created for all billing hours,"Fatura, tüm faturalandırma saatleri için zaten oluşturuldu",
Invoice and Billing,Fatura Ayarları,
Invoice can't be made for zero billing hour,Sıfır fatura saati için fatura kesilemez,
Invoiced Amount,Fatura Edilen Tutar,
Invoiced Qty,Faturalanan Miktar,
Invoices,Faturalar,
Invoices and Payments have been Fetched and Allocated,Faturalar ve Ödemeler Alındı ve Tahsis Edildi,
Invoicing Features,Faturalandırma Özellikleri,
Inward,Gelen,
Is Account Payable,Ödenecek Hesap mı,
Is Active,Aktif,
Is Additional Item,Ek Ürün,
Is Adjustment Entry,Düzeltme Girişi,
Is Advance,Avans,
Is Alternative,Alternatif Ürün,
Is Billable,Faturalandırılabilir,
Is Cancelled,İptal Edildi,
Is Cash or Non Trade Discount,Peşin veya Ticari Olmayan İndirim,
Is Company,Şirket mi,
Is Company Account,Şirket Hesabı,
Is Composite Asset,Birleşik Varlık,
Is Composite Component,Kompozit Bileşen,
Is Consolidated,Konsolide Edildi,
Is Container,Konteyner,
Is Corrective Job Card,Düzeltici Faaliyet,
Is Corrective Operation,Düzeltici Operasyon,
Is Cumulative,Kümülatif,
Is Customer Provided Item,Müşteri Tarafından Sağlanan Ürün,
Is Default,Varsayılan,
Is Default Account,Varsayılan Hesap,
Is Default Language,Varsayılan Dil,
Is Delivery Note Required for Sales Invoice Creation?,Satış Faturası Oluşturmak İçin İrsaliye Gerekli mi?,
Is Discounted,İndirimli,
Is Exchange Gain / Loss?,Kur Farkı Kârı / Zararı,
Is Existing Asset,Varolan Varlık,
Is Expandable,Genişletilebilir,
Is Final Finished Good,Final Bitmiş Ürün,
Is Finished Item,Bitmiş Ürün,
Is Fixed Asset,Sabit Varlık,
Is Free Item,Bedelsiz Ürün,
Is Frozen,Dondurulmuş,
Is Fully Depreciated,Tamamen Amorti Edilmiş,
Is Group,Grup,
Is Group Warehouse,Grup Depo,
Is Internal Customer,İç Müşteri,
Is Internal Supplier,İç Tedarikçi,
Is Mandatory,Zorunlu,
Is Milestone,Kilometre Taşı,
Is Old Subcontracting Flow,Eski Alt Yüklenici Akışı,
Is Opening,Açılış,
Is Opening Entry,Açılış Kaydı,
Is Outward,Giden,
Is Packed,Paketlendi,
Is Paid,Ödendi,
Is Paused,Duraklatıldı,
Is Period Closing Voucher Entry,Dönem Kapanış Fişi Girişi,
Is Purchase Order Required for Purchase Invoice & Receipt Creation?,Alış Faturası ve İrsaliye oluşturmak için Satın Alma Siparişi gerekli mi?,
Is Purchase Receipt Required for Purchase Invoice Creation?,Alış Faturası oluşturmak için İrsaliye gerekli mi?,
Is Rate Adjustment Entry (Debit Note),Fiyatı Düzenle,
Is Recursive,Yinelenen,
Is Rejected,Reddedildi,
Is Rejected Warehouse,Red Deposu,
Is Return,İade,
Is Return (Credit Note),İade Faturası,
Is Return (Debit Note),İade Faturası,
Is Sales Order Required for Sales Invoice & Delivery Note Creation?,Satış Faturası & İrsaliye Oluşturmak İçin Satış Siparişi Gerekli mi?,
Is Scrap Item,Hurda Ürün,
Is Short/Long Year,Kısa/Uzun Dönem,
Is Standard,Standart,
Is Stock Item,Stok Ürünü,
Is Subcontracted,Alt  Yüklenici,
Is System Generated,Sistem Tarafından Oluşturuldu,
Is Tax Withholding Account,Tevkifatlı Fatura,
Is Template,Şablon,
Is Transporter,Nakliyeci,
Is a Subscription,Abonelik,
Is created using POS,POS kullanılarak oluşturuldu,
Is this Tax included in Basic Rate?,Bu Vergi Birim Fiyata Dahildir,
Issue,Sorun,
Issue Analytics,Sorun Analitiği,
Issue Credit Note,Alacak Dekontu Ver,
Issue Date,Veriliş tarihi,
Issue Material,Malzeme Çıkışı Yap,
Issue Priority,Sorun Önceliği,
Issue Split From,Sorunun Ayrıldığı Yer,
Issue Summary,Sorun Özeti,
Issue Type,Sorun Türü,
Issue a debit note with 0 qty against an existing Sales Invoice,Mevcut bir Satış Faturasına karşılık ürün miktarını değiştirmeden fiyat değişikliğini yansıtmak bir borç makbuzu düzenleyin.,
Issued,Çıkış Yapıldı,
Issued Items Against Work Order,İş Emrine Karşı Verilmiş Ürünler,
Issues,Sorunlar,
Issuing Date,Veriliş Tarihi,
It can take upto few hours for accurate stock values to be visible after merging items.,Ürünlerin birleştirilmesinden sonra doğru stok değerlerinin görünür hale gelmesi birkaç saat sürebilir.,
It is needed to fetch Item Details.,Ürün Detaylarını almak için gereklidir.,
"It's not possible to distribute charges equally when total amount is zero, please set 'Distribute Charges Based On' as 'Quantity'","Toplam tutar sıfır olduğunda ücretleri eşit olarak dağıtmak mümkün değildir, lütfen 'Ücretleri Şuna Göre Dağıt' seçeneğini 'Miktar' olarak ayarlayın",
Item,Ürün,
Item 1,Ürün 1,
Item 2,Ürün 2,
Item 3,Ürün 3,
Item 4,Ürün 4,
Item 5,Ürün 5,
Item Alternative,Ürün Alternatifi,
Item Attribute,Ürün Özelliği,
Item Attribute Value,Ürün Özelliği Değeri,
Item Attribute Values,Ürün Özelliği Değerleri,
Item Balance (Simple),Ürün Bakiyesi (Basit),
Item Barcode,Ürün Barkodu,
Item Cart,Ürün Sepeti,
Item Code,Ürün Kodu,
Item Code (Final Product),Bitmiş Ürün,
Item Code cannot be changed for Serial No.,Seri No için Ürün Kodu değiştirilemez.,
Item Code required at Row No {0},{0} Numaralı satırda Ürün Kodu gereklidir,
Item Code: {0} is not available under warehouse {1}.,Ürün Kodu: {0} {1} deposunda mevcut değil.,
Item Customer Detail,Müşteri Detayı,
Item Default,Ürün Varsayılanı,
Item Defaults,Ürün Varsayılanları,
Item Description,Ürün Açıklaması,
Item Details,Ürün Detayları,
Item Group,Ürün Grubu,
Item Group Defaults,Ürün Grubu Varsayılanları,
Item Group Name,Ürün Grubu İsmi,
Item Group Tree,Ürün Grubu Ağacı,
Item Group not mentioned in item master for item {0},Ürün {0} için Ürün grubu belirtilmemiş,
Item Group wise Discount,Ürün Grubu Bazında İndirim,
Item Groups,Ürün Grupları,
Item Image (if not slideshow),Ürün Görüntü (yoksa slayt),
Item Information,Ürün Bilgisi,
Item Locations,Malzeme Konumları,
Item Manager,Ürün Yöneticisi,
Item Manufacturer,Üretici Firma,
Item Name,Ürün Adı,
Item Naming By,Ürün Adlandırması,
Item Price,Ürün Fiyatı,
Item Price Settings,Ürün Fiyat Ayarları,
Item Price Stock,Ürün Stok Fiyatı,
Item Price added for {0} in Price List {1},{0} Ürün Fiyatı {1} Fiyat Listesinde Güncellendi,
"Item Price appears multiple times based on Price List, Supplier/Customer, Currency, Item, Batch, UOM, Qty, and Dates.","Ürün Fiyatı, Fiyat Listesi, Tedarikçi/Müşteri, Para Birimi, Ürün, Parti, Birim, Miktar ve Tarihlere göre birden fazla kez görünür.",
Item Price updated for {0} in Price List {1},Ürün Fiyatı {0} için Fiyat Listesinde {1} güncellendi,
Item Prices,Ürün Fiyatları,
Item Quality Inspection Parameter,Kalite Parametreleri,
Item Reference,Öğe Referansı,
Item Reorder,Ürün Yeniden Sipariş,
Item Row {0}: {1} {2} does not exist in above '{1}' table,Ürün Satırı {0}: {1} {2} yukarıdaki '{1}' tablosunda mevcut değil,
Item Serial No,Ürün Seri No,
Item Shortage Report,Ürün Eksikliği Raporu,
Item Supplier,Ürün Tedarikçisi,
Item Tax,Ürün Vergisi,
Item Tax Amount Included in Value,Değere Dahil Edilen Öğe Vergisi Tutarı,
Item Tax Rate,Ürün Vergi Oranı,
Item Tax Row {0} must have account of type Tax or Income or Expense or Chargeable,Ürün Vergi Satırı {0} Vergi Gelir-Gider veya Ücretlendirilebilir türünde hesabı olmalıdır.,
Item Tax Template,Ürün Vergisi,
Item Tax Template Detail,Ürün Vergi Şablonu Detayı,
Item To Manufacture,Üretilecek Ürün,
Item UOM,Ürün Ölçü Birimi,
Item Unavailable,Ürün Mevcut Değil,
Item Variant,Ürün Varyantı,
Item Variant Attribute,Ürün Varyant Özelliği,
Item Variant Details,Ürün Varyant Detayları,
Item Variant Settings,Ürün Varyant Ayarları,
Item Variant {0} already exists with same attributes,Öğe Varyantı {0} aynı niteliklerle zaten mevcut,
Item Variants updated,Ürün Varyantları Güncellendi,
Item Warehouse based reposting has been enabled.,Ürün Deposu bazlı yeniden gönderim etkinleştirildi.,
Item Website Specification,Ürün Web Sitesi Özellikleri,
Item Weight Details,Ürünün Ağırlığı,
Item Wise Tax Detail,Ürün bazında Vergi Detayları,
Item and Warehouse,Ürün ve Depo,
Item and Warranty Details,Ürün ve Garanti Detayları,
Item for row {0} does not match Material Request,{0} satırındaki Kalem Malzeme Talebi ile eşleşmiyor,
Item has variants.,Ürünün varyantları mevcut.,
Item is mandatory in Raw Materials table.,Hammaddeler tablosunda kalem seçimi zorunludur.,
Item is removed since no serial / batch no selected.,Seri/parti numarası seçilmediği için ürün kaldırıldı.,
Item must be added using 'Get Items from Purchase Receipts' button,"Ürün, 'Satın Alma İrsaliyelerinden Ürünleri Getir' butonu kullanılarak eklenmelidir",
Item name,Ürün Adı,
Item operation,Operasyon,
Item qty can not be updated as raw materials are already processed.,Ürün miktarı güncellenemez çünkü hammaddeler zaten işlenmiş durumda.,
Item rate has been updated to zero as Allow Zero Valuation Rate is checked for item {0},"Aşağıdaki kalemler için Sıfır Değerlemeye İzin Ver işaretlendiğinden, fiyat sıfır olarak güncellenmiştir: {0}",
Item to be manufactured or repacked,Üretilecek veya montaj yapılacak ürünü seçin,
Item valuation rate is recalculated considering landed cost voucher amount,"Ürün değerleme oranı, indirilmiş maliyet kuponu tutarı dikkate alınarak yeniden hesaplanır",
Item valuation reposting in progress. Report might show incorrect item valuation.,Ürün değerlemesi yeniden yapılıyor. Rapor geçici olarak yanlış değerleme gösterebilir.,
Item variant {0} exists with same attributes,Öğe Varyantı {0} aynı niteliklerle zaten mevcut,
Item {0} cannot be added as a sub-assembly of itself,{0} Ürünü kendisine bir alt montaj olarak eklenemez,
Item {0} cannot be ordered more than {1} against Blanket Order {2}.,"Ürün {0}, Toplu Sipariş {2} kapsamında {1} miktarından daha fazla sipariş edilemez.",
Item {0} does not exist,{0} ürünü mevcut değil,
Item {0} does not exist in the system or has expired,{0} Ürünü sistemde mevcut değil veya süresi dolmuş,
Item {0} does not exist.,{0} ürünü mevcut değil.,
Item {0} entered multiple times.,{0} ürünü birden fazla kez girildi.,
Item {0} has already been returned,Ürün {0} zaten iade edilmiş,
Item {0} has been disabled,Ürün {0} Devre dışı bırakılmış,
Item {0} has no Serial No. Only serialized items can have delivery based on Serial No,{0} Ürününe ait Seri Numarası yoktur. Yalnızca serileştirilmiş Ürünler Seri Numarasına göre teslimat yapılabilir,
Item {0} has reached its end of life on {1},Ürün {0} {1} tarihinde kullanım süresinin sonuna gelmiştir.,
Item {0} ignored since it is not a stock item,"{0} Stok Kalemi olmadığından, ürün yok sayılır",
Item {0} is already reserved/delivered against Sales Order {1}.,Ürün {0} zaten {1} Satış Siparişi karşılığında rezerve edilmiş/teslim edilmiştir.,
Item {0} is cancelled,Ürün {0} iptal edildi,
Item {0} is disabled,{0} ürünü devre dışı bırakıldı,
Item {0} is not a serialized Item,Ürün {0} bir serileştirilmiş Ürün değildir,
Item {0} is not a stock Item,Ürün {0} bir stok ürünü değildir,
Item {0} is not a subcontracted item,{0} Ürünü Alt Yüklenici Kalemi olmalıdır,
Item {0} is not active or end of life has been reached,Ürün {0} aktif değil veya kullanım süresinin sonuna gelindi,
Item {0} must be a Fixed Asset Item,Öğe {0} Sabit Varlık Öğesi olmalı,
Item {0} must be a Non-Stock Item,Ürün {0} Stokta Olmayan Ürün olmalıdır,
Item {0} must be a Sub-contracted Item,{0} Ürünü Alt Yüklenici Kalemi olmalıdır,
Item {0} must be a non-stock item,{0} kalemi stok dışı bir ürün olmalıdır,
Item {0} not found in 'Raw Materials Supplied' table in {1} {2},"Ürün {0}, {1} {2} içindeki ‘Tedarik Edilen Ham Maddeler’ tablosunda bulunamadı.",
Item {0} not found.,{0} ürünü bulunamadı.,
Item {0}: Ordered qty {1} cannot be less than minimum order qty {2} (defined in Item).,{0} ürünü {1} adetten daha az sipariş edilemez. Bu ayar ürün sayfasında tanımlanır.,
Item {0}: {1} qty produced. ,{0} Ürünü {1} adet üretildi. ,
Item {} does not exist.,{0} Ürünü mevcut değil.,
Item-wise Price List Rate,Ürün Bazında Liste Fiyatı,
Item-wise Purchase History,Ürün Bazında Satın Alma Geçmişi,
Item-wise Purchase Register,Ürün Bazında Satın Alma Kaydı,
Item-wise Sales History,Ürün Bazında Satış Geçmişi,
Item-wise Sales Register,Ürün Bazında Satış Kaydı,
Item: {0} does not exist in the system,{0} Ürünü sistemde mevcut değil,
Items,Ürünler,
Items Filter,Ürünler Filtresi,
Items Required,Ürünler Gereklidir,
Items To Be Requested,Talep Edilen Ürünler,
Items cannot be updated as Subcontracting Order is created against the Purchase Order {0}.,Alt Yüklenici Siparişi {0} Satın Alma Siparişine karşı oluşturulduğu için kalemler güncellenemez.,
Items for Raw Material Request,Hammadde Talebi için Ürünler,
Items rate has been updated to zero as Allow Zero Valuation Rate is checked for the following items: {0},Aşağıdaki kalemler için Sıfır Değerleme Oranına İzin Ver işaretlendiğinden kalem oranı sıfır olarak güncellenmiştir: {0},
Items to Be Repost,Tekrar Gönderilecek Öğeler,
Items to Manufacture are required to pull the Raw Materials associated with it.,"Üretilecek Ürünlerin, ilgili Hammaddeleri çekmesi gerekmektedir.",
Items to Reserve,Rezerve Edilecek Ürünler,
Items under this warehouse will be suggested,Bu deponun altındaki ürünler önerilecektir,
Items {0} do not exist in the Item master.,Öğeler {0} Ürün ana verisinde mevcut değil.,
Itemwise Discount,Ürün İndirimi,
Itemwise Recommended Reorder Level,Ürün Bazında Önerilen Yeniden Sipariş Seviyesi,
JAN,OCA,
Job Applicant,İş Başvurusu,
Job Capacity,İş Kapasitesi,
Job Card,İş Kartı,
Job Card Analysis,İş Kartı Analizi,
Job Card Item,İş Kartı Ürünü,
Job Card Operation,İş Kartı Operasyonu,
Job Card Scheduled Time,İş Kartı Planlanan Zaman,
Job Card Scrap Item,İş Kartı Hurda Ürünü,
Job Card Summary,İş Kartı Özeti,
Job Card Time Log,İş Kartı Zaman Kaydı,
Job Card and Capacity Planning,İş Kartı ve Kapasite Planlama,
Job Card {0} has been completed,İş Kartı {0} tamamlandı,
Job Cards,İş Kartları,
Job Paused,İş Duraklatıldı,
Job Started,İş Başladı,
Job Title,İş İlanı Başlığı,
Job Worker,Yüklenici,
Job Worker Address,İş Adresi,
Job Worker Address Details,İş Adresi Detayları,
Job Worker Contact,Yetkili Kişi,
Job Worker Delivery Note,İşçi Teslimat Notu,
Job Worker Name,Yetkili Kişi Adı,
Job Worker Warehouse,Alt Yüklenici Deposu,
Job card {0} created,İş Kartı {0} oluşturuldu,
Job: {0} has been triggered for processing failed transactions,İş: {0} başarısız işlemlerin işlenmesi için tetiklendi,
Joining,İşe Başlama,
Journal Entries,Defter Girişi,
Journal Entries {0} are un-linked,Yevmiye Kayıtları {0} bağlantıları kaldırıldı,
Journal Entry,Defter Girişi,
Journal Entry Account,Defter Girişi Hesabı,
Journal Entry Template,Defter Girişi Şablonu,
Journal Entry Template Account,Defter Girişi Şablon Hesabı,
Journal Entry Type,Defter Girişi Türü,
Journal Entry for Asset scrapping cannot be cancelled. Please restore the Asset.,Varlık hurdaya çıkarma için Yevmiye Kaydı iptal edilemez. Lütfen Varlığı geri yükleyin.,
Journal Entry for Scrap,Hurda için Yevmiye Kaydı,
Journal Entry type should be set as Depreciation Entry for asset depreciation,Varlık amortismanı için Yevmiye Kaydı türü Amortisman Kaydı olarak ayarlanmalıdır,
Journal Entry {0} does not have account {1} or already matched against other voucher,"Defter Girişi {1} için , {2} hesabı mevcut değil veya zaten başka bir giriş ile eşleştirilmiş.",
Journal entries have been created,Defter girişleri oluşturuldu,
Journals,Defterler,
Kanban Board,Kanban Panosu,
"Keep Track of Sales Campaigns. Keep track of Leads, Quotations, Sales Order etc from Campaigns to gauge Return on Investment. ","Satış Kampanyalarını Takip Edin. Yatırım Getirisini ölçmek için Kampanyalardaki Potansiyel Müşterileri, Teklifleri, Müşteri Siparişlerini vb. takip edin. ",
Key,Anahtar,
Keyboard Shortcuts,Klavye Kısayolları,
Kindly cancel the Manufacturing Entries first against the work order {0}.,Lütfen önce {0} İş Emri adına Üretim Girişlerini iptal edin.,
Kindly select the company first,Lütfen önce şirketi seçin,
LIFO,LIFO,
Label,Etiket,
Landed Cost Help,Son teslim alma Maliyet Yardımı,
Landed Cost Item,İndirilmiş Maliyet Kalemi,
Landed Cost Purchase Receipt,İthalat Maliyeti Satın Alma İrsaliyesi,
Landed Cost Taxes and Charges,İthalat Vergileri ve Masrafları,
Landed Cost Voucher,İthalat Maliyeti Fişi,
Landed Cost Voucher Amount,Toplam Maliyet Tutarı,
Landscape,Landscape,
Language,Dil,
Lapsed,Süresi dolmuş,
Large,Büyük,
Last Carbon Check,Son Karbon Kontrolü,
Last Communication,Son İletişim,
Last Communication Date,Son İletişim Tarihi,
Last Completion Date,Son Tamamlanma Tarihi,
Last Integration Date,Son Entegrasyon Tarihi,
Last Month Downtime Analysis,Geçen Ay Duruş Süresi Analizi,
Last Name,Soyadı,
"Last Name, Email or Phone/Mobile of the user are mandatory to continue.","Devam etmek için kullanıcının Soyadı, E-posta veya Telefon / Cep Telefonu zorunludur.",
Last Order Amount,Son Sipariş Tutarı,
Last Order Date,Son Sipariş Tarihi,
Last Purchase Rate,Son Alış Fiyatı,
Last Stock Transaction for item {0} under warehouse {1} was on {2}.,{1} deposundaki {0} adlı ürün için son Stok İşlemi {2} tarihinde gerçekleşti.,
Last carbon check date cannot be a future date,Son karbon kontrol tarihi gelecekteki bir tarih olamaz,
Last transacted,Son İşlem,
Latest,Son,
Latest Age,En Son Yaş,
Latitude,Enlem,
Lead,Potansiyel Müşteri,
Lead -> Prospect,Müşteri Adayı > Potansiyel Müşteri,
Lead Count,Müşteri Adayı Sayısı,
Lead Details,Potansiyel Müşteri Detayları,
Lead Name,Müşteri Adayı Adı,
Lead Owner,Sorumlu Kişi,
Lead Owner Efficiency,Müşteri Kazandırma Verimliliği,
Lead Owner cannot be same as the Lead Email Address,"Potansiyel Müşteri Sahibi, Potansiyel Müşteri E-posta Adresi ile aynı olamaz",
Lead Time,Teslim Süresi,
Lead Time (Days),Teslim Süresi (Gün),
Lead Time (in mins),Teslim Süresi (Dakika),
Lead Time Date,Teslim Süresi Tarih,
Lead Time Days,Teslim Süresi Günleri,
Lead Time in days,Gün Bazında Teslim Süresi,
Lead Type,Aday Müşteri Türü,
Lead {0} has been added to prospect {1}.,{0} isimli müşteri adayı {1} potansiyel müşteri listesine eklendi.,
Leads,Adaylar,
"Leads help you get business, add all your contacts and more as your leads","Potansiyel müşteriler iş almanıza, tüm kişilerinizi ve daha fazlasını potansiyel müşteri adayı olarak eklemenize yardımcı olur",
"Learn about <a href=""https://docs.erpnext.com/docs/v13/user/manual/en/accounts/articles/common_party_accounting#:~:text=Common%20Party%20Accounting%20in%20ERPNext,Invoice%20against%20a%20primary%20Supplier."">Common Party</a>","<a href=""https://docs.erpnext.com/docs/v13/user/manual/en/accounts/articles/common_party_accounting#:~:text=Common%20Party%20Accounting%20in%20ERPNext,Invoice%20against%20a%20primary%20Supplier."">Ortak Cari</a> hakkında bilgi edinin",
Leave Approver,İzni Onaylayan,
Leave Block List,Bloklu İzin Listesi,
Leave Encashed?,Ayrılma Ücretini Aldı mı?,
"Leave blank for home.
This is relative to site URL, for example ""about"" will redirect to ""https://yoursitename.com/about""","Ana sayfa için boş bırakın.
Bu, site URL'sine göredir, örneğin ""hakkında"", ""https://sitenizinadi.com/hakkinda"" adresine yönlendirecektir.",
Leave blank if the Supplier is blocked indefinitely,Tedarikçi süresiz olarak engellenirse boş bırakın.,
Leave blank to use the standard Delivery Note format,Standart İrsaliye formatı kullanmak için boş bırakın,
Ledger,Muhasebe Defteri,
Ledger Health,Defter Sağlığı,
Ledger Health Monitor,Defter Sağlık Monitörü,
Ledger Health Monitor Company,Defter Sağlık Monitörü Şirketi,
Ledger Merge,Defter Birleştirme,
Ledger Merge Accounts,Defter Birleştirme Hesapları,
Left,Ayrıldı,
Left Child,Sol Alt,
Left Index,Sol Dizin,
Legacy Fields,Eski Alanlar,
Legal,Yasal,
Legal Entity / Subsidiary with a separate Chart of Accounts belonging to the Organization.,Kuruluşa ait ayrı bir Hesap Planına sahip Tüzel Kişilik / Bağlı Ortaklık.,
Legal Expenses,Yasal Giderler,
Legend,Defter,
Length,Uzunluk,
Length (cm),Uzunluk (cm),
Less Than Amount,Tutardan Az,
Letter Head,Antetli Kağıt,
Letter or Email Body Text,Mektup veya E-posta Gövde Metni,
Letter or Email Closing Text,Mektup veya E-posta Kapanış Metni,
Level,Seviye,
Level (BOM),Ürün Ağacı Seviyesi,
Lft,Sol,
Liabilities,Yükümlülükler,
Liability,Borç,
License Details,Ehliyet Bilgileri,
License Number,Ehliyet Numarası,
License Plate,Plaka,
Likes,Beğeniler,
Limit Crossed,Limit Aşıldı,
Limit timeslot for Stock Reposting,Stok Yeniden Gönderimi için zaman aralığını sınırlayın,
Limited to 12 characters,12 karakter ile sınırlı,
Limits don't apply on,Sınırlamalar geçerli değildir,
Line spacing for amount in words,sözleriyle yoğunluk için satır aralığı,
Link,Bağlantı,
Link Options,Bağlantı Seçenekleri,
Link a new bank account,Yeni Banka Hesabı Bağla,
Link existing Quality Procedure.,Mevcut Kalite Prosedürünü bağlayın.,
Link to Material Request,Malzeme Talebine Bağla,
Link to Material Requests,Malzeme Taleplerine Bağla,
Link with Customer,Müşteri ile İlişkilendir,
Link with Supplier,Tedarikçi ile İlişkilendir,
Linked Documents,Bağlantılı Belgeler,
Linked Invoices,Bağlı Faturalar,
Linked Location,Bağlantılı Konum,
Linked with submitted documents,Gönderilen belgelerle bağlantılı,
Linking Failed,Bağlantı Başarısız,
Linking to Customer Failed. Please try again.,Müşteriye Bağlantı Başarısız Oldu. Lütfen tekrar deneyin.,
Linking to Supplier Failed. Please try again.,Tedarikçiye Bağlantı Başarısız Oldu. Lütfen tekrar deneyin.,
Links,Bağlantılar,
List items that form the package.,Ürün Paketini Oluşturan ürünlerin listesi.,
Load All Criteria,Tüm Kriterleri Yükle,
Loading Invoices! Please Wait...,"Lütfen Bekleyin, Faturalar yükleniyor...",
Loading import file...,İçeri Aktarma Yükleniyor...,
Loan,Avans,
Loan End Date,Kredi Bitiş Tarihi,
Loan Period (Days),Kredi Süresi (Günler),
Loan Start Date,Kredi Başlangıç Tarihi,
Loan Start Date and Loan Period are mandatory to save the Invoice Discounting,Fatura İndirimi kaydetmek için Borç Başlangıç Tarihi ve Süresi zorunludur,
Loans (Liabilities),Krediler,
Loans and Advances (Assets),Krediler ve Avanslar (Varlıklar),
Local,Yerel,
Location,Konum,
Location Details,Lokasyon Detayları,
Location Name,Lokasyon Adı,
Locked,Kilitli,
Log Entries,Günlük Girişleri,
Log out,Çıkış,
Log the selling and buying rate of an Item,Bir Ürünün alış ve satış fiyatının kaydı,
Logo,Logo,
Longitude,Boylam,
Lost,Kayıp,
Lost Opportunity,Kaybedilen Fırsat,
Lost Quotation,Kaybedilen Teklif,
Lost Quotations,Kayıp Teklifler,
Lost Quotations %,Kayıp Teklifler %,
Lost Reason,Kaybedilme Nedeni,
Lost Reason Detail,Kaybedilme Nedeni Detayı,
Lost Reasons,Kaybedilme Nedenleri,
Lost Reasons are required in case opportunity is Lost.,Fırsatın Kaybedilmesi halinde Kayıp Nedenleri gereklidir.,
Lost Value,Kayıp Değer,
Lost Value %,Kayıp Değer %,
Low,Düşük,
Lower Deduction Certificate,Düşük Kesinti Sertifikası,
Lower Income,Düşük Gelir,
Loyalty Amount,Sadakat Tutarı,
Loyalty Point Entry,Sadakat Puanı Girişi,
Loyalty Point Entry Redemption,Sadakat Puanı Giriş Kullanımı,
Loyalty Points,Ödül Puanları,
Loyalty Points Redemption,Sadakat Puanı Kullanımı,
"Loyalty Points will be calculated from the spent done (via the Sales Invoice), based on collection factor mentioned.","Sadakat Puanları, yapılan harcamalardan (Satış Faturası aracılığıyla), belirtilen tahsilat faktörüne göre hesaplanacaktır.",
Loyalty Points: {0},Sadakat Puanları: {0},
Loyalty Program,Müşteri Ödül Programı,
Loyalty Program Collection,Sadakat Programı Koleksiyonu,
Loyalty Program Help,Sadakat Programı Yardımı,
Loyalty Program Name,Sadakat Programı Adı,
Loyalty Program Tier,Sadakat Katmanı Programı,
Loyalty Program Type,Sadakat Programı Türü,
Machine,Makine,
Machine Type,Makine Türü,
Machine malfunction,Makine Arızası,
Machine operator errors,Operatör Hataları,
Main,Ana Kategori,
Main Cost Center,Ana Maliyet Merkezi,
Main Cost Center {0} cannot be entered in the child table,Ana Maliyet Merkezi {0} alt tabloya girilemez,
Maintain Asset,Varlık Bakımı,
Maintain Same Rate Throughout Sales Cycle,Satış Döngüsü Boyunca Aynı Fiyatı Koru,
Maintain Same Rate Throughout the Purchase Cycle,Satın Alma Süreci Boyunca Aynı Fiyatı Koru,
Maintain Stock,Stok Yönetimi,
Maintenance,Bakım,
Maintenance Date,Bakım Tarihi,
Maintenance Details,Bakım Detayları,
Maintenance Log,Bakım Kayıtları,
Maintenance Manager,Bakım Müdürü,
Maintenance Manager Name,Bakım Yöneticisi Adı,
Maintenance Required,Bakım Gerekli,
Maintenance Role,Bakım Rolü,
Maintenance Schedule,Bakım Programı,
Maintenance Schedule Detail,Bakım Programı Detayı,
Maintenance Schedule Item,Bakım Programı Ürünü,
Maintenance Schedule is not generated for all the items. Please click on 'Generate Schedule',Bakım Programı tüm ürünler için oluşturulmadı. Lütfen 'Program Oluştur'a tıklayın,
Maintenance Schedule {0} exists against {1},{1} ile ilgili Bakım Programı {0} zaten var,
Maintenance Schedules,Bakım Programları,
Maintenance Status,Bakım Durumu,
Maintenance Status has to be Cancelled or Completed to Submit,Gönderim İçin Bakım Durumunun İptal Edilmesi veya Tamamlanması Gerekiyor,
Maintenance Task,Bakım Görevi,
Maintenance Tasks,Bakım Görevleri,
Maintenance Team,Bakım Ekibi,
Maintenance Team Member,Bakım Ekibi Üyesi,
Maintenance Team Members,Bakım Ekibi Üyeleri,
Maintenance Team Name,Bakım Takım Adı,
Maintenance Time,Bakım Zamanı,
Maintenance Type,Bakım Türü,
Maintenance User,Bakım Kullanıcısı,
Maintenance Visit,Bakım Ziyareti,
Maintenance Visit Purpose,Bakım Ziyareti Amacı,
Maintenance start date can not be before delivery date for Serial No {0},Bakım başlangıç tarihi Seri No {0} için teslimat tarihinden önce olamaz,
Major/Optional Subjects,Bölüm,
Make,Oluştur,
Make Asset Movement,Varlık Hareketi,
Make Depreciation Entry,Amortisman kaydı yap,
Make Difference Entry,Farklı Giriş Ekle,
Make Payment via Journal Entry,Devmiye Kayıtları yoluyla Ödeme Yap,
Make Purchase Invoice,Satın Alma Faturası Kesin,
Make Quotation,Teklif Oluştur,
Make Return Entry,İade Girişi Yapın,
Make Sales Invoice,Satış Faturası Oluşturma,
Make Serial No / Batch from Work Order,İş Emrinden Seri No / Parti Oluştur,
Make Stock Entry,Stok Girişi Oluştur,
Make Subcontracting PO,Alt Yüklenici Siparişi Oluştur,
Make Transfer Entry,Transfer Girişi Yap,
Make project from a template.,Bir şablondan proje oluşturun.,
Make {0},{0} Yarat,
Make {0} Variant,{0} Varyantı Oluştur,
Make {0} Variants,{0} Varyantları Oluştur,
Making Journal Entries against advance accounts: {0} is not recommended. These Journals won't be available for Reconciliation.,Avans hesaplarına karşı yevmiye kayıtları yapmak: {0} önerilmez. Bu yevmiye kayıtları mutabakat için uygun olmayacaktır.,
Manage,Yönet,
Manage cost of operations,Operasyonların maliyetini yönetin.,
Manage your orders,Siparişlerinizi Yönetin,
Management,Yönetim,
Mandatory,Zorunlu,
Mandatory Accounting Dimension,Zorunlu Muhasebe Boyutu,
Mandatory Depends On,Zorunluluk Bağlılığı,
Mandatory Field,Zorunlu Alan,
Mandatory For Balance Sheet,Bilanço için Zorunlu,
Mandatory For Profit and Loss Account,Kar ve Zarar Hesabı için Zorunlu,
Mandatory Missing,Zorunlu Ayarı Eksik,
Mandatory Purchase Order,Zorunlu Satın Alma Siparişi,
Mandatory Purchase Receipt,Alış İrsaliyesi Zorunludur,
Mandatory Section,Zorunlu Bölüm,
Manual,Elle,
Manual Inspection,Manuel Kontrol,
Manual entry cannot be created! Disable automatic entry for deferred accounting in accounts settings and try again,Manuel giriş oluşturulamaz! Hesap ayarlarında ertelenmiş muhasebe için otomatik giriş devre dışı bırakın ve tekrar deneyin,
Manufacture,Üretim,
Manufacture against Material Request,Malzeme Talebi ile Üretim,
Manufactured,Üretilmiş,
Manufactured Qty,Üretilen Miktar,
Manufacturer,Üretici,
Manufacturer Part Number,Üretici Parça Numarası,
Manufacturer Part Number <b>{0}</b> is invalid,Üretici Parça Numarası <b>{0}</b> geçersiz,
Manufacturers used in Items,Ürünlerde kullanılan Üretici Ürünleri,
Manufacturing,Üretim,
Manufacturing Date,Üretim Tarihi,
Manufacturing Manager,Üretim Müdürü,
Manufacturing Quantity is mandatory,Üretim Miktarı zorunludur,
Manufacturing Section,Üretim Alanı,
Manufacturing Settings,Üretim Ayarları,
Manufacturing Type,Üretim Türü,
Manufacturing User,Üretim Kullanıcısı,
Mapping Purchase Receipt ...,Alış İrsaliyeleri Eşleşiyor...,
Mapping Subcontracting Order ...,Alt Yüklenici Siparişi Eşleştiriliyor...,
Mapping {0} ...,Eşleştiriliyor {0} ...,
Margin,Kâr Marjı,
Margin Money,Marj Para,
Margin Rate or Amount,Kâr Oranı veya Tutarı,
Margin Type,Kâr Türü,
Margin View,Kâr Görünümü,
Marital Status,Medeni Hâl,
Mark As Closed,Kapalı Olarak İşaretle,
Market Segment,Pazar Segmenti,
Marketing,Pazarlama,
Marketing Expenses,Pazarlama Giderleri,
Married,Evli,
Mask,Maskele,
Master,Ana Veriler,
Material,Malzeme,
Material Consumption,Malzeme Tüketimi,
Material Consumption for Manufacture,Üretim İçin Malzeme Tüketimi,
Material Consumption is not set in Manufacturing Settings.,Malzeme Tüketimi Üretim Ayarlarında ayarlanmamış.,
Material Issue,Stok Çıkışı,
Material Receipt,Stok Girişi,
Material Request,Malzeme Talebi,
Material Request Date,Malzeme Talep Tarihi,
Material Request Detail,Malzeme Talep Ayrıntısı,
Material Request Item,Malzeme Talebi Ürünü,
Material Request No,Malzeme Talebi No,
Material Request Plan Item,Malzeme Talebi Planı Ürünü,
Material Request Type,Malzeme Talep Türü,
"Material Request not created, as quantity for Raw Materials already available.",Hammaddeler için miktar zaten mevcut olduğundan Malzeme Talebi oluşturulmadı.,
Material Request of maximum {0} can be made for Item {1} against Sales Order {2},{2} Satış Siparişine karşı {1} Kalemi için maksimum {0} tutarında Malzeme Talebi yapılabilir,
Material Request used to make this Stock Entry,Bu stok hareketini yapmak için kullanılan Malzeme Talebi,
Material Request {0} is cancelled or stopped,Malzeme Talebi {0} iptal edilmiş veya durdurulmuştur,
Material Request {0} submitted.,{0} Malzeme Talebi gönderildi.,
Material Requested,Hammadde Talep Edildi,
Material Requests,Malzeme Talepleri,
Material Requests Required,Gerekli Malzeme Talepleri,
Material Requests for which Supplier Quotations are not created,Tedarikçi Tekliflerinin oluşturulmadığı Malzeme Talepleri,
Material Returned from WIP,Devam Eden İşlerden Geri Dönen Malzemeler,
Material Transfer,Malzeme Transferi,
Material Transfer (In Transit),Malzeme Transferi (Yolda),
Material Transfer for Manufacture,Üretim İçin Transfer,
Material Transferred,Aktarılan Malzeme,
Material Transferred for Manufacture,Üretim İçin Transfer Edilen Hammadde,
Material Transferred for Manufacturing,Üretim için Aktarılan Hammadde,
Material Transferred for Subcontract,Üstlenici İçin Transfer Edilen Hammadde,
Material to Supplier,Tedarikçi için Malzeme,
Materials are already received against the {0} {1},Malzemeler zaten {0} {1} karşılığında alındı,
Materials needs to be transferred to the work in progress warehouse for the job card {0},{0} nolu İş Kartı için malzemelerin devam eden işler deposuna aktarılması gerekiyor,
Max Amount,Maksimum Tutar,
Max Amt,Maksimum Tutar,
Max Discount (%),Maksimum İndirim (%),
Max Grade,Maksimum,
Max Qty,Max Miktar,
Max Qty (As Per Stock UOM),Maksimum Miktar (Stok Birimine Göre),
Max Sample Quantity,Maksimum Numune Miktarı,
Max Score,Maksimum Puan,
Max discount allowed for item: {0} is {1}%,{0} Ürünü için izin verilen maksimum indirim %{1},
Max: {0},En Fazla: {0},
Maximum Invoice Amount,Maksimum Fatura Tutarı,
Maximum Net Rate,Maksimum Vergi Dahil Birim Fiyat,
Maximum Payment Amount,Maksimum Ödeme Tutarı,
Maximum Samples - {0} can be retained for Batch {1} and Item {2}.,Maksimum Numuneler - {0} Parti {1} ve Ürün {2} için saklanabilir.,
Maximum Samples - {0} have already been retained for Batch {1} and Item {2} in Batch {3}.,Maksimum Numuneler - {0} zaten {1} Partisi ve {3}Partisi için {2} Ürünü için saklandı.,
Maximum Use,Maksimum kullanım,
Maximum Value,Maksimum Değer,
Maximum discount for Item {0} is {1}%,{0} Kalemi için maksimum indirim %{1} kadardır,
Maximum quantity scanned for item {0}.,{0} Ürünü için taranan maksimum miktar.,
Maximum sample quantity that can be retained,Tutulabilen maksimum numune miktarı,
Medium,Orta,
Mention Valuation Rate in the Item master.,Ürün ana verisinde Değerleme Oranını belirtin.,
Mention if non-standard Receivable account,Standart Değilse Ayrıca Belirtin,
Mention if non-standard payable account,Standart dışı ödenecek hesap varsa belirtin.,
Mention if non-standard receivable account applicable,Standart olmayan alacak hesabının geçerli olup olmadığını belirtin.,
Menu,Menü,
Merge,Birleştir,
Merge Account,Hesap Birleştir,
Merge Invoices Based On,Faturaları Şuna Göre Birleştir,
Merge Progress,Birleştirme İlerlemesi,
Merge Similar Account Heads,Benzer Hesap Başlıklarını Birleştir,
Merge taxes from multiple documents,Birden fazla belgedeki vergileri birleştirme,
Merge with Existing Account,Mevcut Hesapla Birleştir,
Merge with existing,Varolan ile Birleştir,
Merged,Birleştirildi,
"Merging is only possible if following properties are same in both records. Is Group, Root Type, Company and Account Currency","Birleştirme sadece aşağıdaki özelliklerin her iki kayıtta da aynı olması durumunda mümkündür. Grup, Kök Türü, Şirket ve Hesap Para Birimi",
Merging {0} of {1},Birleştiriliyor {0} / {1},
Message,Mesaj,
Message Examples,Mesaj Örnekleri,
Message Sent,Mesaj Gönderildi,
Message for Supplier,Tedarikçi için mesaj,
Message to show,Mesaj gösteriyor,
Message will be sent to the users to get their status on the Project,Kullanıcılara Projedeki durumlarını öğrenmek için mesaj gönderilecektir.,
Messages greater than 160 characters will be split into multiple messages,160 karakterden daha büyük mesajlar birden fazla mesaja bölünecektir,
Messaging CRM Campagin,Mesajlaşma CRM Kampanyası,
Middle Income,Orta Gelir,
Middle Name,İkinci Adı,
Min Amount,Min Miktarı,
Min Amt,Minimum Tutar,
Min Amt can not be greater than Max Amt,Min Miktar Maks Miktardan büyük olamaz,
Min Grade,Minimum,
Min Order Qty,Minimum Sipariş Miktarı,
Min Qty,Min Miktar,
Min Qty (As Per Stock UOM),Minimum Miktar (Stok Birimine Göre),
Min Qty can not be greater than Max Qty,Minimum Miktar Maksimum Miktardan Fazla olamaz,
Min Qty should be greater than Recurse Over Qty,"Minimum Miktar, Yeniden İşlenecek Miktardan büyük olmalıdır.",
Minimum Invoice Amount,Minimum Fatura Tutarı,
Minimum Lead Age (Days),Minimum Müşteri Adayı Yaşı (Gün),
Minimum Net Rate,Minimum Net Oran,
Minimum Order Qty,Minimum Sipariş Miktarı,
Minimum Order Quantity,Minimum Sipariş Miktarı,
Minimum Payment Amount,Minimum Ödeme Tutarı,
Minimum Qty,Minimum Miktar,
Minimum Total Spent,Minimum Toplam Harcama,
Minimum Value,Minimum Değer,
Minimum quantity should be as per Stock UOM,"Minimum miktar, Stok Birimine göre olmalıdır",
Minute,Dakika,
Minutes,Süreler,
Miscellaneous Expenses,Çeşitli Giderler,
Mismatch,Uyuşmazlık,
Missing,Eksik,
Missing Account,Eksik Hesap,
Missing Asset,Kayıp Varlık,
Missing Cost Center,Maliyet Merkezi Eksik,
Missing Default in Company,Şirkette Eksik Varsayılan,
Missing Finance Book,Kayıp Finans Kitabı,
Missing Finished Good,Eksik Bitmiş Ürün,
Missing Formula,Eksik Formül,
Missing Item,Eksik Ürünler,
Missing Payments App,Eksik Ödemeler Uygulaması,
Missing Serial No Bundle,Eksik Seri No Paketi,
Missing Values Required,Gerekli Eksik Değerler,
Missing email template for dispatch. Please set one in Delivery Settings.,Sevkiyat için e-posta şablonu eksik. Lütfen Teslimat Ayarlarında bir tane belirleyin.,
Missing value,Eksik Değer,
Mixed Conditions,Karışık Koşullar,
Mobile,Cep Telefonu,
Mobile No,Cep No,
Mobile Number,Cep Telefonu,
Mobile: ,Cep Telefonu: ,
Mode Of Payment,Ödeme Yöntemi,
Mode of Payment,Ödeme Yöntemi,
Mode of Payment Account,Ödeme Yöntemi Hesabı,
Mode of Payments,Ödeme Yöntemleri,
Model,Modeli,
Modes of Payment,Ödeme Biçimi,
Modified By,Değiştiren,
Modified On,Değiştirilme Tarihi,
Monday,Pazartesi,
Monitor Progress,İlerlemeyi İzleme,
Monitor for Last 'X' days,Son 'X' gün için izleyin,
Monitoring Frequency,İzleme Sıklığı,
Month,Ay,
Month(s) after the end of the invoice month,Fatura Kesim Ayından Sonraki Ay,
Monthly,Aylık,
Monthly Completed Work Orders,Aylık Tamamlanan İş Emirleri,
Monthly Distribution,Aylık Dağılım,
Monthly Distribution Percentage,Aylık Dağılım Yüzdesi,
Monthly Distribution Percentages,Aylık Dağılım Yüzdeleri,
Monthly Quality Inspections,Aylık Kalite Denetimleri,
Monthly Rate,Aylık Oran,
Monthly Sales Target,Aylık Satış Hedefi,
Monthly Total Work Orders,Aylık Toplam İş Emirleri,
Months,Aylar,
More Info,Daha Fazla Bilgi,
More Information,Daha Fazla Bilgi,
More/Less than 12 months.,12 aydan fazla/az.,
Move,Taşı,
Move Item,Ürünü Taşı,
Move Stock,Stoku Taşı,
Move to Cart,Sepete Taşı,
Movement,Hareket,
Moving Average,Hareketli Ortalama,
Moving up in tree ...,Ağaçta yukarı taşınıyor...,
Multi Currency,Çoklu Para Birimi,
Multi-level BOM Creator,Çok Seviyeli Ürün Ağacı Oluşturucu,
Multiple Loyalty Programs found for Customer {}. Please select manually.,Müşteri {} için birden fazla Sadakat Programı bulundu. Lütfen manuel olarak seçin.,
"Multiple Price Rules exists with same criteria, please resolve conflict by assigning priority. Price Rules: {0}","Aynı kriterlere sahip birden fazla Fiyat Kuralı var, lütfen öncelik atayarak çakışmayı çözün. Fiyat Kuralları: {0}",
Multiple Tier Program,Çok Katmanlı Program,
Multiple Variants,Çoklu Varyantlar,
Multiple Warehouse Accounts,Çoklu Depo Hesapları,
Multiple fiscal years exist for the date {0}. Please set company in Fiscal Year,{0} tarihi için birden fazla mali yıl var. Lütfen Mali Yıl'da şirketi ayarlayın,
Multiple items cannot be marked as finished item,Birden fazla ürün bitmiş ürün olarak işaretlenemez,
Must be Whole Number,Tam Sayı,
Must be a publicly accessible Google Sheets URL and adding Bank Account column is necessary for importing via Google Sheets,Google E-Tablolar URL'si herkese açık olmalı ve Google E-Tablolar üzerinden içe aktarma için Banka Hesabı sütununun eklenmesi gerekir,
Mute Email,E-postayı Sessize Al,
N/A,N / A,
Name,Adı,
Name and Employee ID,İsim ve Personel ID,
Name of Beneficiary,Yararlanıcının Adı,
Name of new Account. Note: Please don't create accounts for Customers and Suppliers,Yeni Hesap Planının Adı,
Name of the Monthly Distribution,Aylık Dağılım İsmi,
Named Place,İsimlendirilmiş Yer,
Naming Series,Adlandırma Serisi,
Naming Series Prefix,Seri Öneki Adlandırma,
Naming Series and Price Defaults,Adlandırma Serisi ve Fiyatlar,
Natural Gas,Doğal gaz,
Needs Analysis,İhtiyaç Analizi,
Negative Batch Quantity,Negatif Parti Miktarı,
Negative Quantity is not allowed,Negatif Miktara izin verilmez,
Negative Valuation Rate is not allowed,Negatif Değerleme Oranına izin verilmez,
Negotiation/Review,Müzakere/İnceleme,
Net Amount,Net Tutar,
Net Amount (Company Currency),Net Tutar,
Net Asset value as on,Tarihindeki Net Varlık Değeri,
Net Cash from Financing,Finansmandan Sağlanan Net Nakit,
Net Cash from Investing,Yatırımdan Elde Edilen Net Nakit,
Net Cash from Operations,İşletme Faaliyetlerinden Net Nakit Akışı,
Net Change in Accounts Payable,Borç Hesaplarındaki Net Değişim,
Net Change in Accounts Receivable,Alacak Hesaplarındaki Net Değişim,
Net Change in Cash,Nakit Net Değişimi,
Net Change in Equity,Özkaynak Net Değişimi,
Net Change in Fixed Asset,Sabit Varlıktaki Net Değişim,
Net Change in Inventory,Stoktaki Net Değişim,
Net Hour Rate,Net Saat Ücreti,
Net Profit,Net Kazanç,
Net Profit/Loss,Net Kâr/Zarar,
Net Purchase Amount,Net Satın Alma Tutarı,
Net Rate,Vergi Dahil Birim Fiyat,
Net Rate (Company Currency),Vergi Dahil Birim Fiyat (Şirket Para Birimi),
Net Total,Net Toplam,
Net Total (Company Currency),Net Toplam (Varsayılan Para Birimi),
Net Weight,Net Ağırlığı,
Net Weight UOM,Net Ağırlık Ölçü Birimi,
Net total calculation precision loss,Net toplam hesaplama hassasiyet kaybı,
New,Yeni,
New Account Name,Yeni Hesap Adı,
New Asset Value,Yeni Varlık Değeri,
New Assets (This Year),Yeni Varlıklar (Bu Yıl),
New BOM,Yeni Ürün Ağacı,
New Balance In Account Currency,Hesap Para Biriminde Yeni Bakiye,
New Balance In Base Currency,Temel Dövizde Yeni Bakiye,
New Batch ID (Optional),Yeni Toplu İşlem Kimliği (İsteğe Bağlı),
New Batch Qty,Yeni Toplu İşlem Miktarı,
New Company,Yeni Şirket,
New Cost Center Name,Yeni Maliyet Merkezi Adı,
New Customer Revenue,Yeni Müşteri Geliri,
New Customers,Yeni Müşteriler,
New Department,Yeni Departman,
New Employee,Yeni Personel,
New Event,Yeni Etkinlik,
New Exchange Rate,Yeni Döviz Kuru,
New Expenses,Yeni Giderler,
New Income,Yeni Gelir,
New Invoice,Yeni Fatura,
New Location,Yeni Konum,
New Note,Yeni Not,
New Purchase Invoice,Yeni Satın Alma Faturası,
New Purchase Orders,Yeni Satın Alma Siparişleri,
New Quality Procedure,Yeni Prosedür,
New Quotations,Yeni Fiyat Teklifi,
New Sales Invoice,Yeni Satış Faturası,
New Sales Orders,Yeni Satış Siparişleri,
New Sales Person Name,Yeni Satış Elemanı Adı,
New Serial No cannot have Warehouse. Warehouse must be set by Stock Entry or Purchase Receipt,"Yeni Seri No'nun Deposu olamaz. Depo, Stok Hareketi veya Alış İrsaliyesi ile ayarlanmalıdır",
New Task,Yeni Görev,
New Version,Yeni Versiyon,
New Warehouse Name,Yeni Depo İsmi,
New Workplace,Yeni Çalışma Bölümü,
New credit limit is less than current outstanding amount for the customer. Credit limit has to be atleast {0},"Yeni kredi limiti, müşterinin mevcut ödenmemiş tutarından daha azdır. Kredi limiti en az {0} olmalıdır.",
New fiscal year created :- ,Yeni mali yıl oluşturuldu: - ,
New invoices will be generated as per schedule even if current invoices are unpaid or past due date,"Mevcut faturalar ödenmemiş veya vadesi geçmiş olsa bile, plana göre yeni faturalar oluşturulacaktır.",
New release date should be in the future,Yeni çıkış tarihi gelecek tarihli olmalı,
New task,Yeni Görev,
New {0} pricing rules are created,Yeni {0} fiyatlandırma kuralları oluşturuldu,
Next,Sonraki,
Next Depreciation Date,Bir sonraki değer kaybı tarihi,
Next Due Date,Sonraki Plan Tarihi,
Next email will be sent on:,Sıradaki E-Posta Gönderimi,
No,Hayır,
No Account matched these filters: {},Bu filtrelerle eşleşen bir Hesap bulunamadı: {},
No Action,Aksiyon Yok,
No Answer,Cevap Yok,
No Customer found for Inter Company Transactions which represents company {0},Şirketi temsil eden Şirketler Arası İşlemler için Müşteri bulunamadı {0},
No Customers found with selected options.,Seçilen seçeneklere sahip Müşteri bulunamadı.,
No Data,Hiç Veri yok,
No Delivery Note selected for Customer {},Müşteri {} için İrsaliye seçilmedi,
No Item with Barcode {0},{0} Barkodlu Ürün Bulunamadı,
No Item with Serial No {0},{0} Seri Numaralı Ürün Bulunamadı,
No Items selected for transfer.,Transfer için hiçbir Ürün seçilmedi.,
No Items with Bill of Materials to Manufacture,Ürün Ağacında Üretimi Yapılacak Ürün Yok,
No Items with Bill of Materials.,Ürün Bulunmayan Ürün Ağaçları.,
No Matching Bank Transactions Found,Eşleşen Banka İşlemi Bulunamadı,
No Notes,Not Yok,
No Outstanding Invoices found for this party,Bu Cari için Ödenmemiş Fatura bulunamadı,
No POS Profile found. Please create a New POS Profile first,POS Profili bulunamadı. Lütfen önce Yeni bir POS Profili oluşturun,
No Permission,İzin yok,
No Purchase Orders were created,Hiçbir Satın Alma Siparişi oluşturulmadı,
No Records for these settings.,Bu ayarlar için Kayıt Yok.,
No Remarks,Açıklama Yok,
No Selection,Seçim Yok,
No Serial / Batches are available for return,İade için Seri / Parti mevcut değil,
No Stock Available Currently,Şu Anda Stok Mevcut Değil,
No Summary,Özet Yok,
No Supplier found for Inter Company Transactions which represents company {0},{0} şirketini temsil eden Şirketler Arası İşlemler için Tedarikçi bulunamadı,
No Tax Withholding data found for the current posting date.,Geçerli kayıt tarihi için Vergi Stopajı verisi bulunamadı.,
No Terms,Şart Yok,
No Unreconciled Invoices and Payments found for this party and account,Bu Cari ve Hesap için Uzlaştırılmamış Fatura ve Ödeme bulunamadı,
No Unreconciled Payments found for this party,Bu Cari için Uzlaşılmamış Ödeme bulunamadı,
No Work Orders were created,Hiçbir İş Emri oluşturulmadı,
No accounting entries for the following warehouses,Aşağıdaki depolar için muhasebe kaydı yok,
No active BOM found for item {0}. Delivery by Serial No cannot be ensured,{0} ürünü için aktif bir Ürün Ağacı bulunamadı. Seri No'ya göre teslimat sağlanamaz,
No additional fields available,Ek alan mevcut değil,
No billing email found for customer: {0},{0} isimli Müşteri için fatura e-postası bulunamadı.,
No contacts with email IDs found.,E-posta kimliği olan kişi bulunamadı.,
No data for this period,Bu döneme ait veri yok,
No data found. Seems like you uploaded a blank file,Veri bulunamadı. Boş bir dosya yüklemişsiniz gibi görünüyor,
No data to export,Dışa aktarılacak veri yok,
No description given,Hiçbir açıklama girilmemiş,
No employee was scheduled for call popup,Hiçbir çağrı bildirimi personel için planlanmadı,
No failed logs,Başarısız kayıt yok,
No item available for transfer.,Transfer için uygun ürün bulunamadı.,
No items are available in sales orders {0} for production,Üretim için {0} satış siparişlerinde hiçbir ürün mevcut değil,
No items are available in the sales order {0} for production,Üretim için {0} satış siparişlerinde hiçbir ürün mevcut değil,
No items found. Scan barcode again.,Ürün bulunamadı. Barkodu tekrar tarayın.,
No items in cart,Sepette ürün yok,
No items to be received are overdue,Teslim alınması gereken hiçbir ürünün vadesi geçmemiştir,
No matches occurred via auto reconciliation,Otomatik mutabakat yoluyla hiçbir eşleşme oluşmadı,
No material request created,Malzeme talebi oluşturulmadı,
No more children on Left,Solda başka alt öğe yok,
No more children on Right,Sağda başka alt öğe yok,
No of Docs,Doküman Sayısı,
No of Employees,Personel Sayısı,
No of Interactions,Etkileşim Sayısı,
No of Months (Expense),Ay Sayısı (Gider),
No of Months (Revenue),Ay Sayısı (Gelir),
No of Shares,Hisse Sayısı,
No of Visits,Ziyaret Sayısı,
No open event,Açık etkinlik yok,
No open task,Açık görev yok,
No outstanding invoices found,Ödenmemiş fatura bulunamadı,
No outstanding invoices require exchange rate revaluation,Döviz kuru yeniden değerlemesi gerektiren ödenmemiş fatura yok,
No outstanding {0} found for the {1} {2} which qualify the filters you have specified.,Belirttiğiniz filtreleri karşılayan {1} {2} için bekleyen {0} bulunamadı.,
No pending Material Requests found to link for the given items.,Verilen ürünler için bağlantı kurulacak bekleyen Malzeme İsteği bulunamadı.,
No primary email found for customer: {0},{0} isimli Müşteri için tanımlı birincil e-posta bulunamadı.,
No products found.,Hiçbir ürün bulunamadı.,
No recent transactions found,Son zamanlarda herhangi bir işlem bulunamadı,
No record found,Kayıt Bulunamadı,
No records found in Allocation table,Tahsis tablosunda kayıt bulunamadı,
No records found in the Invoices table,Fatura tablosunda kayıt bulunamadı,
No records found in the Payments table,Ödemeler tablosunda kayıt bulunamadı,
No reserved stock to unreserve.,Ayrılmış stok bulunmadığı için iptal edilecek stok yok.,
No stock transactions can be created or modified before this date.,"Bu tarihten önce hiçbir stok işlemi oluşturulamaz veya değiştirilemez.,",
No values,Veri Yok,
No {0} Accounts found for this company.,Bu şirket için {0} Hesap bulunamadı.,
No {0} found for Inter Company Transactions.,Şirketler Arası İşlemler için {0} bulunamadı.,
No.,Sıra,
No. of Employees,Personel Sayısı,
No. of parallel job cards which can be allowed on this workstation. Example: 2 would mean this workstation can process production for two Work Orders at a time.,"Bu iş istasyonunda izin verilebilecek paralel iş kartı sayısı. Örnek: 2, bu iş istasyonunun aynı anda iki İş Emri için üretim yapabileceği anlamına gelir.",
Non Conformance,Uygunsuzluk,
Non Depreciable Category,Amortismana Tabi Olmayan Kategori,
Non Profit,Kâr Amacı Gütmeyen,
Non stock items,Stok dışı ürünler,
Non-Zeros,Sıfır Olmayanlar,
None,Yok,
None of the items have any change in quantity or value.,Ürünlerin hiçbirinde miktar veya değer değişikliği yoktur.,
Nos,Nos,
Not Allowed,İzin Verilmiyor,
Not Applicable,Kabul Edilmedi,
Not Available,Mevcut Değil,
Not Billed,Fatura Kesilmedi,
Not Delivered,Teslim Edilmedi,
Not Initiated,Başlatılmadı,
Not Permitted,İzin Verilmedi,
Not Requested,Talep Edilmedi,
Not Specified,Belirtilmemiş,
Not Started,Başlamadı,
Not active,Etkin Değil,
Not allow to set alternative item for the item {0},{0} öğesi için alternatif öğeyi ayarlamaya izin verilmez,
Not allowed to create accounting dimension for {0},{0} için muhasebe boyutu oluşturulmasına izin verilmiyor,
Not allowed to update stock transactions older than {0},{0} tarihinden daha eski stok işlemlerinin güncellenmesine izin verilmez,
Not authorized since {0} exceeds limits,{0} limitleri aştığı için yetkilendirilmedi,
Not authorized to edit frozen Account {0},Dondurulmuş Hesabın düzenleme yetkisi yok {0},
Not in Stock,Stokta Yok,
Not in stock,Stokta Yok,
Not permitted,İzin Verilmedi,
Note,Not,
Note: Automatic log deletion only applies to logs of type <i>Update Cost</i>,Not: Otomatik kayıt silme yalnızca <i>Maliyet Güncelleme</i> türündeki kayıtlar için geçerlidir,
Note: Email will not be sent to disabled users,Not: Devrı dışı bırakılmış kullanıcılara e-posta gönderilmeyecektir.,
Note: Item {0} added multiple times,Not: {0} ürünü birden çok kez eklendi,
Note: Payment Entry will not be created since 'Cash or Bank Account' was not specified,Not: 'Nakit veya Banka Hesabı' belirtilmediği için Ödeme Girişi oluşturulmayacaktır.,
Note: This Cost Center is a Group. Cannot make accounting entries against groups.,Not: Bu Maliyet Merkezi bir Gruptur. Gruplara karşı muhasebe girişleri yapılamaz.,
"Note: To merge the items, create a separate Stock Reconciliation for the old item {0}","Kalemleri birleştirmek istiyorsanız, eski kalem {0} için ayrı bir Stok Mutabakatı oluşturun",
Note: {0},Not: {0},
Notes,Notlar,
Notes HTML,Notlar HTML,
Notes: ,Notlar: ,
Nothing is included in gross,Brüt ücrete hiçbir şey dahil değildir,
Nothing more to show.,Görecek başka bir şey yok,
Notice (days),Bildirim (Gün),
Notify Customers via Email,Müşteriyi E-posta ile Bilgilendir,
Notify Employee,çalışana bildir,
Notify Other,Diğerini bildir,
Notify Reposting Error to Role,Yeniden Gönderme Hatasını Role Bildir,
Notify Supplier,tedarikçiye bildir,
Notify Via Email,E-posta ile Bildir,
Notify by Email on Creation of Automatic Material Request,Otomatik Hammadde Talebi Oluşturulduğunda E-posta ile Bildir,
Notify customer and agent via email on the day of the appointment.,Randevu gününde e-posta yoluyla müşteriyi ve acenteyi bilgilendirin.,
Number of Concurrent Appointments,Eşzamanlı Randevu Sayısı,
Number of Days,Gün Sayısı,
Number of Interaction,Etkileşim Sayısı,
Number of Order,Sipariş Sayısı,
Number of days after invoice date has elapsed before canceling subscription or marking subscription as unpaid,Aboneliği iptal etmeden veya aboneliği ücretsiz olarak faturadan önce faturanın bitiminden sonraki gün sayısı geçmiştir.,
Number of days appointments can be booked in advance,Randevuların ölçü alınabileceği gün sayısı,
Number of days that the subscriber has to pay invoices generated by this subscription,Abonenin bu abonelik tarafından faturalarının kesilmesi zorunlu olduğu gün miktarı,
"Number of intervals for the interval field e.g if Interval is 'Days' and Billing Interval Count is 3, invoices will be generated every 3 days","Aralık alanı için aralıkların sayısı, örnek &#39;Günler&#39; ve Faturalama Aralığı 3 ise, faturalar her 3 günde bir oluşturur.",
"Number of new Account, it will be included in the account name as a prefix","Yeni Hesap Numarası, hesap adına önek olarak eklenecektir",
"Number of new Cost Center, it will be included in the cost center name as a prefix","Yeni Maliyet Merkezi Numarası, maliyet merkezi adına önek olarak eklenecektir",
Numeric,Rakamsal,
Numeric Inspection,Sayısal Kontrol,
Numeric Values,Sayısal Değer,
Numero has not set in the XML file,Numero XML kurulumunda ayarlanmadı,
O+,0+,
O-,O-,
Objective,Amaç,
Objectives,Amaçlar,
Odometer Value (Last),Kilometre Sayacı Değeri (Son),
Off,Kapalı,
Offer Date,Teklif Tarihi,
Office Equipment,Ofis Ekipmanları,
Office Maintenance Expenses,Ofis Bakım Giderleri,
Office Rent,İşyeri Kirası,
Offsetting Account,Mahsuplaşma Hesabı,
Offsetting for Accounting Dimension,Muhasebe Boyutu için Mahsuplaşma,
Old Parent,Eski Üst Öğe,
Oldest Of Invoice Or Advance,En Eski Fatura veya Avans,
On Hold,Beklemede,
On Hold Since,O zaman beri beklemede,
On Item Quantity,Ürün Miktarında,
On Net Total,Net Toplam,
On Paid Amount,Ödenen Tutar Üzerinden,
On Previous Row Amount,Önceki Satırdaki Tutar,
On Previous Row Total,Önceki Satırdaki Toplam,
On This Date,Bu Tarihte,
On Track,Hedefte,
On enabling this cancellation entries will be posted on the actual cancellation date and reports will consider cancelled entries as well,İptal girişleri gerçek iptal tarihinde yayınlanacak ve raporlar iptal edilen girişleri de dikkate alacaktır,
"On expanding a row in the Items to Manufacture table, you'll see an option to 'Include Exploded Items'. Ticking this includes raw materials of the sub-assembly items in the production process.","Üretilecek Ürünler tablosunda bir satırı genişlettiğinizde, 'Patlatılmış Ürünleri Dahil Et' seçeneğini göreceksiniz. Bunu işaretlemek, üretim sürecindeki alt montaj ürünlerinin ham maddelerini içerir.",
"On submission of the stock transaction, system will auto create the Serial and Batch Bundle based on the Serial No / Batch fields.","Stok işleminin gönderilmesi üzerine, sistem Seri No / Parti alanlarına dayalı olarak Seri ve Parti Paketini otomatik olarak oluşturacaktır.",
On-machine press checks,Kalıp Arızası,
"Once set, this invoice will be on hold till the set date","Bir kez ayarlandığında, bu fatura belirlenen tarihe kadar bekletilecektir.",
Once the Work Order is Closed. It can't be resumed.,"İş Emri Kapatıldıktan sonra, Devam ettirilemez.",
One customer can be part of only single Loyalty Program.,Bir müşteri yalnızca tek bir Sadakat Programının parçası olabilir,
Ongoing Job Cards,Devam Eden İş Kartları,
Only 'Payment Entries' made against this advance account are supported.,Sadece bu avans hesabına yapılan 'Ödeme Girişleri' desteklenmektedir.,
Only CSV and Excel files can be used to for importing data. Please check the file format you are trying to upload,Verileri içe aktarmak için yalnızca CSV ve Excel dosyaları kullanılabilir. Lütfen yüklemeye çalıştığınız dosya biçimini kontrol edin,
Only Deduct Tax On Excess Amount ,Sadece Fazla Tutar Üzerinden Vergi Kesintisi Yapın ,
Only Include Allocated Payments,Sadece Ayrılan Ödemeleri Dahil Et,
Only Parent can be of type {0},Yalnızca Üst Öğe {0} türünde olabilir,
Only Value available for Payment Entry,Ödeme Girişi için yalnızca Değer girilebilir,
Only applies for Normal Payments,Sadece Normal Ödemeler için geçerlidir,
Only existing assets,Sadece Mevcut Varlıklar,
Only leaf nodes are allowed in transaction,İşlemlerde sadece alt elemanlar kullanılanbilir.,
Only one {0} entry can be created against the Work Order {1},İş Emri {1} için yalnızca bir {0} girişi oluşturulabilir,
Only show Customer of these Customer Groups,Sadece bu Müşteri Gruplarının Müşterisini arayın,
Only show Items from these Item Groups,Sadece bu Öğe Gruplarındaki Öğeleri göster,
"Only values between [0,1) are allowed. Like {0.00, 0.04, 0.09, ...}
Ex: If allowance is set at 0.07, accounts that have balance of 0.07 in either of the currencies will be considered as zero balance account","Yalnızca [0,1) arasındaki değerlere izin verilir. {0.00, 0.04, 0.09, ...} gibi
Örn: Eğer ödenek 0.07 olarak ayarlanırsa, her iki para biriminde de 0.07 bakiyesi olan hesaplar sıfır bakiyeli hesap olarak değerlendirilecektir",
Only {0} are supported,Sadece {0} destekleniyor,
Open,Açık,
Open Activities HTML,Açık Etkinlikler HTML,
Open BOM {0},{0} Ürün Ağacını Aç,
Open Call Log,Arama Günlüğünü Aç,
Open Contact,Kişiyi Aç,
Open Event,Açık Etkinlik,
Open Events,Açık Etkinlikler,
Open Form View,Form Görünümünü Aç,
Open Issues,Açık Sorunlar,
Open Issues ,Açık Sorunlar,
Open Item {0},Açık Ürün {0},
Open Notifications,Açık Bildirimler,
Open Projects,Aktif Projeler,
Open Projects ,Açık Projeler,
Open Quotations,Açık Teklifler,
Open Sales Orders,Açık Siparişler,
Open Task,Açık Görev,
Open Tasks,Açık Görevler,
Open To Do,Yapılacaklar,
Open To Do ,Açık Yapılacaklar ,
Open Work Order {0},Açık İş Emri {0},
Open Work Orders,İş Emirlerini Aç,
Open a new ticket,Yeni bir destek talebi oluştur,
Opening,Açılış,
Opening (Cr),Açılış Alacağı,
Opening (Dr),Açılış Borcu,
Opening Accumulated Depreciation,Birikmiş Amortisman Açılışı,
Opening Amount,Açılış Tutarı,
Opening Balance,Açılış Bakiyesi,
Opening Balance Details,Bakiye Ayrıntılarını Açma,
Opening Balance Equity,Açılış Bakiyesi Sermayesi,
Opening Date,Açılış Tarihi,
Opening Entry,Açılış Fişi,
Opening Entry can not be created after Period Closing Voucher is created.,Dönem Kapanış Fişi oluşturulduktan sonra Açılış Fişi oluşturulamaz.,
Opening Invoice Creation In Progress,Açılış Faturası Oluşturma İşlemi Devam Ediyor,
Opening Invoice Creation Tool,Açılış Faturası Oluşturma Aracı,
Opening Invoice Creation Tool Item,Açılış Fatura Oluşturma Aracı Kalemi,
Opening Invoice Item,Açılış Faturası Ürünü,
"Opening Invoice has rounding adjustment of {0}.<br><br> '{1}' account is required to post these values. Please set it in Company: {2}.<br><br> Or, '{3}' can be enabled to not post any rounding adjustment.","Açılış Faturası {0} yuvarlama ayarına sahiptir.<br><br> '{1}' hesabının bu değerleri göndermesi gerekir. Lütfen Şirket'te bu hesabı ayarlayın: {2}.<br><br> Veya, herhangi bir yuvarlama ayarı göndermemek için '{3}' seçeneğini aktifleştirin.",
Opening Invoices,Açılış Faturaları,
Opening Invoices Summary,Açılış Faturası Özeti,
Opening Number of Booked Depreciations,Kayıtlı Amortismanlar Açılış Sayısı,
Opening Purchase Invoices have been created.,Açılış Alış Faturaları oluşturuldu.,
Opening Qty,Açılış Miktarı,
Opening Sales Invoices have been created.,Açılış Satış Faturaları oluşturuldu.,
Opening Stock,Açılış Stoku,
Opening Time,Açılış Zamanı,
Opening Value,Açılış Değeri,
Operating Cost,Operasyon Maliyeti,
Operating Cost (Company Currency),Operasyon Maliyeti (Şirket Para Birimi),
Operating Cost Per BOM Quantity,Ürün Ağacındaki Miktara Göre Operasyon Maliyeti,
Operating Cost as per Work Order / BOM,İş Emri / Ürün Ağacına Göre İşletme Maliyeti,
Operating Cost(Company Currency),Operasyon Maliyeti (TRY),
Operating Costs,Operasyon Maliyeti,
Operation,Operasyon,
Operation & Materials,Operasyonlar & Malzemeler,
Operation Cost,Operasyon Maliyeti,
Operation Description,Operasyon Detayı,
Operation ID,İşlem kimliği,
Operation Id,Operasyon Kimliği,
Operation Row ID,Operasyon Satır Kimliği,
Operation Row Id,Operasyon Satır Kimliği,
Operation Row Number,Operasyon Satır Numarası,
Operation Time,Operasyon Süresi,
Operation Time must be greater than 0 for Operation {0},{0} Operasyonu için İşlem Süresi 0'dan büyük olmalıdır,
Operation completed for how many finished goods?,Operasyon tamamlandıktan sonra elde edilecek ürün miktarı,
Operation time does not depend on quantity to produce,Operasyon süresi üretilecek ürün miktarına bağlı değildir.,
Operation {0} added multiple times in the work order {1},"Operasyon {0}, iş emrine birden çok kez eklendi {1}",
Operation {0} does not belong to the work order {1},{0} Operasyonu {1} İş Emrine ait değil,
"Operation {0} longer than any available working hours in workstation {1}, break down the operation into multiple operations","{0} Operasyonu, {1} iş istasyonundaki herhangi bir kullanılabilir çalışma saatinden daha uzun, Operasyonu birden fazla işleme bölün",
Operations,Operasyonlar,
Operations Routing,Operasyonların Rotası,
Operations cannot be left blank,Operasyonlar boş bırakılamaz,
Operator,Operatör,
Opp Count,Fırsat Sayısı,
Opp/Lead %,Fırsat/Müşteri Adayı %,
Opportunities,Fırsatlar,
Opportunities by Campaign,Kampanyaya Göre Fırsatlar,
Opportunities by Medium,Medium'dan Gelen Fırsatlar,
Opportunities by Source,Kaynaklara Göre Fırsatlar,
Opportunity,Fırsat,
Opportunity Amount,Fırsat Tutarı,
Opportunity Amount (Company Currency),Fırsat Tutarı (Company Currency),
Opportunity Date,Fırsat Tarihi,
Opportunity From,Fırsatın Kaynağı,
Opportunity Item,Fırsat Ürünü,
Opportunity Lost Reason,Fırsatın Kaçırılma Sebebi,
Opportunity Lost Reason Detail,Fırsat Kayıp Nedeni Ayrıntısı,
Opportunity Owner,Fırsat Sahibi,
Opportunity Source,Fırsat Kaynağı,
Opportunity Summary by Sales Stage,Satış Aşamasına göre Fırsat Özeti,
Opportunity Type,Fırsat Türü,
Opportunity Value,Fırsat Değeri,
Opportunity {0} created,Fırsat {0} oluşturuldu,
Optimize Route,Rotayı Optimize Et,
"Optional. Sets company's default currency, if not specified.",İsteğe bağlı. Belirtilmemişse şirketin varsayılan para birimi kullanılır.,
Optional. This setting will be used to filter in various transactions.,"İsteğe bağlı. Bu ayar, çeşitli işlemlerde filtreleme yapmak için kullanılır.",
Options,Şeçenekler,
Orange,Turuncu,
Order Amount,Sipariş Tutarı,
Order By,Sipariş Veren,
Order Confirmation Date,Sipariş Onay Tarihi,
Order Confirmation No,Sipariş Onay No,
Order Count,Sipariş Sayısı,
Order Date,Sipariş Tarihi,
Order Information,Sipariş Bilgisi,
Order No,Sipariş No,
Order Qty,Sipariş Miktarı,
Order Status,Sipariş Durumu,
Order Summary,Sipariş Özeti,
Order Type,Sipariş Türü,
Order Value,Sipariş Değeri,
Order/Quot %,Sipariş / Miktar %,
Ordered,Sipariş Verildi,
Ordered Qty,Sipariş Miktarı,
"Ordered Qty: Quantity ordered for purchase, but not received.",Sipariş Edilen Miktar: Satın alınmak üzere sipariş edilen ancak teslim alınmayan miktar.,
Ordered Quantity,Sipariş Miktarı,
Orders,Siparişler,
Organization,Organizasyon,
Organization Name,Şirket Adı,
Orientation,Oryantasyon,
Original Item,Orjinal Ürün,
Other,Diğer,
Other Details,Diğer Detaylar,
Other Info,Diğer Bilgiler,
Other Settings,Diğer Ayarlar,
Out Qty,Çıkış Miktarı,
Out Value,Çıkış Değeri,
Out of AMC,Yıllık Bakım Sözleşmesi Bitmiş,
Out of Order,Sipariş Dışı,
Out of Stock,Stokta yok,
Out of Warranty,Garanti Dışı,
Out of stock,Stokta yok,
Outgoing,Giden,
Outgoing Rate,Giden Oranı,
Outstanding,Ödenmemiş,
Outstanding Amount,Ödenmemiş Tutar,
Outstanding Amt,Ödenmemiş Tutar,
Outstanding Cheques and Deposits to clear,Ödenmemiş Çekler ve Kapatılması Gereken Mevduatlar,
Outstanding for {0} cannot be less than zero ({1}),{0} için açık bakiye sıfır ({1}) değerinden düşük olamaz.,
Outward,Giden,
Over Billing Allowance (%),Fazla Fatura Ödeneği (%),
Over Delivery/Receipt Allowance (%),Fazla Teslimat/Alınan Ürün Ödeneği (%),
Over Picking Allowance,Fazla Seçim İzni,
Over Receipt,Fazla Teslim Alma,
Over Receipt/Delivery of {0} {1} ignored for item {2} because you have {3} role.,{3} rolüne sahip olduğunuz için {2} ürünü için {0} {1} fazla alım/teslimat göz ardı edildi.,
Over Transfer Allowance,Fazla Transfer İzni,
Over Transfer Allowance (%),Fazla Transfer İzni (%),
Overbilling of {0} {1} ignored for item {2} because you have {3} role.,{3} rolüne sahip olduğunuz için {2} ürünü için {0} {1} fazla faturalandırma göz ardı edildi.,
Overbilling of {} ignored because you have {} role.,Rolünüz {} olduğu için {} fazla fatura türü göz ardı edildi.,
Overdue,Gecikmiş,
Overdue Days,Gecikmiş Günler,
Overdue Payment,Gecikmiş ödeme,
Overdue Payments,Gecikmiş Ödemeler,
Overdue Tasks,Gecikmiş Görevler,
Overdue and Discounted,Vadesi Geçmiş ve İndirimli,
Overlap in scoring between {0} and {1},{0} ile {1} arasında puanlamada çakışma var,
Overlapping conditions found between:,Aşağıdakiler arasında örtüşen koşullar bulundu:,
Overproduction Percentage For Sales Order,Satış Siparişi İçin Fazla Üretim Yüzdesi,
Overproduction Percentage For Work Order,İş Emri İçin Fazla Üretim Yüzdesi,
Overproduction for Sales and Work Order,Satış ve İş Emri için Fazla Üretim,
Overview,Genel Bakış,
Owned,Kendinin,
Owner,Sahibi,
PAN No,PAN No,
PDF Name,PDF Adı,
PIN,Pin Kodu,
PO Supplied Item,Satın Alma Emri Tedarik Edilen Ürün,
POS,POS Satış Noktası,
POS Closing Entry,POS Kapanış Kaydı,
POS Closing Entry Detail,POS Kapanış Kaydı Detayı,
POS Closing Entry Taxes,POS Kapanış Kaydı Vergileri,
POS Closing Failed,POS Kapatma Başarısız,
POS Closing failed while running in a background process. You can resolve the {0} and retry the process again.,Arka planda çalışan bir işlem sırasında POS Kapatma başarısız oldu. {0} adresini çözebilir ve işlemi tekrar deneyebilirsiniz.,
POS Customer Group,POS Müşteri Grubu,
POS Field,POS Alanı,
POS Invoice,POS Faturası,
POS Invoice Item,POS Fatura Öğesi,
POS Invoice Merge Log,POS Fatura Birleştirme Kayıtları,
POS Invoice Reference,POS Fatura Referansı,
POS Invoice is already consolidated,POS Faturası zaten konsolide edilmiştir,
POS Invoice is not submitted,POS Faturası gönderilmedi,
POS Invoice isn't created by user {},POS Faturası {} kullanıcısı tarafından oluşturulmadı,
POS Invoice should have the field {0} checked.,POS Faturasında {0} alanı işaretlenmiş olmalıdır.,
POS Invoices,POS Faturaları,
POS Invoices will be consolidated in a background process,POS Faturaları arka plan sürecinde birleştirilecek,
POS Invoices will be unconsolidated in a background process,POS Faturaları arka planda ayrıştırılacak,
POS Item Group,POS Ürün Grubu,
POS Opening Entry,POS Açılış Kaydı,
POS Opening Entry Detail,POS Açılış Girişi Detayı,
POS Payment Method,POS Ödeme Yöntemi,
POS Profile,POS Profili,
POS Profile User,POS Profil Kullanıcısı,
POS Profile doesn't match {},POS Profili {} ile eşleşmiyor,
POS Profile required to make POS Entry,POS Girişi yapmak için POS Profili gereklidir,
POS Profile {} contains Mode of Payment {}. Please remove them to disable this mode.,POS Profili {} Ödeme Modu {} içerir. Bu modu devre dışı bırakmak için lütfen bunları kaldırın.,
POS Profile {} does not belongs to company {},"POS Profili {}, {} şirketine ait değil",
POS Register,POS Kaydı,
POS Search Fields,POS Arama Alanları,
POS Setting,POS Ayarları,
POS Settings,POS Ayarları,
POS Transactions,POS İşlemleri,
POS invoice {0} created successfully,POS faturası {0} başarıyla oluşturuldu,
PSOA Cost Center,PSOA Maliyet Merkezi,
PSOA Project,PSOA Projesi,
PZN,PZN,
Package No(s) already in use. Try from Package No {0},Paket Numarası zaten kullanılıyor. Paket No {0} değerinden itibaren deneyin.,
Package Weight Details,Paket Ağırlığı Detayları,
Packaging Slip From Delivery Note,Sevk İrsaliyesinden Ambalaj Fişi,
Packed Item,Paketli Ürün,
Packed Items,Paketli Ürünler,
Packed Items cannot be transferred internally,Paketlenmiş Ürünler dahili olarak transfer edilemez,
Packed Qty,Paketlenen Miktar,
Packing List,Paket Listesi,
Packing Slip,Paketleme Fişi,
Packing Slip Item,Paketleme Fişi Kalemi,
Packing Slip(s) cancelled,Paketleme iptal edildi,
Packing Unit,Paketleme Birimi,
Page Break,Sayfa Sonu,
Page Break After Each SoA,Her Hesap Ekstresinden Sonra Sayfa Sonu Ekle,
Page {0} of {1},Sayfa {0}/{1},
Paid,Ödenmiş,
Paid Amount,Ödenen Tutar,
Paid Amount (Company Currency),Ödenen Tutar (Şirket Para Biriminde),
Paid Amount After Tax,Vergi Sonrası Ödenen Tutar,
Paid Amount After Tax (Company Currency),Vergi Sonrası Ödenen Tutar (Şirket Para Birimi),
Paid Amount cannot be greater than total negative outstanding amount {0},"Ödenen Tutar, toplam negatif ödenmemiş tutardan büyük olamaz {0}",
Paid From Account Type,Ödeme Yapılacak Hesap Türü,
Paid To Account Type,Ödenen Yapılacak Hesap Türü,
Paid amount + Write Off Amount can not be greater than Grand Total,"Ödenen Tutar + Kapatılan Tutar, Genel Toplamdan büyük olamaz.",
Pallets,Paletler,
Parameter,Parametre,
Parameter Group,Parametre Grubu,
Parameter Group Name,Parametre Grup Adı,
Parameter Name,Parametre Adı,
Parameters,Parametreler,
Parcel Template,Parsel Şablonu,
Parcel Template Name,Parsel Şablon Adı,
Parcel weight cannot be 0,Parsel ağırlığı 0 olamaz,
Parcels,Parseller,
Parent,Üst Grup,
Parent Account,Ana Hesap,
Parent Account Missing,Ana Hesap Eksik,
Parent Batch,Ana Batch,
Parent Company,Ana Şirket,
Parent Company must be a group company,Ana Şirket bir grup şirketi olmalıdır,
Parent Cost Center,Ana Maliyet Merkezi,
Parent Customer Group,Ana Grup,
Parent Department,Ana Departman,
Parent Detail docname,Ana Detay belgesi adı,
Parent Document,Ana Belge,
Parent Item,Ana Ürün,
Parent Item Group,Ana Ürün Grubu,
Parent Item {0} must not be a Fixed Asset,Ana Kalem {0} Sabit Varlık olmamalıdır,
Parent Item {0} must not be a Stock Item,Ana Ürün {0} Stok Ürünü olmamalıdır,
Parent Location,Ana Lokasyon,
Parent Procedure,Ana Prosedür,
Parent Row No,Üst Satır No,
Parent Row No not found for {0},Üst Satır No {0} için bulunamadı,
Parent Sales Person,Ana Satış Personeli,
Parent Supplier Group,Ana Tedarikçi Grubu,
Parent Task,Ana Görev,
Parent Task {0} is not a Template Task,Üst Görev {0} bir Şablon Görevi değildir,
Parent Territory,Ana Bölge,
Parent Warehouse,Ana Depo,
Parsing Error,Birleştirme Hatası,
Partial Material Transferred,Kısmi Malzeme Transferi,
Partial Stock Reservation,Kısmi Stok Rezervasyonu,
Partial Success,Kısmen Başarılı,
"Partial stock can be reserved. For example, If you have a Sales Order of 100 units and the Available Stock is 90 units then a Stock Reservation Entry will be created for 90 units. ","Kısmi stok rezerve edilebilir. Örneğin, 100 birimlik bir Satış Siparişiniz varsa ve Mevcut Stok 90 birimse, 90 birim için bir Stok Rezervi Girişi oluşturulacaktır. ",
Partially Completed,Kısmen Tamamlandı,
Partially Delivered,Kısmen Teslim Edildi,
Partially Depreciated,Kısmen Değer Kaybına Uğramış,
Partially Fulfilled,Kısmen Yerine Getirildi,
Partially Ordered,Kısmen Sipariş Edildi,
Partially Paid,Kısmen Ödendi,
Partially Received,Kısmen Alındı,
Partially Reconciled,Kısmen Uzlaşıldı,
Partially Reserved,Kısmen Ayrılmış,
Partially ordered,Kısmen sipariş edildi,
Partly Billed,Kısmen Faturalandırıldı,
Partly Delivered,Kısmen Teslim Edilmiş,
Partly Paid,Kısmen Ödenmiş,
Partly Paid and Discounted,Kısmen Ödenmiş ve İndirimli,
Partner Type,Cari Türü,
Partner website,Cari web sitesi,
Partnership,Ortaklık,
Party,Cari,
Party Account,Cari Hesabı,
Party Account Currency,Cari Hesabı Para Birimi,
Party Account No. (Bank Statement),Taraf Hesap No. (Banka Hesap Özeti),
Party Account {0} currency ({1}) and document currency ({2}) should be same,Cari Hesabı {0} para birimi ({1}) ve belge para birimi ({2}) aynı olmalıdır,
Party Bank Account,Taraf Banka Hesabı,
Party Details,Taraf Detayları,
Party Full Name,Cari Tam Ünvan,
Party IBAN (Bank Statement),Taraf IBAN No (Banka Hesap Özeti),
Party Information,Cari Seçimi,
Party Item Code,Parti Ürün Kodu,
Party Link,Cari Bağlantısı,
Party Name,Cari Adı,
Party Name/Account Holder (Bank Statement),Taraf Adı/Hesap Sahibi (Banka Hesap Özeti),
Party Specific Item,Partiye Özel Ürün,
Party Type,Cari Türü,
Party Type and Party can only be set for Receivable / Payable account<br><br>{0},Cari ve Cari Türü yalnızca Alacaklı / Borçlu hesaplar için ayarlanabilir<br><br>{0},
Party Type and Party is mandatory for {0} account,{0} hesabı için Cari Türü ve Cari zorunludur,
Party Type and Party is required for Receivable / Payable account {0},Alacak / Borç hesabı {0} için Cari Türü ve Cari bilgisi gereklidir,
Party Type is mandatory,Cari Türü zorunludur,
Party User,Cari Kullanıcısı,
Party can only be one of {0},Cari yalnızca {0} seçeneğinden biri olabilir,
Party is mandatory,Cari zorunludur,
Passed,Geçti,
Passport Details,Pasaport Bilgileri,
Passport Number,Pasaport Numarası,
Past Due Date,Son Ödeme Tarihi,
Past Events,Geçmiş Etkinlikler,
Path,Dizin Yolu,
Pause,Duraklat,
Pause Job,İşi Duraklat,
Pause SLA On Status,Durumda SLA'yı Duraklat,
Paused,Duraklatıldı,
Pay,Ödeme,
Pay To / Recd From,Şuraya Öde / Şuradan Çek,
Payable,Ödenecek Borç,
Payable Account,Borç Hesabı,
Payables,Borçlar,
Payer Settings,Ödeyici Ayarları,
Payment,Ödeme,
Payment Account,Ödeme Hesabı,
Payment Amount,Ödeme Tutarı,
Payment Amount (Company Currency),Ödeme Tutarı,
Payment Channel,Ödeme Kanalı,
Payment Deductions or Loss,Ödeme Kesintileri,
Payment Document,Ödeme Dekontu,
Payment Document Type,Ödeme Dekontu Türü,
Payment Due Date,Son Ödeme Tarihi,
Payment Entries,Ödemeler,
Payment Entries {0} are un-linked,Ödeme Girişleri {0} bağlantısı kaldırıldı,
Payment Entry,Ödeme Girişi,
Payment Entry Deduction,Ödeme Giriş Kesintisi,
Payment Entry Reference,Ödeme Referansı,
Payment Entry already exists,Ödeme Kaydı zaten var,
Payment Entry has been modified after you pulled it. Please pull it again.,"Ödeme Girişi, aldıktan sonra değiştirildi. Lütfen tekrar alın.",
Payment Entry is already created,Ödeme Girişi zaten oluşturuldu,
"Payment Entry {0} is linked against Order {1}, check if it should be pulled as advance in this invoice.","Ödeme Girişi {0}, Sipariş {1} ile bağlantılı. Bu ödemenin bu faturada avans olarak kullanılıp kullanılmayacağını kontrol edin.",
Payment Failed,Ödeme Başarısız,
Payment From / To,Ödeme Ayrıntıları,
Payment Gateway,Ödeme Gateway,
Payment Gateway Account,Ödeme Ağ Geçidi Hesabı,
"Payment Gateway Account not created, please create one manually.",Ödeme Ağ Geçidi Hesabı oluşturulamadı. Lütfen manuel olarak oluşturun.,
Payment Gateway Details,Ödeme Gateway Detayları,
Payment Ledger,Ödeme Defteri,
Payment Ledger Balance,Ödeme Defteri Bakiyesi,
Payment Ledger Entry,Ödeme Defteri Girişi,
Payment Limit,Ödeme Limiti,
Payment Method,Ödeme Şekli,
Payment Methods,Ödeme metodları,
Payment Mode,Ödeme Yöntemi,
Payment Order,Ödeme Emri,
Payment Order Reference,Ödeme Emri Referansı,
Payment Order Status,Ödeme Emri Durumu,
Payment Order Type,Ödeme Emri Türü,
Payment Ordered,Ödeme Siparişi,
Payment Period Based On Invoice Date,Fatura Tarihine Göre Ödeme Süresi,
Payment Plan,Ödeme tesisi,
Payment Receipt Note,Ödeme Makbuzu Dekontu,
Payment Received,Ödeme Alındı,
Payment Reconciliation,Ödeme Mutabakatı,
Payment Reconciliation Allocation,Ödeme Mutabakatı Tahsisi,
Payment Reconciliation Invoice,Ödeme Mutabakat Faturası,
Payment Reconciliation Job: {0} is running for this party. Can't reconcile now.,Ödeme Mutabakatı İşi: {0} bu cari için çalışıyor. Şu anda mutabakat yapılamaz.,
Payment Reconciliation Payment,Ödeme Mutabakatı Ödemesi,
Payment Reconciliation Settings,Ödeme Mutabakat Ayarları,
Payment Reference,Ödeme Referansı,
Payment References,Ödeme Referansları,
Payment Request,Ödeme Talebi,
Payment Request Outstanding,Ödeme Talebi Bekleyen Tutar,
Payment Request Type,Ödeme Talebi Türü,
Payment Request created from Sales Order or Purchase Order will be in Draft status. When disabled document will be in unsaved state.,Satış Siparişi veya Satın Alma Siparişinden oluşturulan Ödeme Talebi Taslak durumunda olacaktır. Devre dışı bırakıldığında belge kaydedilmemiş durumda olacaktır.,
Payment Request for {0},{0}için Ödeme Talebi,
Payment Request is already created,Ödeme Talebi zaten oluşturuldu,
Payment Request took too long to respond. Please try requesting for payment again.,Ödeme Talebi yanıtlanması çok uzun sürdü. Lütfen ödemeyi tekrar talep etmeyi deneyin.,
Payment Requests cannot be created against: {0},Ödeme Talepleri {0} için oluşturulamaz,
Payment Schedule,Ödeme Planı,
Payment Status,Ödeme Durumu,
Payment Term,Ödeme Koşulu,
Payment Term Name,Ödeme Koşulu Adı,
Payment Term Outstanding,Ödeme Vadesi Bekleyen Tutar,
Payment Terms,Ödeme Koşulları,
Payment Terms Status for Sales Order,Satış Siparişi için Ödeme Koşulları Durumu,
Payment Terms Template,Ödeme Koşulu Şablonu,
Payment Terms Template Detail,Ödeme Koşulları Şablonu Detayı,
Payment Terms from orders will be fetched into the invoices as is,"Siparişlerden Ödeme Koşulları, faturalara aynen aktarılacaktır.",
Payment Terms:,Ödeme Koşulları:,
Payment Type,Ödeme Türü,
"Payment Type must be one of Receive, Pay and Internal Transfer","Ödeme Türü, Alış, Ödeme veya Dahili Transfer olmalıdır",
Payment URL,Ödeme URL'si,
Payment Unlink Error,Ödeme Bağlantısı Kaldırma Hatası,
Payment against {0} {1} cannot be greater than Outstanding Amount {2},"{0} {1} tutarındaki ödeme, {2} Bakiye Tutarından büyük olamaz",
Payment amount cannot be less than or equal to 0,Ödeme tutarı 0'dan az veya eşit olamaz,
Payment methods are mandatory. Please add at least one payment method.,Ödeme yöntemleri zorunludur. Lütfen en az bir ödeme yöntemi ekleyin.,
Payment of {0} received successfully.,{0} ödemesi başarıyla alındı.,
Payment of {0} received successfully. Waiting for other requests to complete...,{0} ödemesi başarıyla alındı. Diğer isteklerin tamamlanması bekleniyor...,
Payment related to {0} is not completed,{0} ile ilgili ödeme tamamlanmadı,
Payment request failed,Ödeme talebi başarısız oldu,
Payment term {0} not used in {1},"Ödeme vadesi {0}, {1} içinde kullanılmadı",
Payments,Ödemeler,
Payments could not be updated.,Ödemeler güncellenemedi.,
Payments updated.,Ödemeler güncellendi.,
Payroll Entry,Bordro Girişi,
Payroll Payable,Ödenecek Bordro,
Payslip,Maaş Bordrosu,
Pending,Bekliyor,
Pending Activities,Bekleyen Etkinlikler,
Pending Amount,Bekleyen Tutar,
Pending Qty,Bekleyen Miktar,
Pending Quantity,Bekleyen Miktar,
Pending Review,İnceleme Bekliyor,
Pending SO Items For Purchase Request,Satın Alma Talebi İçin Bekleyen Ürünler,
Pending Work Order,Bekleyen İş Emri,
Pending activities for today,Bugün için bekleyen etkinlikler,
Pending processing,Bekleyen İşlemler,
Per Month,Aylık,
Per Received,Alınan Başına,
Per Transferred,Transfer Edilen,
Per Week,Haftalık,
Per Year,Yıllık,
Percentage,Yüzde,
Percentage (%),Yüzde (%),
Percentage Allocation,İzin Verilen Yüzde,
Percentage Allocation should be equal to 100%,Yüzde Dağılımı% 100'e eşit olmalıdır,
Percentage you are allowed to order beyond the Blanket Order quantity.,Toplu Sipariş miktarının üzerinde sipariş vermenize izin verilen yüzde.,
Percentage you are allowed to sell beyond the Blanket Order quantity.,Tam Sipariş miktarının ötesinde satış yapmanıza izin verilen yüzde.,
Percentage you are allowed to transfer more against the quantity ordered. For example: If you have ordered 100 units. and your Allowance is 10% then you are allowed to transfer 110 units.,"Sipariş edilen miktara karşılık daha fazlasını transfer etmenize izin verilen yüzde. Örneğin: 100 adet sipariş verdiyseniz, ve İzin Verilen Oran %10 ise 110 birim aktarmanıza izin verilir.",
Perception Analysis,Algı Analizi,
Period,Dönem,
Period Based On,Döneme Göre,
Period Closed,Dönem Kapalı,
Period Closing Entry For Current Period,Cari Dönem İçin Dönem Kapanış Kaydı,
Period Closing Settings,Dönem Kapanış Ayarları,
Period Closing Voucher,Dönem Kapanış Fişi,
Period Details,Dönem Detayları,
Period End Date,Dönem Sonu Tarihi,
Period End Date cannot be greater than Fiscal Year End Date,"Dönem Bitiş Tarihi, Mali Yıl Bitiş Tarihinden büyük olamaz",
Period Name,Dönem İsmi,
Period Score,Dönem Skoru,
Period Settings,Süre Ayarları,
Period Start Date,Dönem Başlangıç Tarihi,
Period Start Date cannot be greater than Period End Date,Dönem Başlangıç Tarihi Dönem Bitiş Tarihinden büyük olamaz,
Period Start Date must be {0},Dönem Başlangıç Tarihi {0} olmalıdır,
Period To Date,Dönem Sonu Tarihi,
Period based On,Dönem Bazlı,
Period_from_date,Period_from_date,
Periodicity,Dönemsellik,
Permanent Address,Açık Adresi,
Permanent Address Is,Yaşadığı Evi,
Perpetual inventory required for the company {0} to view this report.,{0} şirketinin bu kanıtı görüntülemesi için sürekli envanter gerekiyor.,
Personal Details,Personel Detayları,
Personal Email,Kişisel E-Posta,
Petrol,Benzin,
Pharmaceutical,Eczacılık,
Phone,Telefon,
Phone Ext.,Dahili,
Phone No,Telefon,
Phone Number,Telefon Numarası,
Pick List,Çekme Listesi,
Pick List Incomplete,Toplama Listesi Tamamlanmadı,
Pick List Item,Liste Ürününü Seç,
Pick Manually,Manuel Seçim,
Pick Serial / Batch Based On,Seri / Parti Bazlı Seçim,
Pick Serial / Batch No,Seri / Parti No Seç,
Picked Qty,Toplanan Miktar,
Picked Qty (in Stock UOM),Alınan Miktar (Stok Ölçü Birimi),
Pickup,Teslim Al,
Pickup Contact Person,Teslim Alacak İrtibat Kişisi,
Pickup Date,Teslim Alma Tarihi,
Pickup Date cannot be before this day,Teslim Alma Tarihi bu günden önce olamaz,
Pickup From,Teslim Alma Yeri,
Pickup To time should be greater than Pickup From time,"Teslim Alma Zamanı, Teslim Alma Zamanından büyük olmalıdır",
Pickup Type,Teslim Alma Türü,
Pickup from,Teslim alma yeri,
Pickup to,Teslim Edilecek Yer,
Pipeline By,Satış Hattı,
Place of Issue,Verildiği Yer,
Plaid Access Token,Ekose Erişim Simgesi,
Plaid Client ID,Plaid Client Kimliği,
Plaid Environment,Plaid Environment,
Plaid Link Failed,Plaid Bağlantısı Başarısız,
Plaid Link Refresh Required,Plaid Bağlantısının Yenilenmesi Gerekiyor,
Plaid Link Updated,Plaid Bağlantısı Güncellendi,
Plaid Secret,Plaid Secret,
Plaid Settings,Plaid Ayarları,
Plaid transactions sync error,Ekose işlemleri senkronizasyon hatası,
Plan,Plan,
Plan Name,Plan Adı,
Plan material for sub-assemblies,Alt Montajlar İçin Hammadde Planlaması,
Plan operations X days in advance,Operasyonları X gün önceden planlayın,
Plan time logs outside Workstation working hours,Zaman Kayıtlarını İş İstasyonu çalışma saatleri dışında planlayın,
Planned,Planlı,
Planned End Date,Planlanan Bitiş Tarihi,
Planned End Time,Planlanan Bitiş Zamanı,
Planned Operating Cost,Planlanan Operasyon Maliyeti,
Planned Qty,Planlanan Miktar,
"Planned Qty: Quantity, for which, Work Order has been raised, but is pending to be manufactured.","Planlanan Miktar: İş Emri verilen, ancak henüz üretilmemiş olan miktar.",
Planned Quantity,Planlanan Miktar,
Planned Start Date,Planlanan Başlangıç Tarihi,
Planned Start Time,Planlanan Başlangıç Zamanı,
Planning,Planlama,
Plans,Planlar,
Plant Dashboard,Üretim Alanı Gösterge Panosu,
Plant Floor,Üretim Alanı,
Plants and Machineries,Tesisler ve Makineler,
"Please Restock Items and Update the Pick List to continue. To discontinue, cancel the Pick List.",Lütfen Ürünleri Yeniden Stoklayın ve Devam Etmek İçin Toplama Listesini Güncelleyin. Devam etmemek için Toplama Listesini iptal edin.,
Please Select a Company,Lütfen Firma Seçin,
Please Select a Company.,Lütfen Firma Seçin.,
Please Select a Customer,Lütfen Bir Müşteri Seçin,
Please Select a Supplier,Lütfen Bir Tedarikçi Seçin,
Please Set Priority,Lütfen Önceliği Belirleyin,
Please Set Supplier Group in Buying Settings.,Lütfen Satın Alma Ayarlarında Tedarikçi Grubunu Ayarlayın.,
Please Specify Account,Lütfen Hesap Belirtin,
Please add 'Supplier' role to user {0}.,Lütfen {0} kullanıcısına 'Tedarikçi' Rolü ekleyin.,
Please add Mode of payments and opening balance details.,Lütfen ödeme şekli ve açılış bakiyesi bilgilerini ekleyin.,
Please add Request for Quotation to the sidebar in Portal Settings.,Lütfen Portal Ayarları kenar çubuğuna Teklif Talebi'ni ekleyin.,
Please add Root Account for - {0},Lütfen {0} için Kök Hesap ekleyin,
Please add a Temporary Opening account in Chart of Accounts,Lütfen Hesap Planına bir Geçici Açılış hesabı ekleyin,
Please add atleast one Serial No / Batch No,Lütfen en az bir Seri No / Parti No ekleyin,
Please add the Bank Account column,Lütfen Banka Hesabı sütununu ekleyin,
Please add the account to root level Company - {0},Lütfen hesabı kök seviyesindeki Şirkete ekleyin - {0},
Please add the account to root level Company - {},Lütfen hesabın kök bölgesindeki Şirkete ekleyin - {},
Please add {1} role to user {0}.,Lütfen {0} kullanıcısına {1} rolünü ekleyin.,
Please adjust the qty or edit {0} to proceed.,Lütfen miktarı ayarlayın veya devam etmek için {0} öğesini düzenleyin.,
Please attach CSV file,Lütfen CSV dosyasını ekleyin,
Please cancel and amend the Payment Entry,Lütfen Ödeme Girişini iptal edin ve düzeltin,
Please cancel payment entry manually first,Lütfen önce ödeme girişini manuel olarak iptal edin,
Please cancel related transaction.,Lütfen ilgili işlemi iptal edin.,
Please check Multi Currency option to allow accounts with other currency,Diğer para birimleriyle hesaplara izin vermek için lütfen Çoklu Para Birimi seçeneğini işaretleyin,
Please check Process Deferred Accounting {0} and submit manually after resolving errors.,Lütfen Ertelenmiş Muhasebe İşlemini {0} kontrol edin ve hataları çözdükten sonra manuel olarak gönderin.,
Please check either with operations or FG Based Operating Cost.,Lütfen operasyonları veya Bitmiş Ürün Bazlı İşletme Maliyetini kontrol edin.,
Please check the error message and take necessary actions to fix the error and then restart the reposting again.,Lütfen hata mesajını kontrol edin ve hatayı düzeltmek için gerekli işlemleri yapın ve ardından yeniden göndermeyi yeniden başlatın.,
Please check your Plaid client ID and secret values,Lütfen Plaid müşteri kimliğinizi ve gizli değerlerinizi kontrol edin,
Please check your email to confirm the appointment,Randevuyu onaylamak için lütfen e-postanızı kontrol edin,
Please click on 'Generate Schedule',Lütfen 'Program Oluştur'a tıklayın,
Please click on 'Generate Schedule' to fetch Serial No added for Item {0},{0} Ürünü için eklenen Seri No'yu almak için lütfen 'Program Oluştur'a tıklayın.,
Please click on 'Generate Schedule' to get schedule,Programı almak için lütfen 'Program Oluştur'a tıklayın,
Please contact any of the following users to extend the credit limits for {0}: {1},Kredi limitlerini uzatmak için lütfen aşağıdaki kullanıcılardan herhangi biriyle iletişime geçin: {0}: {1},
Please contact any of the following users to {} this transaction.,Bu işlemi {} yapmak için lütfen aşağıdaki kullanıcılardan herhangi biriyle iletişime geçin.,
Please contact your administrator to extend the credit limits for {0}.,{0} için kredi limitlerini uzatmak amacıyla lütfen yöneticinizle iletişime geçin.,
Please convert the parent account in corresponding child company to a group account.,Lütfen ilgili alt şirketteki ana hesabı bir grup hesabına dönüştürün.,
Please create Customer from Lead {0}.,Lütfen {0} Müşteri Adayından oluşturun.,
Please create Landed Cost Vouchers against Invoices that have 'Update Stock' enabled.,Lütfen ‘Stok Güncelle’ seçeneği etkin olan faturalar için İndirgenmiş Maliyet Fişleri oluşturun.,
Please create a new Accounting Dimension if required.,Gerekirse lütfen yeni bir Muhasebe Boyutu oluşturun.,
Please create purchase from internal sale or delivery document itself,Lütfen satın alma işlemini dahili satış veya teslimat belgesinin kendisinden oluşturun,
Please create purchase receipt or purchase invoice for the item {0},Lütfen {0} ürünü için alış irsaliyesi veya alış faturası alın,
"Please delete Product Bundle {0}, before merging {1} into {2}",Lütfen {1} adresini {2} adresiyle birleştirmeden önce {0} Ürün Paketini silin,
Please do not book expense of multiple assets against one single Asset.,Lütfen birden fazla varlığın giderini tek bir Varlığa karşı muhasebeleştirmeyin.,
Please do not create more than 500 items at a time,Lütfen bir kerede 500'den fazla öğe oluşturmayın,
Please enable Applicable on Booking Actual Expenses,Lütfen Rezervasyonda Uygulanabilir Gerçek Giderleri etkinleştirin,
Please enable Applicable on Purchase Order and Applicable on Booking Actual Expenses,Lütfen Satın Alma Siparişinde Uygulanabilir ve Rezervasyonda Uygulanabilir Gerçek Giderleri etkinleştirin,
Please enable Use Old Serial / Batch Fields to make_bundle,Lütfen make_bundle için Eski Seri / Toplu Alanları Kullan seçeneğini etkinleştirin,
Please enable only if the understand the effects of enabling this.,Lütfen yalnızca bunu etkinleştirmenin etkilerini anlıyorsanız etkinleştirin.,
Please enable pop-ups,Lütfen açılır pencereleri etkinleştirin,
Please enable {0} in the {1}.,Lütfen {1} içindeki {0} öğesini etkinleştirin.,
Please enable {} in {} to allow same item in multiple rows,Aynı öğeye birden fazla satırda izin vermek için lütfen {} içinde {} ayarını etkinleştirin,
Please ensure that the {0} account is a Balance Sheet account. You can change the parent account to a Balance Sheet account or select a different account.,Lütfen {0} hesabının bir Bilanço hesabı olduğundan emin olun. Ana hesabı bir Bilanço hesabı olarak değiştirebilir veya farklı bir hesap seçebilirsiniz.,
Please ensure that the {0} account {1} is a Payable account. You can change the account type to Payable or select a different account.,Lütfen {0} hesabının {1} bir Borç hesabı olduğundan emin olun. Hesap türünü Ödenecek olarak değiştirebilir veya farklı bir hesap seçebilirsiniz.,
Please ensure {} account is a Balance Sheet account.,Lütfen {} hesabının bir Bilanço Hesabı olduğundan emin olun.,
Please ensure {} account {} is a Receivable account.,Lütfen {} hesabının {} bir Alacak hesabı olduğundan emin olun.,
Please enter <b>Difference Account</b> or set default <b>Stock Adjustment Account</b> for company {0},Lütfen <b>Fark Hesabı</b> girin veya şirket için varsayılan <b>Stok Ayarlama Hesabı</b> olarak ayarlayın {0},
Please enter Account for Change Amount,Değişim Miktarı Hesabı girin,
Please enter Approving Role or Approving User,Lütfen Onaylayan Rolü veya Onaylayan Kullanıcıyı girin,
Please enter Cost Center,Lütfen maliyet merkezini girin,
Please enter Delivery Date,Lütfen Teslimat Tarihini giriniz,
Please enter Employee Id of this sales person,Lütfen bu satış elemanının Personel Kimliğini girin,
Please enter Expense Account,Lütfen Gider Hesabını girin,
Please enter Item Code to get Batch Number,Parti Numarasını almak için lütfen Ürün Kodunu girin,
Please enter Item Code to get batch no,Parti numarasını almak için lütfen Ürün Kodunu girin,
Please enter Item first,Önce Ürünü Seçin,
Please enter Maintenance Details first,Lütfen önce Bakım Ayrıntılarını girin,
Please enter Planned Qty for Item {0} at row {1},Satır {1} deki {0} Ürünü için planlanan miktarı giriniz,
Please enter Preferred Contact Email,Lütfen Tercih Edilen E-posta adresini girin,
Please enter Production Item first,Lütfen Önce Üretilecek Ürünü Seçin,
Please enter Purchase Receipt first,Lütfen İlk Alış İrsaliyesini giriniz,
Please enter Receipt Document,Lütfen Makbuz Belgesini giriniz,
Please enter Reference date,Lütfen Referans tarihini giriniz,
Please enter Root Type for account- {0},Lütfen hesap için Kök Türünü girin- {0},
Please enter Serial Nos,Lütfen Seri Numaralarını girin,
Please enter Shipment Parcel information,Lütfen Gönderi Koli bilgilerini girin,
Please enter Warehouse and Date,Lütfen Depo ve Tarihi giriniz,
Please enter Write Off Account,Lütfen Şüpheli Alacak Hesabını Girin,
Please enter company first,Lütfen ilk önce şirketi girin,
Please enter company name first,Lütfen önce şirket adını girin,
Please enter default currency in Company Master,Lütfen Şirket Ana Verisi'ne varsayılan para birimini girin,
Please enter message before sending,Lütfen göndermeden önce mesajınızı girin,
Please enter mobile number first.,Lütfen önce cep telefonu numaranızı girin.,
Please enter parent cost center,Lütfen ana maliyet merkezini girin,
Please enter quantity for item {0},Lütfen {0} ürünü için miktar girin,
Please enter relieving date.,Lütfen işten ayrılma tarihini girin.,
Please enter serial nos,Lütfen seri numaralarını girin,
Please enter the company name to confirm,Lütfen onaylamak için şirket adını girin,
Please enter the phone number first,Lütfen önce telefon numaranızı giriniz,
Please enter valid Financial Year Start and End Dates,Lütfen geçerli Mali Yıl Başlangıç ve Bitiş Tarihlerini girin,
Please enter {0},Lütfen {0} girin,
Please enter {0} first,Lütfen önce {0} alanını girin,
Please fill the Material Requests table,Lütfen Malzeme Talepleri tablosunu doldurun,
Please fill the Sales Orders table,Lütfen Satış Siparişleri tablosunu doldurunuz,
"Please first set Last Name, Email and Phone for the user","Lütfen önce kullanıcı için Soyadı, E-posta ve Telefon ayarlayın",
Please fix overlapping time slots for {0},Lütfen {0} için çakışan zaman aralıklarını düzeltin,
Please fix overlapping time slots for {0}.,Lütfen {0} için çakışan zaman aralıklarını düzeltin.,
Please import accounts against parent company or enable {} in company master.,Lütfen hesapları ana şirkete karşı içe aktarın veya şirket ana sayfasında {} öğesini etkinleştirin.,
Please make sure the employees above report to another Active employee.,Lütfen yukarıdaki işyerinde başka bir çalışana rapor ettiğinden emin olun.,
Please make sure the file you are using has 'Parent Account' column present in the header.,Lütfen kullandığınız dosyanın başlığında 'Ana Hesap' sütununun bulunduğundan emin olun.,
Please make sure you really want to delete all the transactions for this company. Your master data will remain as it is. This action cannot be undone.,Lütfen bu şirket için tüm işlemleri gerçekten silmek istediğinizden emin olun. Ana verileriniz olduğu gibi kalacaktır. Bu eylem geri alınamaz.,
Please mention 'Weight UOM' along with Weight.,Lütfen Ağırlık ile birlikte 'Ağırlık Ölçü Birimini de belirtin.,
Please mention '{0}' in Company: {1},Lütfen Şirket: {1} için '{0}' ifadesini belirtin,
Please mention no of visits required,Lütfen gerekli ziyaret sayısını belirtin,
Please mention the Current and New BOM for replacement.,Lütfen değiştirmek için Mevcut ve Yeni Ürün Ağacını belirtin.,
Please pull items from Delivery Note,İrsaliyeden Ürünleri çekin,
Please rectify and try again.,Lütfen gözden geçirip tekrar deneyiniz.,
Please refresh or reset the Plaid linking of the Bank {}.,Lütfen Banka {}'nın Plaid bağlantısını yenileyin veya sıfırlayın.,
Please save before proceeding.,Devam etmeden önce lütfen kaydedin.,
Please save first,Lütfen önce kaydedin,
Please select <b>Template Type</b> to download template,Şablonu indirmek için lütfen <b>Şablon Türünü</b> seçin,
Please select Apply Discount On,Lütfen indirim uygula seçeneğini belirleyin,
Please select BOM against item {0},Lütfen {0} Ürününe karşı Ürün Ağacını Seçin,
Please select BOM for Item in Row {0},Lütfen {0} satırındaki ürün için Ürün Ağacını seçin,
Please select BOM in BOM field for Item {item_code}.,Lütfen {item_code} Ürünü için Ürün Ağacını seçin.,
Please select Bank Account,Lütfen Banka Hesabını Seçin,
Please select Category first,Lütfen önce Kategoriyi seçin,
Please select Charge Type first,Lütfen önce vergi türünü seçin,
Please select Company,Lütfen Şirket Seçin,
Please select Company and Posting Date to getting entries,Girişleri almak için lütfen Şirket ve Gönderi Tarihini seçin,
Please select Company first,Lütfen önce Şirketi seçin,
Please select Completion Date for Completed Asset Maintenance Log,Lütfen Tamamlanan Varlık Bakım Kayıtları için Tamamlanma Tarihini seçin,
Please select Customer first,Lütfen önce Müşteriyi Seçin,
Please select Existing Company for creating Chart of Accounts,Hesap Planı oluşturmak için Mevcut Şirketi seçiniz,
Please select Finished Good Item for Service Item {0},Lütfen Hizmet Kalemi için Bitmiş Ürünü seçin {0},
Please select Item Code first,Lütfen önce Ürün Kodunu seçin,
Please select Maintenance Status as Completed or remove Completion Date,Lütfen Bakım Durumunu Tamamlandı olarak seçin veya Tamamlama Tarihini kaldırın,
Please select Party Type first,Lütfen önce Cari Türünü Seçin,
Please select Posting Date before selecting Party,Cariyi seçmeden önce Gönderme Tarihi seçiniz,
Please select Posting Date first,Lütfen önce Gönderi Tarihini seçin,
Please select Price List,Lütfen Fiyat Listesini Seçin,
Please select Qty against item {0},Lütfen {0} ürünü için miktar seçin,
Please select Sample Retention Warehouse in Stock Settings first,Lütfen önce Stok Ayarlarında Numune Saklama Deposunu seçin,
Please select Serial/Batch Nos to reserve or change Reservation Based On to Qty.,Lütfen rezerve etmek için Seri/Parti Numaralarını seçin veya Rezervasyonu Miktara Göre Değiştirin.,
Please select Start Date and End Date for Item {0},Ürün {0} için Başlangıç ve Bitiş tarihini seçiniz,
Please select Subcontracting Order instead of Purchase Order {0},Lütfen Satın Alma Siparişi yerine Alt Yüklenici Siparişini seçin {0},
Please select Unrealized Profit / Loss account or add default Unrealized Profit / Loss account account for company {0},Lütfen Gerçekleşmemiş Kâr / Zarar hesabını seçin veya {0} şirketi için varsayılan Gerçekleşmemiş Kâr / Zarar hesabı hesabını ekleyin,
Please select a BOM,Ürün Ağacı Seçin,
Please select a Company,Bir Şirket Seçiniz,
Please select a Company first.,Lütfen önce bir Şirket seçin.,
Please select a Customer,Lütfen bir müşteri seçin,
Please select a Delivery Note,Lütfen bir İrsaliye seçin,
Please select a Subcontracting Purchase Order.,Lütfen bir Alt Yüklenici Siparişi seçin.,
Please select a Supplier,Lütfen bir Tedarikçi Seçin,
Please select a Warehouse,Lütfen bir Depo seçin,
Please select a Work Order first.,Lütfen önce bir İş Emri seçin.,
Please select a country,Lütfen bir ülke seçin,
Please select a customer for fetching payments.,Lütfen ödemeleri almak için bir müşteri seçin.,
Please select a date,Lütfen bir tarih seçin,
Please select a date and time,Lütfen bir tarih ve saat seçin,
Please select a default mode of payment,Lütfen varsayılan bir ödeme şekli seçin,
Please select a field to edit from numpad,Lütfen sayısal tuş takımından düzenlemek için bir alan seçin,
Please select a row to create a Reposting Entry,Yeniden Yayınlama Girişi oluşturmak için lütfen bir satır seçin,
Please select a supplier for fetching payments.,Lütfen ödemeleri almak için bir tedarikçi seçin.,
Please select a valid Purchase Order that has Service Items.,Lütfen Hizmet Ürünleri içeren geçerli bir Satın Alma Siparişi seçin.,
Please select a valid Purchase Order that is configured for Subcontracting.,Lütfen Alt Sözleşme için yapılandırılmış geçerli bir Satın Alma Siparişi seçin.,
Please select a value for {0} quotation_to {1},Lütfen {1} Fiyat Teklifi {0} için bir değer seçin,
Please select an item code before setting the warehouse.,Depoyu ayarlamadan önce lütfen bir ürün kodu seçin.,
Please select correct account,Lütfen doğru hesabı seçin,
Please select date,Lütfen tarih seçin,
Please select either the Item or Warehouse or Warehouse Type filter to generate the report.,"Raporu oluşturmak için Ürün, Depo veya Depo Türü filtresinden birini seçin.",
Please select item code,Lütfen ürün kodunu seçin,
Please select items to reserve.,Lütfen rezerve edilecek ürünleri seçin.,
Please select items to unreserve.,Lütfen ayırmak istediğiniz ürünleri seçin.,
Please select only one row to create a Reposting Entry,Yeniden Yayınlama Girişi oluşturmak için lütfen yalnızca bir satır seçin,
Please select rows to create Reposting Entries,Yeniden Yayınlama Girişi oluşturmak için lütfen bir satır seçin,
Please select the Company,Lütfen Şirketi seçiniz,
Please select the Multiple Tier Program type for more than one collection rules.,Birden fazla tahsilat kuralı için lütfen Çok Katmanlı Program türünü seçin.,
Please select the customer.,Lütfen müşteriyi seçin.,
Please select the document type first,Lütfen önce belge türünü seçin,
Please select the required filters,Lütfen gerekli filtreleri seçin,
Please select valid document type.,Lütfen geçerli belge türünü seçin.,
Please select weekly off day,Haftalık izin süresini seçin,
Please select {0},Lütfen {0} seçin,
Please select {0} first,Lütfen Önce {0} Seçin,
Please set 'Apply Additional Discount On',Lütfen 'Ek İndirim Uygula' seçeneğini ayarlayın,
Please set 'Asset Depreciation Cost Center' in Company {0},Lütfen {0} Şirketinde 'Varlık Amortisman Masraf Merkezi' ayarlayın,
Please set 'Gain/Loss Account on Asset Disposal' in Company {0},Şirket {0} için ‘Varlık Elden Çıkarma Kar/Zarar Hesabı’nı ayarlayın,
Please set '{0}' in Company: {1},Lütfen Şirket: {1} için '{0}' değerini ayarlayın,
Please set Account,Lütfen Hesabı Ayarlayın,
Please set Account for Change Amount,Lütfen Tutar Değişikliği için Hesap ayarlayın,
Please set Account in Warehouse {0} or Default Inventory Account in Company {1},Lütfen Depoda Hesap {0} veya Şirkette Varsayılan Envanter Hesabı {1} olarak ayarlayın,
Please set Accounting Dimension {} in {},Lütfen {} içinde Muhasebe Boyutunu {} ayarlayın,
Please set Company,Lütfen Şirketi ayarlayın,
Please set Depreciation related Accounts in Asset Category {0} or Company {1},"Lütfen Değer Kaybı ile ilgili Hesapları, Varlık Kategorisi {0} veya Firma {1} içinde belirleyin",
Please set Email/Phone for the contact,Lütfen kişi için E-posta/Telefon ayarlayın,
Please set Fiscal Code for the customer '%s',Lütfen müşteri için Mali Kodu ayarlayın '%s',
Please set Fiscal Code for the public administration '%s',Lütfen kamu idaresi için Mali Kodu belirleyin '%s',
Please set Fixed Asset Account in {} against {}.,Lütfen {} içindeki Sabit Kıymet Hesabını {} ile karşılaştırın.,
Please set Parent Row No for item {0},Lütfen {0} öğesi için Üst Satır Numarasını ayarlayın,
Please set Root Type,Lütfen Kök Türünü Ayarlayın,
Please set Tax ID for the customer '%s',Lütfen müşteri için Vergi Kimliğini ayarlayın '%s',
Please set Unrealized Exchange Gain/Loss Account in Company {0},Lütfen Şirkette Gerçekleştirilmemiş Döviz Kazancı/Zararı Hesabı ayarlayın {0},
Please set VAT Accounts in {0},Lütfen KDV Hesaplarını {0} olarak ayarlayın,
"Please set Vat Accounts for Company: ""{0}"" in UAE VAT Settings","Lütfen BAE KDV Ayarlarında Şirket için KDV Hesaplarını ""{0}"" olarak ayarlayın",
Please set a Company,Lütfen bir Şirket ayarlayın,
Please set a Cost Center for the Asset or set an Asset Depreciation Cost Center for the Company {},Lütfen Varlık için bir Maliyet Merkezi belirleyin veya Şirket için bir Varlık Amortisman Maliyet Merkezi belirleyin {},
Please set a Supplier against the Items to be considered in the Purchase Order.,Lütfen Satın Alma Siparişinde dikkate alınacak Ürünlere bir Tedarikçi ekleyin.,
Please set a default Holiday List for Company {0},Lütfen {1} Şirketi için varsayılan bir Tatil Listesi ayarlayın,
Please set a default Holiday List for Employee {0} or Company {1},Lütfen Personel {0} veya {1} Şirketi için varsayılan bir Tatil Listesi ayarlayın,
Please set account in Warehouse {0},Lütfen {0} Deposu için hesabı ayarlayın.,
Please set an Address on the Company '%s',Lütfen Şirket için bir Adres belirleyin '%s',
Please set an Expense Account in the Items table,Lütfen Ürünler tablosunda bir Gider Hesabı ayarlayın,
Please set an email id for the Lead {0},Lütfen Potansiyel Müşteri için bir e-posta kimliği belirleyin {0},
Please set at least one row in the Taxes and Charges Table,Lütfen Vergiler ve Ücretler Tablosunda en az bir satır ayarlayın,
Please set both the Tax ID and Fiscal Code on Company {0},Lütfen {0} Şirketi için hem Vergi Kimlik Numarasını hem de Muhasebe Kodunu ayarlayın,
Please set default Cash or Bank account in Mode of Payment {0},Lütfen Ödeme Şeklinde varsayılan Nakit veya Banka hesabını ayarlayın {0},
Please set default Cash or Bank account in Mode of Payment {},Lütfen Ödeme Şeklinde varsayılan Nakit veya Banka hesabını ayarlayın {},
Please set default Cash or Bank account in Mode of Payments {},Lütfen Ödeme Şeklinde varsayılan Nakit veya Banka hesabını ayarlayın {},
Please set default Exchange Gain/Loss Account in Company {},Lütfen {} Şirketi varsayılan Döviz Kazanç/Zarar Hesabını ayarlayın,
Please set default Expense Account in Company {0},Lütfen Şirket {0} adresinde varsayılan Gider Hesabını ayarlayın,
Please set default UOM in Stock Settings,Lütfen Stok Ayarlarında varsayılan Ölçü Birimini ayarlayın,
Please set default cost of goods sold account in company {0} for booking rounding gain and loss during stock transfer,Stok transferi sırasında yuvarlama kazancı ve kaybını kaydetmek için lütfen {0} şirketinde varsayılan satılan malın maliyeti hesabını ayarlayın,
Please set default {0} in Company {1},Lütfen {1} Şirketinde {0} varsayılan ayarını yapın,
Please set filter based on Item or Warehouse,Lütfen filtreyi Ürüne veya Depoya göre ayarlayın,
Please set filters,Lütfen filtreleri ayarlayın,
Please set one of the following:,Lütfen aşağıdakilerden birini ayarlayın:,
Please set recurring after saving,Lütfen kaydettikten sonra yinelemeyi ayarlayın,
Please set the Customer Address,Lütfen Müşteri Adresinizi ayarlayın,
Please set the Default Cost Center in {0} company.,Lütfen {0} şirketinde Varsayılan Maliyet Merkezini ayarlayın.,
Please set the Item Code first,Lütfen önce Ürün Kodunu ayarlayın,
Please set the cost center field in {0} or setup a default Cost Center for the Company.,Lütfen {0} adresinde maliyet merkezi alanını ayarlayın veya Şirket için varsayılan bir Maliyet Merkezi kurun.,
Please set up the Campaign Schedule in the Campaign {0},Lütfen Kampanya Programını Kampanya {0} adresinden ayarlayın,
Please set {0},Lütfen {0} değerini ayarlayın,
Please set {0} first.,Lütfen önce {0} değerini ayarlayın.,
"Please set {0} for Batched Item {1}, which is used to set {2} on Submit.","Lütfen Parti Ürünü {1} için {0} değerini ayarlayın, bu {2} değerini Gönderme sırasında ayarlamak için kullanılır.",
Please set {0} for address {1},Lütfen {1} adresi için {0} değerini ayarlayın,
Please set {0} in BOM Creator {1},{1} Ürün Ağacı Oluşturucuda {0} değerini ayarlayın,
Please set {0} in Company {1} to account for Exchange Gain / Loss,Lütfen {1} şirketinde Döviz Kur Farkı Kâr/Zarar hesabını ayarlamak için {0} belirleyin.,
"Please set {0} to {1}, the same account that was used in the original invoice {2}.","Lütfen {0} alanını {1} olarak ayarlayın, bu orijinal fatura {2} için kullanılan hesapla aynı olmalıdır.",
Please setup and enable a group account with the Account Type - {0} for the company {1},Lütfen {1} şirketi için Hesap Türü {0} olan bir grup hesabı kurun ve etkinleştirin,
Please share this email with your support team so that they can find and fix the issue.,Sorunu bulup çözebilmeleri için lütfen bu e-postayı destek ekibinizle paylaşın.,
Please specify,Lütfen belirtin,
Please specify Company,Lütfen Şirketi belirtin,
Please specify Company to proceed,Lütfen devam etmek için Şirketi belirtin,
Please specify a valid Row ID for row {0} in table {1},Lütfen {1} tablosundaki {0} satırında geçerli bir Satır Kimliği belirtin,
Please specify a {0} first.,Lütfen önce bir {0} belirtin.,
Please specify at least one attribute in the Attributes table,Lütfen Özellikler tablosunda en az bir özelliği belirtin,
Please specify either Quantity or Valuation Rate or both,Miktar veya Birim Fiyatı ya da her ikisini de belirtiniz,
Please specify from/to range,Lütfen başlangıç/bitiş aralığını belirtin,
Please supply the specified items at the best possible rates,Lütfen belirtilen ürünleri mümkün olan en iyi fiyatlarla tedarik edin,
Please try again in an hour.,Lütfen bir saat sonra tekrar deneyin.,
Please update Repair Status.,Lütfen Onarım Durumunu güncelleyin.,
Point of Sale,Satış Noktası,
Policy No,Poliçe No,
Policy number,Poliçe Numarası,
Portal User,Portal Kullanıcısı,
Portal Users,Portal Kullanıcıları,
Portrait,Portrait,
Possible Supplier,Potansiyel Tedarikçi,
Post Description Key,Mesaj Açıklama Anahtarı,
Post Graduate,Yüksek Lisans,
Post Route Key,Rota Yolu Sonrası,
Post Route Key List,Rota Rota Listesini Kaydet,
Post Route String,Rota Dizisi Gönder,
Post Title Key,Yazı Başlığı Anahtarı,
Postal Code,Posta Kodu,
Postal Expenses,Posta Giderleri,
Posting Date,Tarih,
Posting Date Inheritance for Exchange Gain / Loss,Kur Farkı Karı / Zararı İçin Muhasebe Tarihi Devralımı,
Posting Date cannot be future date,Kaydetme Tarihi gelecekteki bir tarih olamaz,
Posting Datetime,Gönderim Tarih ve Saati,
Posting Time,Gönderme Saati,
Posting date and posting time is mandatory,Gönderi tarihi ve gönderi saati zorunludur,
Posting timestamp must be after {0},Gönderi zaman damgası {0} sonrasında olmalıdır,
Potential Sales Deal,Potansiyel Satış Anlaşması,
Powered by {0},{0} Tarafından desteklenmektedir,
Pre Sales,Ön Satış,
Preference,Tercihler,
Preferred Contact Email,Tercih Edilen İletişim E-postası,
Preferred Email,Tercih Edilen E-posta,
Prevdoc DocType,Önceki Doküman,
Prevent POs,Siparişleri Engelle,
Prevent Purchase Orders,Satın Alma Siparişlerini Engelle,
Prevent RFQs,Teklif Taleplerini Engelle,
Preventive,Önleyici,
Preventive Action,Önleyici Faaliyet,
Preventive Maintenance,Önleyici Bakım,
Preview,Önizleme,
Preview Email,E-posta Önizlemesi,
Preview Required Materials,Gerekli Malzemeleri İncele,
Previous Financial Year is not closed,Önceki Mali Yıl Kapatılmadı,
Previous Work Experience,İş Deneyimi,
"Previous Year is not closed, please close it first","Önceki Mali Yıl henüz kapatılmamış, önce bu işlemi tamamlayın",
Price,Fiyat,
Price ({0}),Fiyat ({0}),
Price Discount Scheme,Fiyat İndirim Şeması,
Price Discount Slabs,Fiyat İndirim Levhaları,
Price List,Fiyat Listesi,
Price List Country,Fiyat Listesi Ülkesi,
Price List Currency,Fiyat Listesi Para Birimi,
Price List Currency not selected,Fiyat Listesi Para Birimi seçilmedi,
Price List Defaults,Fiyat Listesi Varsayılanları,
Price List Exchange Rate,Fiyat Listesi Döviz Kuru,
Price List Name,Fiyat Listesi Adı,
Price List Rate,Liste Fiyatı,
Price List Rate (Company Currency),Birim Fiyat (Şirket Para Birimi),
Price List must be applicable for Buying or Selling,Fiyat Listesinin Alım veya Satım için geçerli olması gerekmektedir,
Price List {0} is disabled or does not exist,Fiyat Listesi {0} devre dışı veya mevcut değil,
Price Not UOM Dependent,Fiyat Ölçü Birimine Bağlı Değil,
Price Per Unit ({0}),Birim Fiyatı ({0}),
Price is not set for the item.,Ürün için fiyat belirlenmedi.,
Price not found for item {0} in price list {1},{0} Ürünü için {1} fiyat listesinde fiyat bulunamadı,
Price or Product Discount,Fiyat veya Ürün İndirimi,
Price or product discount slabs are required,Fiyat veya ürün indirim dilimleri gereklidir,
Price per Unit (Stock UOM),Birim Fiyat (Stok Birimi),
Pricing,Fiyatlandırma,
Pricing Rule,Fiyatlandırma Kuralı,
Pricing Rule Brand,Fiyatlandırma Kural Markası,
Pricing Rule Detail,Fiyat Kuralı Detayı,
Pricing Rule Help,Fiyatlandırma Kuralı Yardım,
Pricing Rule Item Code,Fiyatlandırma Kuralı Ürün Kodu,
Pricing Rule Item Group,Fiyatlandırma Kuralı Ürün Grubu,
Pricing Rule {0} is updated,{0} Fiyatlandırma Kuralı güncellendi,
Pricing Rules,Fiyatlandırma Kuralları,
Primary Address,Varsayılan Adres,
Primary Address Details,Birincil Adres Ayrıntıları,
Primary Address and Contact,Varsayılan Adres ve İletişim,
Primary Contact,İlgili Kişi,
Primary Contact Details,Birincil İletişim Bilgileri,
Primary Contact Email,Birincil İletişim E-postası,
Primary Party,Birincil Parti,
Primary Role,Birincil Rol,
Primary Settings,Primary Ayarları,
Print,Yazdır,
Print Format,Yazdırma Formatı,
Print Heading,Baskı Başlığı,
Print IRS 1099 Forms,IRS 1099 Formlarını Yazdır,
Print Language,Yazdırma Dili,
Print Preferences,Baskı Tercihleri,
Print Receipt,Makbuz Yazdır,
Print Receipt on Order Complete,Sipariş Tamamlandığında Makbuz Yazdır,
Print Settings,Yazdırma Ayarları,
Print UOM after Quantity,Miktardan Sonra Ölçü Birimini Yazdır,
Print Without Amount,Miktar Olmadan Yazdır,
Print and Stationery,Baskı ve Kırtasiye,
Print settings updated in respective print format,Yazdırma ayarları ilgili yazdırma biçiminde güncellendi,
Print taxes with zero amount,Yazdırmada Vergiyi Sıfır Göster,
Printed on {0},{0} tarihinde yazdırıldı,
Printing Details,Yazdırma Detayları,
Printing Settings,Yazdırma Ayarları,
Priorities,Öncelikler,
Priority,Öncelik,
Priority cannot be lesser than 1.,Öncelik 1'den küçük olamaz.,
Priority has been changed to {0}.,Öncelik {0} olarak değiştirildi,
Priority is mandatory,Öncelik zorunludur,
Priority {0} has been repeated.,{0} önceliği tekrarlandı.,
Probability,Olasılık,
Probability (%),Olasılık (%),
Problem,Problem,
Procedure,Prosedür,
Process Deferred Accounting,Ertelenmiş Muhasebeyi İşle,
Process Description,Açıklama,
Process Loss,Proses Kaybı,
Process Loss Percentage cannot be greater than 100,Proses Kaybı Yüzdesi 100'den büyük olamaz,
Process Loss Qty,Kayıp Proses Miktarı,
Process Loss Report,İşlem Kaybı Raporu,
Process Loss Value,Proses Kaybı Değeri,
Process Owner,Proses Sahibi,
Process Owner Full Name,İşlem Sahibinin Tam Adı,
Process Payment Reconciliation,Ödeme Mutabakatını İşle,
Process Payment Reconciliation Log,Ödeme Mutabakat Günlüğünü İşle,
Process Payment Reconciliation Log Allocations,Ödeme Mutabakat Günlüğü Tahsislerini İşle,
Process Statement Of Accounts,Hesap Ekstresi İşle,
Process Statement Of Accounts CC,Hesap Özeti İşlemi,
Process Statement Of Accounts Customer,Müşteri Hesap Ekstresini İşle,
Process Subscription,Aboneliği İşle,
Process in Single Transaction,Tek Bir İşlemde İşle,
Processed BOMs,İşlenmiş Ürün Ağaçları,
Processes,Prosesler,
Processing XML Files,XML Dosyaları İşleniyor,
Procurement,Tedarik,
Procurement Tracker,Tedarik Takibi,
Produce Qty,Üretim Adeti,
Produced / Received Qty,Üretilen / Alınan Miktar,
Produced Qty,Üretilen Miktar,
Produced Quantity,Üretilen Miktar,
Product,Ürün,
Product Bundle,Ürün Paketi,
Product Bundle Balance,Ürün Paketi Bakiyesi,
Product Bundle Help,Ürün Paketi Yardımı,
Product Bundle Item,Ürün Paketi Kalemi,
Product Discount Scheme,Ürün İndirim Şeması,
Product Discount Slabs,Ürün İndirimli Döşeme,
Product Enquiry,Ürün Sorgulama,
Product Price ID,Ürün Fiyat Kimliği,
Production,Üretim,
Production Analytics,Üretim Analitiği,
Production Item,Ürün,
Production Plan,Üretim Planı,
Production Plan Already Submitted,Üretim Planı Zaten Gönderildi,
Production Plan Item,Üretim Planı Ürünü,
Production Plan Item Reference,Üretim Planı Ürün Referansı,
Production Plan Material Request,Üretim Planı Malzeme Talebi,
Production Plan Material Request Warehouse,Üretim Planı Malzeme Talep Deposu,
Production Plan Qty,Planlanan Üretim Miktarı,
Production Plan Sales Order,Üretim Planı Satış Siparişi,
Production Plan Sub Assembly Item,Üretim Planı Alt Montaj Ürünü,
Production Plan Sub-assembly Item,Üretim Planı Alt Montaj Öğesi,
Production Plan Summary,Üretim Planı Özeti,
Production Planning Report,Üretim Planlama Raporu,
Products,Ürünler,
Profile,Profil,
Profit & Loss,Kar &  Zarar,
Profit This Year,Bu Yılın Kârı,
Profit and Loss,Kâr ve Zarar,
Profit and Loss Statement,Kâr ve Zarar Tablosu,
Profit and Loss Summary,Kâr ve Zarar Özeti,
Profit for the year,Yıllık Kâr,
Profitability Analysis,Kârlılık Analizi,
Progress,İlerleme,
Progress % for a task cannot be more than 100.,Bir görevin ilerleme yüzdesi 100'den fazla olamaz.,
Progress (%),İlerleme (%),
Project,Proje,
Project Collaboration Invitation,Proje Ortak Çalışma Daveti,
Project Id,Proje ID,
Project Name,Proje Adı,
Project Profitability,Proje Karlılığı,
Project Progress:,Proje İlerlemesi:,
Project Start Date,Proje Başlangıç Tarihi,
Project Status,Proje Durumu,
Project Summary,Proje Özeti,
Project Summary for {0},{0} için Proje Özeti,
Project Template,Proje Şablonu,
Project Template Task,Proje Şablonu Görevi,
Project Type,Proje Türü,
Project Update,Proje Güncelle,
Project Update.,Proje Güncelle.,
Project User,Proje Kullanıcısı,
Project Value,Proje Değeri,
Project activity / task.,Proje etkinliği/görevi.,
Project master.,Proje Ana Kaydı,
Project will be accessible on the website to these users,Proje bu kullanıcılar için web sitesinde erişilebilir olacak.,
Project wise Stock Tracking,Proje Stok Takibi,
Project-wise data is not available for Quotation,Teklif için proje bazında veri mevcut değil,
Projected Qty,Öngörülen Miktar,
Projected Quantity,Öngörülen Miktar,
Projected Quantity Formula,Tahmini Miktar Formülü,
Projected qty,Öngörülen Miktar,
Projects,Projeler,
Projects Manager,Proje Yöneticisi,
Projects Settings,Proje Ayarları,
Projects User,Proje Kullanıcısı,
Promotional,tanıtım,
Promotional Scheme,Promosyon Şeması,
Promotional Scheme Id,Promosyon Şeması No,
Promotional Scheme Price Discount,Promosyon Şeması Fiyat İndirimi,
Promotional Scheme Product Discount,Promosyon Programı Ürün İndirimi,
Prompt Qty,İstem Miktarı,
Proposal Writing,Teklif Yazımı,
Proposal/Price Quote,Teklif/Fiyat Talebi,
Prorate,Orantılı Dağıtım,
Prospect,Potansiyel Müşteri,
Prospect Lead,Potansiyel Müşteri Adayı,
Prospect Opportunity,Portnasiyel Müşteri Fırsatı,
Prospect Owner,Potansiyel Sahibi,
Prospect {0} already exists,Potansiyel Müşteri {0} zaten mevcut,
Prospecting,Araştırma,
Prospects Engaged But Not Converted,Etkileşimde Bulunulan Ancak Dönüşmeyen Adaylar,
Provide Email Address registered in company,Şirkete kayıtlı E-posta Adresi,
Provider,Sağlayıcı,
Providing,Sağlama,
Provisional Account,Geçici Hesap,
Provisional Expense Account,Geçici Gider Hesabı,
Provisional Profit / Loss (Credit),Geçici Kar/Zarar,
Publish Date,Yayın tarihi,
Published Date,Yayınlanma Tarihi,
Publisher,Yayınlayan,
Publisher ID,Yayıncı Kimliği,
Purchase,Satın Alma,
Purchase Amount,Satın Alma Tutarı,
Purchase Analytics,Satın Alma Verileri,
Purchase Date,Satın Alma Tarihi,
Purchase Defaults,Satın Alma Ayarları,
Purchase Details,Satın Alma Detayları,
Purchase Invoice,Alış Faturası,
Purchase Invoice Advance,Alış Faturası Peşinatı,
Purchase Invoice Item,Alış Faturası Ürünü,
Purchase Invoice Trends,Alış Faturası Trend Grafikleri,
Purchase Invoice cannot be made against an existing asset {0},Satın Alma Faturası mevcut bir varlığa karşı yapılamaz {0},
Purchase Invoice {0} is already submitted,Satınalma Faturası {0} zaten gönderildi,
Purchase Invoices,Alış Faturaları,
Purchase Manager,Satın Alma Müdürü,
Purchase Master Manager,Satın Alma Genel Müdürü,
Purchase Order,Satın Alma Emri,
Purchase Order Amount,Satın Alma Siparişi Tutarı,
Purchase Order Amount(Company Currency),Satın Alma Siparişi Tutarı (Şirket Para Birimi),
Purchase Order Analysis,Satın Alma Analizi,
Purchase Order Date,Satın Alma Emri Tarihi,
Purchase Order Item,Satın Alma Emri Ürünü,
Purchase Order Item Supplied,Tedarik Edilen Satın Alma Emri Kalemi,
Purchase Order Item reference is missing in Subcontracting Receipt {0},Alt Yüklenici İrsaliyesi {0} için Satın Alma Siparişi Ürün referansı eksik,
Purchase Order Items not received on time,Zamanında teslim alınmayan Satın Alma Siparişi Ürünleri,
Purchase Order Pricing Rule,Satınalma Siparişi Fiyatlandırma Kuralı,
Purchase Order Required,Satın Alma Emri Gerekli,
Purchase Order Required for item {},{} için Satın Alma Emri Gerekli,
Purchase Order Trends,Satın Alma Emirleri Trendleri,
Purchase Order already created for all Sales Order items,Tüm Satış Siparişi kalemleri için Satın Alma Emri zaten oluşturuldu,
Purchase Order number required for Item {0},{0} için Satın Alma Emri No gereklidir,
Purchase Order {0} is not submitted,Satın Alma Emri {0} kaydedilmedi,
Purchase Orders,Satın Alma Siparişleri,
Purchase Orders Items Overdue,Satın Alma Siparişleri Vadesi Geçenler,
Purchase Orders are not allowed for {0} due to a scorecard standing of {1}.,"{0} için, puan kartı durumu {1} olduğundan satın alma siparişlerine izin verilmiyor.",
Purchase Orders to Bill,Faturalanacak Satınalma Siparişleri,
Purchase Orders to Receive,Alınacak Satınalma Siparişleri,
Purchase Orders {0} are un-linked,Satın Alma Siparişleri {0} bağlantısı kaldırıldı,
Purchase Price List,Satın Alma Fiyat Listesi,
Purchase Receipt,Alış İrsaliyesi,
Purchase Receipt (Draft) will be auto-created on submission of Subcontracting Receipt.,Satın Alma İrsaliyesi (Taslak) Alt Yüklenici Fişinin teslim edilmesi üzerine otomatik olarak oluşturulacaktır.,
Purchase Receipt Detail,Satınalma Makbuzu Ayrıntısı,
Purchase Receipt Item,Alış İrsaliyesi Kalemi,
Purchase Receipt Item Supplied,Tedarik Edilen Alış İrsaliyesi Kalemi,
Purchase Receipt Items,Satınalma İrsaliyesi Ürünleri,
Purchase Receipt No,Alış İrsaliye No,
Purchase Receipt Required,Alış İrsaliyesi Gereklidir,
Purchase Receipt Required for item {},{} kalemi için Alış İrsaliyesi Gereklidir,
Purchase Receipt Trends,Alış İrsaliyesi Eğilimleri,
Purchase Receipt doesn't have any Item for which Retain Sample is enabled.,Satın Alma İrsaliyesinde Numune Sakla ayarı etkinleştirilmiş bir Ürün bulunmamaktadır.,
Purchase Receipt {0} created.,{0} Alış İrsaliyesi oluşturuldu.,
Purchase Receipt {0} is not submitted,Satın Alma İrsaliyesi {0} kaydedilmedi,
Purchase Register,Satın Alma Kayıtları,
Purchase Return,İade,
Purchase Tax Template,Alış Vergisi Şablonu,
Purchase Taxes and Charges,Alış Vergisi,
Purchase Taxes and Charges Template,Alış Vergisi Şablonu,
Purchase User,Satın Alma Kullanıcısı,
Purchase Value,Satın Alma Değeri,
Purchase orders help you plan and follow up on your purchases,Satın alma emirleri planı ve alışverişlerinizi takip edin,
Purchased,Satın alındı,
Purchases,Alımlar,
Purchasing,Satın Alma,
Purple,Mor,
Purpose,İşlem,
Purpose must be one of {0},Amaç {0} değerinden biri olmalıdır,
Purposes,Amaçları,
Purposes Required,Amaçlar Gerekiyor,
Putaway Rule,Yerleştirme Kuralı,
Putaway Rule already exists for Item {0} in Warehouse {1}.,{1} Deposundaki {0} Ürünü için zaten bir Paketten Çıkarma Kuralı mevcuttur.,
Qty,Miktar,
Qty ,Miktar ,
Qty (Company),Miktar (Şirket),
Qty (Warehouse),Miktar (Depo),
Qty After Transaction,İşlem Sonrası Miktar,
Qty Change,Miktar Değişimi,
Qty Consumed Per Unit,Birim Başına Tüketilen Miktar,
Qty In Stock,Stok Miktarı,
Qty Per Unit,Birim Başına Miktar,
Qty To Manufacture,Üretilecek Miktar,
"Qty To Manufacture ({0}) cannot be a fraction for the UOM {2}. To allow this, disable '{1}' in the UOM {2}.","Üretim Miktarı ({0}), {2} için kesirli olamaz. Bunu sağlamak için, {2} içindeki '{1}' seçeneğini devre dışı bırakın.",
Qty To Produce,Üretilecek Miktar,
Qty Wise Chart,Miktar Bazlı Grafik,
Qty and Rate,Miktar ve Oran,
Qty as Per Stock UOM,Stok Birimine Göre Miktar,
Qty as per Stock UOM,Stok Ölçü Birimine Göre Miktar,
Qty for which recursion isn't applicable.,Yinelemenin uygulanamadığı miktar.,
Qty for {0},{0} Miktarı,
Qty in Stock UOM,Stok Birimindeki Miktar,
Qty in WIP Warehouse,Devam Eden İşler Deposundaki Miktar,
Qty of Finished Goods Item,Bitmiş Ürün Miktarı,
Qty of Finished Goods Item should be greater than 0.,Bitmiş Ürün Miktarı 0'dan büyük olmalıdır.,
Qty of raw materials will be decided based on the qty of the Finished Goods Item,"Hammadde Miktarı, Bitmiş Ürün Miktarına göre belirlenecektir.",
Qty to Be Consumed,Tüketilecek Miktar,
Qty to Bill,Faturalandırılacak Miktar,
Qty to Build,Üretilecek Miktar,
Qty to Deliver,Teslim Edilecek Miktar,
Qty to Fetch,Getirilecek Miktar,
Qty to Manufacture,Üretilecek Miktar,
Qty to Order,Sipariş Miktarı,
Qty to Produce,Üretilecek Miktar,
Qty to Receive,Alınacak Miktar,
Qualification,Yeterlilik,
Qualification Status,Yeterlilik,
Qualified,Yeterli,
Qualified By,Onaylayan,
Qualified on,Tarih,
Quality,Kalite,
Quality Action,Aksiyon,
Quality Action Resolution,Aksiyon Çözümleri,
Quality Feedback,Geri Bildirim,
Quality Feedback Parameter,Geri Bildirim Parametresi,
Quality Feedback Template,Geri Bildirim Şablonu,
Quality Feedback Template Parameter,Geri Bildirim Şablonu Parametresi,
Quality Goal,Kalite Hedefi,
Quality Goal Objective,Kalite Hedefi Amaçları,
Quality Inspection,Kalite Kontrol,
Quality Inspection Analysis,Kalite Kontrol Analizi,
Quality Inspection Parameter,Kalite Kontrol Parametresi,
Quality Inspection Parameter Group,Kalite Kontrol Parametre Grubu,
Quality Inspection Reading,Okunan Değer,
Quality Inspection Required,Kalite Kontrol Gerekli,
Quality Inspection Settings,Kalite Kontrol Ayarları,
Quality Inspection Summary,Kalite Kontrol Özeti,
Quality Inspection Template,Kalite Kontrol Şablonu,
Quality Inspection Template Name,Kalite Kontrol Şablonu Adı,
Quality Inspection(s),Kalite Kontrolleri,
Quality Management,Kalite Yönetimi,
Quality Manager,Kalite Müdürü,
Quality Meeting,Kalite Toplantısı,
Quality Meeting Agenda,Toplantı Gündemi,
Quality Meeting Minutes,Toplantı Tutanakları,
Quality Procedure,Prosedür,
Quality Procedure Process,Prosedür Süreçleri,
Quality Review,İnceleme,
Quality Review Objective,Kalite Hedefi Amaçları,
Quantity,Miktar,
Quantity  that must be bought or sold per UOM,Stok Birimine göre satın alınması veya satılması gereken miktar,
Quantity & Stock,Miktar ve Stok,
Quantity (A - B),Miktar (A - B),
Quantity Difference,Miktar Farkı,
Quantity and Amount,Miktar ve Tutar,
Quantity and Description,Miktar ve Açıklama,
Quantity and Rate,Miktar ve Fiyat,
Quantity and Warehouse,Miktar ve Depo,
Quantity cannot be greater than {0} for Item {1},"Miktar, {1} Ürünü için {0} değerinden büyük olamaz.",
Quantity in row {0} ({1}) must be same as manufactured quantity {2},Satır {0} ({1}) deki miktar üretilen miktar {2} ile aynı olmalıdır,
Quantity is required,Miktar gereklidir,
"Quantity must be greater than zero, and less or equal to {0}",Miktar sıfırdan büyük ve {0} değerine eşit veya daha az olmalıdır,
Quantity must not be more than {0},Miktar {0} değerinden fazla olmamalıdır,
Quantity of item obtained after manufacturing / repacking from given quantities of raw materials,Belirli miktarlardaki hammaddelerden üretilen veya montaj / paketleme sonrası elde edilen miktar.,
Quantity required for Item {0} in row {1},Satır {1} deki Ürün {0} için gereken miktar,
Quantity should be greater than 0,Miktar 0'dan büyük olmalıdır,
Quantity to Make,Yapılması Gereken Miktar,
Quantity to Manufacture,Üretilecek Miktar,
Quantity to Manufacture can not be zero for the operation {0},{0} işlemi için Üretim Miktarı sıfır olamaz,
Quantity to Manufacture must be greater than 0.,Üretim Miktar 0'dan büyük olmalıdır.,
Quantity to Produce,Üretilecek Miktar,
Quantity to Produce should be greater than zero.,Üretilecek Miktar sıfırdan büyük olmalıdır.,
Quantity to Scan,Taranacak Miktar,
Quarter {0} {1},{0}. Çeyrek  {1},
Quarterly,Üç Aylık,
Query Options,Sorgu Seçenekleri,
Query Route String,Sorgu Rota Dizesi,
Queue Size should be between 5 and 100,Kuyruk Boyutu 5 ile 100 arasında olmalıdır,
Queued,Sıraya alındı,
Quick Entry,Hızlı Giriş,
Quick Journal Entry,Hızlı Defter Girişi,
Quick Stock Balance,Hızlı Stok Bakiyesi,
Quot Count,Teklif Sayısı,
Quot/Lead %,Teklif/Müşteri Adayı %,
Quotation,Fiyat Teklifi,
Quotation Amount,Teklif Tutarı,
Quotation Item,Teklif Öğesi,
Quotation Lost Reason,Teklif Kayıp Nedeni,
Quotation Lost Reason Detail,Teklif Kayıp Nedeni Ayrıntıları,
Quotation Number,Teklif Numarası,
Quotation To,Teklif Edilen,
Quotation Trends,Teklif Analizi,
Quotation {0} is cancelled,Teklif {0} iptal edildi,
Quotation {0} not of type {1},Teklif {0} {1} türü değil,
Quotations,Fiyat Teklifleri,
"Quotations are proposals, bids you have sent to your customers","Teklifler, müşterilerinize gönderdiğiniz tekliflerdir.",
Quotations: ,Fiyat Teklifleri: ,
Quote Status,Alıntı Durumu,
Quoted Amount,Teklif Verilen Tutar,
RFQs are not allowed for {0} due to a scorecard standing of {1},{0} için Teklif Talepleri {1} skor kartı durumu nedeniyle izin verilmiyor,
Raise Material Request When Stock Reaches Re-order Level,Stok Yeniden Sipariş Seviyesine Ulaştığında Hammadde Talebi Yükselt,
Raised By,Talep eden,
Raised By (Email),Talep eden (Email),
Random,Rastgele,
Range,Aralık,
Rate,Fiyat,
Rate & Amount,Fiyat & Tutar,
Rate (Company Currency),Fiyat (Şirket Para Birimi),
Rate Of Materials Based On,Hammadde Oranı,
Rate Of TDS As Per Certificate,Sertifikaya Göre Stopaj Vergisi Oranı,
Rate Section,Oran Bölümü,
Rate With Margin,Marjlı Oran,
Rate With Margin (Company Currency),Marjla Oran (Şirket Para Birimi),
Rate and Amount,Oran ve Miktar,
Rate at which Customer Currency is converted to customer's base currency,Müşteri Para Biriminin Müşterinin temel birimine dönüştürme oranı,
Rate at which Price list currency is converted to company's base currency,Fiyat listesi para biriminin şirketin temel para birimine dönüştürme oranı,
Rate at which Price list currency is converted to customer's base currency,Fiyat listesi para biriminin temel verileri para birimine dönüştürme oranı,
Rate at which customer's currency is converted to company's base currency,Müşterinin para biriminin şirketin temel para birimine dönüştürme oranı,
Rate at which supplier's currency is converted to company's base currency,Tedarikçinin para biriminin şirketin temel para birimine dönüştürme oranı,
Rate at which this tax is applied,Bu verginin uygulandığı oran,
Rate of Depreciation,Amortisman Oranı,
Rate of Depreciation (%),Amortisman Oranı (%),
Rate of Interest (%) Yearly,Faiz Oranı (%) Yıllık,
Rate of Stock UOM,Stok Ölçü Birimi Fiyatı,
Rate or Discount,Fiyat veya İndirim,
Rate or Discount is required for the price discount.,Fiyat indirimi için Oran veya İndirim bilgisi gereklidir.,
Rates,Fiyatlar,
Rating,Değerlendirme,
Ratios,Oranlar,
Raw Material,Hammadde,
Raw Material Code,Hammadde Kodu,
Raw Material Cost,Hammadde Maliyeti,
Raw Material Cost (Company Currency),Hammadde Maliyeti (Şirket Para Birimi),
Raw Material Cost Per Qty,Birim Başına Hammadde Maliyeti,
Raw Material Item,Hammadde Ürünü,
Raw Material Item Code,Hammadde Malzeme Kodu,
Raw Material Name,Hammadde Adı,
Raw Material Value,Hammadde Ürünü Değeri,
Raw Material Warehouse,Hammadde Deposu,
Raw Materials,Hammaddeler,
Raw Materials Actions,Hammadde Aksiyonları,
Raw Materials Consumed,Tüketilen Hammaddeler,
Raw Materials Consumption,Hammadde Tüketimi,
Raw Materials Supplied,Tedarik Edilen Hammaddeler,
Raw Materials Supplied Cost,Tedarik edilen Hammadde Maliyeti,
Raw Materials cannot be blank.,Hammadde alanı boş bırakılamaz.,
Re-open,Yeniden Aç,
Re-order Level,Yeniden Sipariş Seviyesi,
Re-order Qty,Yeniden Sipariş Miktarı,
Reached Root,Köke Ulaştı,
Read Only,Salt Okunur,
Reading 1,1. Okuma,
Reading 10,10.  Okuma,
Reading 2,2. Okuma,
Reading 3,3. Okuma,
Reading 4,4. Okuma,
Reading 5,5. Okuma,
Reading 6,6. Okuma,
Reading 7,7. Okuma,
Reading 8,8. Okuma,
Reading 9,9. Okuma,
Reading Value,Okunan Değer,
Readings,Değerler,
Reason,Gerekçe,
Reason For Putting On Hold,Beklemeye Alma Nedeni,
Reason for Failure,Başarısızlığın Nedeni,
Reason for Hold,Bekletme Nedeni,
Reason for Leaving,Ayrılma Gerekçesi Detayı,
Reason for hold:,Bekletme nedeni:,
Rebuild Tree,Ağaç Yapısını Tekrar Oluştur,
Rebuilding BTree for period ...,Dönem için BTree yeniden oluşturuluyor…,
Recalculate Incoming/Outgoing Rate,Gelen/Giden Oranını Yeniden Hesapla,
Receipt,Makbuz,
Receipt Document,Fiş Belgesi,
Receipt Document Type,Fiş Belge Türü,
Receivable,Alacak,
Receivable / Payable Account,Alacak / Borç Hesabı,
Receivable Account,Alacak Hesabı,
Receivable/Payable Account,Alacak / Borç Hesabı,
Receivable/Payable Account: {0} doesn't belong to company {1},Alacak/Borç Hesabı: {0} {1} şirketine ait değildir,
Receivables,Alacaklar,
Receive,Gelen Ödeme,
Received,Teslim Alındı,
Received Amount,Gelen Ödeme,
Received Amount (Company Currency),Gelen Tutar (Şirket Para Birimi),
Received Amount After Tax,Vergi Sonrası Alınan Tutar,
Received Amount After Tax (Company Currency),Vergi Sonrası Ödenen Tutar (Şirket Para Birimi),
Received Amount cannot be greater than Paid Amount,Alınan Tutar Ödenen Tutardan büyük olamaz,
Received From,Alındığı Yer,
Received Items To Be Billed,Alınan Faturalandırılacak Ürünler,
Received On,Alınan Tarih,
Received Qty,Alınan Miktar,
Received Qty Amount,Alınan Miktar Tutarı,
Received Qty in Stock UOM,Stok Biriminde Alınan Miktar,
Received Quantity,Alınan Miktar,
Received Stock Entries,Alınan Stok Girişleri,
Received and Accepted,Alındı ve Kabul edildi,
Receiver List,Alıcı Listesi,
Receiver List is empty. Please create Receiver List,Alıcı listesi boş. Lütfen Alıcı listesi oluşturun.,
Receiving,Alınıyor (mal kabul),
Recent Orders,Son Siparişler,
Recent Transactions,Son İşlemler,
Recipient,Alıcı,
Recipient Message And Payment Details,Alıcı Mesaj Ve Ödeme Ayrıntısı,
Recipients,Alıcılar,
Reconcile,Uzlaştır,
Reconcile All Serial Nos / Batches,Tüm Seri No ve Partileri Doğrula,
Reconcile Effect On,Mutabakat Etkisi Açık,
Reconcile Entries,Mutabakat Girişleri,
Reconcile on Advance Payment Date,Avans Ödeme Tarihinde Mutabakat Sağla,
Reconcile the Bank Transaction,Banka İşlemlerinin Mutabakatını Yapın,
Reconciled,Mutabık,
Reconciled Entries,Mutabakat Girişleri,
Reconciliation Date,Mutabakat Tarihi,
Reconciliation Error Log,Mutabakat Hata Günlüğü,
Reconciliation Logs,Denkleştirme Kayıtları,
Reconciliation Progress,Mutabakat İlerlemesi,
Reconciliation Queue Size,Mutabakat Kuyruğu Boyutu,
Reconciliation Takes Effect On,Mutabakat Şu Tarihlerde Yürürlüğe Girer,
Recording HTML,Kayıt HTML,
Recording URL,URL kaydediliyor,
Recoverable Standard Rated expenses should not be set when Reverse Charge Applicable is Y,"İade Edilebilir Standart Oranlı Giderler, Ters Yükleme Uygulanıyorken (Y) ayarlanmamalıdır.",
Recreate Stock Ledgers,Stok Defterlerini Yeniden Oluştur,
Recurse Every (As Per Transaction UOM),Her Tekrar (İşlem Ölçü Birimine Göre),
Recurse Over Qty cannot be less than 0,Yineleme Miktarı 0'dan küçük olamaz.,
Recursive Discounts with Mixed condition is not supported by the system,Karışık koşullarla yapılan yinelemeli indirimler sistem tarafından desteklenmemektedir.,
Red,Kırmızı,
Redeem Against,Karşı Kullan,
Redeem Loyalty Points,Sadakat Puanı Kullan,
Redeemed Points,Kullanılan Puanlar,
Redemption,Kullanım,
Redemption Account,Kullanım Hesabı,
Redemption Cost Center,Kullanım Maliyet Merkezi,
Redemption Date,Kullanım Tarihi,
Ref Code,Referans Kodu,
Ref Date,Referans Tarihi,
Reference,Referans,
Reference #{0} dated {1},Referans #{0} tarih {1},
Reference Date,Referans Tarihi,
Reference Date for Early Payment Discount,Erken Ödeme İndirimi için Referans Tarihi,
Reference Detail,Referans Detayı,
Reference Detail No,Referans Detay No,
Reference DocType,Referans DocType,
Reference Doctype,Referans Doctype,
Reference Doctype must be one of {0},Referans DocType {0} değerinden biri olmalıdır,
Reference Document,Referans Belgesi,
Reference Document Name,Referans Döküman Adı,
Reference Document Type,Referans Belge Türü,
Reference Due Date,Referans Vade Tarihi,
Reference Exchange Rate,Referans Döviz Kuru,
Reference Name,Referans Adı,
Reference No,Referans No,
Reference No & Reference Date is required for {0},{0} için Referans No ve Referans Tarihi gereklidir,
Reference No and Reference Date is mandatory for Bank transaction,Banka işlemi için Referans No ve Referans Tarihi zorunludur.,
Reference No is mandatory if you entered Reference Date,Referans Tarihi girdiyseniz Referans No zorunludur,
Reference No.,Referans No.,
Reference Number,Referans Numarası,
Reference Purchase Receipt,Referans Alım Makbuzu,
Reference Row,Referans Satır,
Reference Row #,Referans Satırı #,
Reference Type,Referans Türü,
Reference for Reservation,Stok Rezervi Referansı,
Reference number of the invoice from the previous system,Önceki Sistemde Kayıtlı Fatura Numarası,
"Reference: {0}, Item Code: {1} and Customer: {2}","Referans: {0}, Ürün Kodu: {1} ve Müşteri: {2}",
References,Referanslar,
References to Sales Invoices are Incomplete,Satış Faturalarına İlişkin Referanslar Eksik,
References to Sales Orders are Incomplete,Satış Siparişlerine Yapılan Referanslar Eksik,
References {0} of type {1} had no outstanding amount left before submitting the Payment Entry. Now they have a negative outstanding amount.,{1} türündeki {0} referanslarının Ödeme Girişini göndermeden önce ödenmemiş tutarı yoktu. Şimdi ise negatif ödenmemiş tutarları var.,
Referral Code,Yönlendirme Kodu,
Referral Sales Partner,Referans Satış Ortağı,
Refresh,Yenile,
Refresh Google Sheet,Google E-Tablosunu Yenile,
Refresh Plaid Link,Plaid Bağlantısını Yenile,
"Regards,","Saygılarımla,",
Regenerate Stock Closing Entry,Stok Kapanış Girişini Yeniden Oluştur,
Regional,Bölge,
Registration Details,Kayıt Detayları,
Regular,Düzenli,
Rejected,Reddedildi,
Rejected ,Reddedildi ,
Rejected Qty,Reddedilen Miktar,
Rejected Quantity,Red,
Rejected Serial No,Seri No Reddedildi,
Rejected Serial and Batch Bundle,Reddedilen Seri ve Parti,
Rejected Warehouse,Red Deposu,
Rejected Warehouse and Accepted Warehouse cannot be same.,Red Deposu ile Kabul Deposu aynı olamaz.,
Related,İlgili,
Relation,Yakınlığı,
Release Date,Fatura Kesilme Tarihi,
Release date must be in the future,Çıkış tarihi gelecekte olmalıdır,
Relieving Date,Ayrılma Tarihi,
Reload,Yeniden Yükle,
Remaining,Kalan,
Remaining Balance,Kalan Bakiye,
Remark,Açıklama,
Remarks,Açıklamalar,
Remarks Column Length,Açıklamalar Sütun Uzunluğu,
Remarks:,Notlar:,
Remove Parent Row No in Items Table,Ürünler Tablosunda Üst Satır Numarasını Kaldır,
Remove SABB Entry,Hatalı Seri ve Parti Kayıtlarını Kaldır,
Remove item if charges is not applicable to that item,Ürüne uygulanamayan masraflar varsa ürünü kaldırın.,
Removed items with no change in quantity or value.,Miktarında veya değerinde değişiklik olmayan ürünler kaldırıldı.,
Removing rows without exchange gain or loss,Satırlar Değişim kazancı veya kaybı olmadan kaldırılıyor,
Rename,Yeniden Adlandır,
Rename Attribute Value in Item Attribute.,Öğe Özniteliğinde Öznitelik Değerini Yeniden Adlandırın.,
Rename Log,Girişi yeniden tanımlama,
Rename Not Allowed,Yeniden Adlandırmaya İzin Verilmiyor,
Rename Tool,Yeniden Adlandırma Aracı,
"Renaming it is only allowed via parent company {0}, to avoid mismatch.",Uyuşmazlığı önlemek için yeniden adlandırılmasına yalnızca ana şirket {0} yoluyla izin verilir.,
Rent Cost,Kiralama Maliyeti,
Rented,Kira,
Reopen,Yeniden Aç,
Reorder Level,Yeniden Sipariş Seviyesi,
Reorder Qty,Yeniden Sipariş Miktarı,
Reorder level based on Warehouse,Depodaki seviyeye göre yeniden sipariş seviyesi,
Repack,Yeniden Paketleme,
Repair Asset,Varlık Onarımı,
Repair Cost,Tamir Ücreti,
Repair Status,Onarım Durumu,
Repeat Customer Revenue,Tekrarlayan Müşteri Geliri,
Repeat Customers,Tekrarlayan Müşteriler,
Replace,Değiştir,
Replace BOM,Ürün Ağacını Değiştir,
"Replace a particular BOM in all other BOMs where it is used. It will replace the old BOM link, update cost and regenerate ""BOM Explosion Item"" table as per new BOM.
It also updates latest price in all the BOMs.","Bu talimat, bir Ürün Ağacını başka Ürün Ağaçlarında kullanıldığında otomatik olarak günceller. Eski Ürün Ağacı bağlantısı değiştirilir, güncellenmiş maliyetler yeniden hesaplanır ve yeni Ürün Ağacı üzerinden tüm bileşenlerin listesi yeniden oluşturulur. Bu süreç, üretim ve maliyet hesaplamalarında tutarlılığı sağlar.",
Replied,Yanıtlandı,
Report,Rapor,
Report Date,Rapor Tarihi,
Report Error,Hatayı Rapor Et,
Report Filters,Rapor Filtreleri,
Report Type,Rapor Türü,
Report Type is mandatory,Rapor Türü zorunludur,
Report View,Rapor Görünümü,
Report an Issue,Sorun Bildir,
Reports,Raporlar,
Reports to,Raporlama,
Repost Accounting Ledger,Muhasebe Defterini Yeniden Gönder,
Repost Accounting Ledger Items,Muhasebe Defteri Kalemlerini Yeniden Gönder,
Repost Accounting Ledger Settings,Muhasebe Defteri Ayarlarını Yeniden Gönder,
Repost Allowed Types,Yeniden Göndermeye İzin Verilen Türler,
Repost Error Log,Hata Günlüğünü Yeniden Gönder,
Repost Item Valuation,Yeniden Değerleme,
Repost Payment Ledger,Ödeme Defterini Yeniden Gönder,
Repost Payment Ledger Items,Ödeme Defteri Kalemlerini Yeniden Gönder,
Repost Status,Yeniden Gönderme Durumu,
Repost has started in the background,Yeniden gönderme arka planda başlatıldı,
Repost in background,Arka Planda Yeniden Gönder,
Repost started in the background,Yeniden gönderme arka planda başlatıldı,
Reposting Completed {0}%,Yeniden Gönderme Tamamlandı %{0},
Reposting Data File,Veri Dosyasını Yeniden Gönderme,
Reposting Info,Yeniden Gönderilen Bilgiler,
Reposting Progress,Yeniden Gönderme İlerlemesi,
Reposting entries created: {0},Oluşturulan girişler yeniden gönderiliyor: {0},
Reposting has been started in the background.,Yeniden gönderme arka planda başlatıldı.,
Reposting in the background.,Yeniden gönderme işlemleri arka planda tamamlanıyor.,
Represents Company,Temsil Ettiği Şirket,
Represents a Financial Year. All accounting entries and other major transactions are tracked against the Fiscal Year.,Mali Yılı temsil eder. Tüm muhasebe kayıtları ve diğer önemli işlemler Mali Yıla göre takip edilir.,
Reqd By Date,İstenen Tarih,
Reqd by date,Tarihe göre talep,
Reqired Qty,Gerekli Miktar,
Request For Quotation,Fiyat Teklifi Talebi,
Request Parameters,İstek Parametreleri,
Request Timeout,İstek Zaman Aşımı,
Request Type,Talep Türü,
Request for,Talep Sebebi,
Request for Information,Bilgi Talebi,
Request for Quotation,Fiyat Teklifi Talebi,
Request for Quotation Item,Fiyat Teklif Talebi Kalemi,
Request for Quotation Supplier,Fiyat Teklif Talebi Tedarikçisi,
Request for Raw Materials,Hammadde Talebi,
Requested,Talep Edildi,
Requested Items To Be Transferred,Transfer Edilmesi İstenen Ürünler,
Requested Items to Order and Receive,Sipariş Edilmesi ve Alınması İstenen Ürünler,
Requested Qty,İstenen Miktar,
"Requested Qty: Quantity requested for purchase, but not ordered.","Talep Edilen Miktar: Satın alma için talep edilen, ancak sipariş edilmemiş miktar.",
Requesting Site,Talep Edilen Site,
Requestor,Talep Eden,
Required By,İstenilen Tarih,
Required Date,İstenen tarih,
Required Items,Gerekli Ürünler,
Required On,Gerekli Tarih,
Required Qty,Gerekli Miktar,
Required Quantity,İhtiyaç Miktar,
Required Skills,Gerekli Beceriler,
Requirement,Gereksinim,
Requires Fulfilment,Yerine Getirilmesi Gerekenler,
Research,Araştırma,
Research & Development,Araştırma & Geliştirme,
"Reselect, if the chosen address is edited after save","Kaydettikten sonra seçilen adres düzenlenirse, yeniden seçin.",
"Reselect, if the chosen contact is edited after save","Seçilen kişi kaydettikten sonra düzenlenirse, yeniden seçin.",
Resend Payment Email,Ödeme E-postasını Yeniden Gönder,
Reservation Based On,Rezervasyona Göre,
Reserve,Rezerve Et,
Reserve Stock,Stok Rezervi,
Reserve Warehouse,Rezerv Deposu,
Reserved,Ayrılmış,
Reserved Qty,Ayrılan Miktar,
"Reserved Qty ({0}) cannot be a fraction. To allow this, disable '{1}' in UOM {3}.","Ayrılan Miktar ({0}) kesirli olamaz. Bunu sağlamak için, {3} Biriminde '{1}' özelliğini devre dışı bırakın.",
Reserved Qty for Production,Üretim İçin Ayrılan Miktar,
Reserved Qty for Production Plan,Üretim Planı İçin Ayrılan Miktar,
Reserved Qty for Production: Raw materials quantity to make manufacturing items.,Üretim İçin Ayrılan Miktar: Ürünleri üretmek için gereken hammadde miktarı.,
Reserved Qty for Subcontract,Alt Yüklenici İçin Ayrılan Miktar,
Reserved Qty for Subcontract: Raw materials quantity to make subcontracted items.,Alt Yüklenici İçin Ayrılan Miktar: Alt yükleniciye yapılan ürünler için gerekli hammadde miktarı.,
Reserved Qty should be greater than Delivered Qty.,"Ayrılan Miktar, Teslim Edilen Miktardan büyük olmalıdır.",
"Reserved Qty: Quantity ordered for sale, but not delivered.",Ayrılan Miktar: Satış için sipariş edilmiş ancak henüz teslim edilmemiş ürün miktarı.,
Reserved Quantity,Ayrılan Miktar,
Reserved Quantity for Production,Üretim İçin Ayrılan Miktar,
Reserved Serial No.,Ayrılmış Seri No.,
Reserved Stock,Ayrılmış Stok,
Reserved Stock for Batch,Parti için Ayrılmış Stok,
Reserved for POS Transactions,POS İşlemleri İçin Ayrılmıştır,
Reserved for Production,Üretim İçin Ayrılan,
Reserved for Production Plan,Üretim Planı İçin Ayrılan,
Reserved for Sub Contracting,Alt Yüklenici İçin Ayrılan,
Reserved for manufacturing,Üretim için Ayrılan,
Reserved for sale,Satış İçin Ayrılan,
Reserved for sub contracting,Alt yüklenicilik İçin Ayrılan,
Reserving Stock...,Stok Ayırılıyor...,
Reset,Sıfırla,
Reset Company Default Values,Şirket Varsayılan Değerlerini Sıfırla,
Reset Plaid Link,Plaid Bağlantısını Yenile,
Reset Raw Materials Table,Hammadde Tablosunu Sıfırla,
Reset Service Level Agreement,Servis Seviyesi Sözleşmesini Sıfırla,
Resetting Service Level Agreement.,Servis Seviyesi Sözleşmesini Sıfırlama.,
Resignation Letter Date,İstifa Tarihi,
Resolution,Çözüm,
Resolution By,Çözen,
Resolution Date,Çözüm Tarihi,
Resolution Details,Çözüm Detayları,
Resolution Due,Çözüm Tarihi,
Resolution Time,Çözüm Zamanı,
Resolutions,Çözümler,
Resolve,Çözüm,
Resolved,Çözümlendi,
Resolved By,Çözen,
Response By,Yanıtlayan,
Response Details,Yanıt Ayrıntıları,
Response Key List,Yanıt Anahtar Listesi,
Response Options,Yanıt Seçenekleri,
Response Result Key Path,Yanıt Sonuç Anahtar Yolu,
Response Time for {0} priority in row {1} can't be greater than Resolution Time.,"{1} satırındaki {0} önceliği için Yanıt Süresi, Çözüm Süresinden büyük olamaz.",
Response and Resolution,Yanıt ve Çözüm,
Responsible,Sorumlu,
Rest Of The World,Dünyanın Geri Kalanı,
Restart,Yeniden Başlat,
Restart Subscription,Aboneliği Yeniden Başlat,
Restore Asset,Varlığı Geri Yükle,
Restrict,Kısıtlama,
Restrict Items Based On,Ürünleri Şuna Göre Kısıtla,
Restrict to Countries,Ülkelere Kısıtla,
Result Key,Sonuç Anahtarı,
Result Preview Field,Sonuç Önizleme Alanı,
Result Route Field,Sonuç Rota Alanı,
Result Title Field,Sonuç Başlık Alanı,
Resume,Özgeçmiş,
Resume Job,İşi Devam Ettir,
Resume Timer,Zamanlayıcıya Devam Et,
Retain Sample,Numuneyi Sakla,
Retained Earnings,Birikmiş Kazançlar,
Retention Stock Entry,Stok Tutma Girişi,
Retention Stock Entry already created or Sample Quantity not provided,Saklama Stok Girişi zaten oluşturuldu veya Örnek Miktarı sağlanmadı,
Retried,Yeniden Denendi,
Retry,Yeniden Dene,
Retry Failed Transactions,Başarısız İşlemleri Tekrar Deneyin,
Return,İade,
Return / Credit Note,İade Faturası,
Return / Debit Note,İade Faturası,
Return Against,Karşılık Gelen Fatura,
Return Against Delivery Note,İrsaliye Karşılığında İade,
Return Against Purchase Invoice,Karşı Satınalma Fatura Dönüş,
Return Against Purchase Receipt,İrsaliye Karşılığında İade,
Return Against Subcontracting Receipt,Alt Yüklenici İade İrsaliyesi,
Return Components,Bileşenleri İade Et,
Return Issued,İade Edildi,
Return Qty,İade Miktarı,
Return Qty from Rejected Warehouse,Reddedilen Depodan İade Miktarı,
Return of Components,Bileşenlerin İadesi,
Returned,İade Edildi,
Returned Against,Gelen İade,
Returned Amount,İade Edilen Tutar,
Returned Qty,İade Miktarı,
Returned Qty ,İade edilen Miktar ,
Returned Qty in Stock UOM,Stok Biriminde İade Edilen Miktar,
Returned exchange rate is neither integer not float.,Geri dönen döviz kuru ne tam sayı ne de ondalıklı sayı.,
Returns,İadeler,
Revaluation Journals,Yeniden Değerleme Kayıtları,
Revaluation Surplus,Yeniden Değerleme Fazlası,
Revenue,Gelir,
Reversal Of,Ters Kayıt,
Reverse Journal Entry,Yevmyie Kaydını Geri Al,
Review,Gözden geçir,
Review Date,inceleme tarihi,
Reviews,Yorumlar,
Rgt,Sağ,
Right Child,Sağ Alt,
Right Index,Sağ Dizin,
Ringing,Çalıyor...,
Role Allowed to Create/Edit Back-dated Transactions,Eski Tarihli İşlemleri Oluşturma/Düzenleme İçin İzin Verilen Rol,
Role Allowed to Edit Frozen Stock,Dondurulmuş Stoku Düzenlemede İzin Verilen Rol,
Role Allowed to Over Bill ,Fazla Faturalandırmaya İzin Verilen Rol,
Role Allowed to Over Deliver/Receive,Rolün Fazla Teslim/Alma İzni Var,
Role Allowed to Override Stop Action,Durdurma Eylemini Geçersiz Kılma İzni Olan Rol,
Role Allowed to Set Frozen Accounts and Edit Frozen Entries,Dondurulmuş Hesapları Ayarlama ve Dondurulmuş Girişleri Düzenlemeye İzin Verilen Rol,
Role allowed to bypass Credit Limit,Kredi Limitini aşmasına izin verilen rol,
Root,Kök,
Root Company,Kök Şirket,
Root Type,Kök Türü,
"Root Type for {0} must be one of the Asset, Liability, Income, Expense and Equity","{0} için Kök Tipi Varlık, Borç, Gelir, Gider ve Özkaynaklardan biri olmalıdır",
Root Type is mandatory,Kök Türü zorunludur,
Root cannot be edited.,Kök düzenlenemez.,
Root cannot have a parent cost center,Kökün ana maliyet merkezi olamaz,
Round Free Qty,Bedelsiz Miktarı Yuvarla,
Round Off,Yuvarlama,
Round Off Account,Yuvarlama Hesabı,
Round Off Cost Center,Maliyet Merkezi Yuvarlama,
Round Off Tax Amount,Yuvarlama Vergi Tutarı,
Round Off for Opening,Açılış İçin Yuvarlama,
Round Tax Amount Row-wise,Yuvarlak Vergi Tutarı Satır Bazında,
Rounded Total,Yuvarlatılmış Toplam,
Rounded Total (Company Currency),Yuvarlanmış Toplam (Şirket Kuru),
Rounding Adjustment,Yuvarlama Düzeltmesi,
Rounding Adjustment (Company Currency,Yuvarlama Düzeltmesi,
Rounding Adjustment (Company Currency),Yuvarlama Düzeltmesi,
Rounding Loss Allowance,Yuvarlama Kaybı Karşılığı,
Rounding Loss Allowance should be between 0 and 1,Yuvarlama Kaybı Karşılığı 0 ile 1 arasında olmalıdır.,
Rounding gain/loss Entry for Stock Transfer,Stok Transferi için Yuvarlama Kazanç/Kayıp Girişi,
Route,Rota,
Routing,Rota,
Routing Name,Rota İsmi,
Row #,Satır #,
Row # {0}:,Satır # {0}:,
Row # {0}: Cannot return more than {1} for Item {2},Satır # {0}: Ürün {2} için {1} miktarından fazlası iade edilemez,
Row # {0}: Please add Serial and Batch Bundle for Item {1},Satır # {0}: Lütfen {1} ürünü için Seri ve Parti Paketi ekleyin,
Row # {0}: Rate cannot be greater than the rate used in {1} {2},Satır # {0}: {1} {2} alanında kullanılan orandan daha yüksek bir oran belirlenemez,
Row # {0}: Returned Item {1} does not exist in {2} {3},Satır # {0}: İade Edilen Ürün {1} {2} {3} içinde mevcut değil,
Row #{0} (Payment Table): Amount must be negative,Satır #{0} (Ödeme Tablosu): Tutar negatif olmalıdır,
Row #{0} (Payment Table): Amount must be positive,Satır #{0} (Ödeme Tablosu): Tutar pozitif olmalıdır,
Row #{0}: A reorder entry already exists for warehouse {1} with reorder type {2}.,Satır #{0}: {1} deposu için {2} yeniden sipariş türüyle zaten yeniden bir sipariş girişi mevcut.,
Row #{0}: Acceptance Criteria Formula is incorrect.,Satır #{0}: Kabul Kriteri Formülü hatalı.,
Row #{0}: Acceptance Criteria Formula is required.,Satır #{0}: Kabul Kriteri Formülü gereklidir.,
Row #{0}: Accepted Warehouse and Rejected Warehouse cannot be same,Satır #{0}: Kabul Deposu ve Red Deposu aynı olamaz,
Row #{0}: Accepted Warehouse is mandatory for the accepted Item {1},"Satır #{0}: Kabul Deposu, kabul edilen {1} Ürünü için zorunludur",
Row #{0}: Account {1} does not belong to company {2},"Sıra # {0}: Hesap {1}, şirkete {2} ait değil",
Row #{0}: Allocated Amount cannot be greater than Outstanding Amount of Payment Request {1},"Satır #{0}: Tahsis Edilen Tutar, Ödeme Talebi {1} için Kalan Tutarı aşamaz.",
Row #{0}: Allocated Amount cannot be greater than outstanding amount.,Satır #{0}: Tahsis Edilen Tutar ödenmemiş tutardan fazla olamaz.,
Row #{0}: Allocated amount:{1} is greater than outstanding amount:{2} for Payment Term {3},"Satır #{0}: {3} Ödeme Dönemi için Tahsis edilen tutar: {1}, ödenmemiş tutardan büyük: {2}",
Row #{0}: Amount must be a positive number,Satır #{0}: Tutar pozitif bir sayı olmalıdır,
Row #{0}: BOM is not specified for subcontracting item {0},Satır #{0}: {0} alt yüklenici kalemi için ürün ağacı belirtilmemiş,
Row #{0}: Batch No {1} is already selected.,Satır #{0}: Parti No {1} zaten seçili.,
Row #{0}: Cannot allocate more than {1} against payment term {2},Satır #{0}: Ödeme süresi {2} için {1} değerinden daha fazla tahsis edilemez,
Row #{0}: Cannot delete item {1} which has already been billed.,Satır #{0}: Zaten faturalandırılmış olan {1} kalemi silinemiyor.,
Row #{0}: Cannot delete item {1} which has already been delivered,Satır #{0}: Zaten teslim edilmiş olan {1} kalem silinemiyor,
Row #{0}: Cannot delete item {1} which has already been received,Satır #{0}: Daha önce alınmış olan {1} kalem silinemiyor,
Row #{0}: Cannot delete item {1} which has work order assigned to it.,Satır # {0}: İş emri atanmış {1} kalem silinemez.,
Row #{0}: Cannot delete item {1} which is assigned to customer's purchase order.,Satır #{0}: Müşterinin satın alma siparişine atanmış olan {1} kalem silinemiyor.,
Row #{0}: Cannot transfer more than Required Qty {1} for Item {2} against Job Card {3},Satır #{0}: İş Kartı {3} için {2} Ürünü için Gerekli Olan {1} Miktardan fazlasını aktaramazsınız.,
Row #{0}: Child Item should not be a Product Bundle. Please remove Item {1} and Save,Satır #{0}: Alt Öğe bir Ürün Paketi olmamalıdır. Lütfen {1} öğesini kaldırın ve kaydedin,
Row #{0}: Consumed Asset {1} cannot be Draft,Satır #{0}: Tüketilen Varlık {1} Taslak olamaz,
Row #{0}: Consumed Asset {1} cannot be cancelled,Satır #{0}: Tüketilen Varlık {1} iptal edilemez,
Row #{0}: Consumed Asset {1} cannot be the same as the Target Asset,Satır #{0}: Tüketilen Varlık {1} Hedef Varlık ile aynı olamaz,
Row #{0}: Consumed Asset {1} cannot be {2},"Satır #{0}: Tüketilen Varlık {1}, {2} olamaz.",
Row #{0}: Consumed Asset {1} does not belong to company {2},Satır #{0}: Tüketilen Varlık {1} {2} şirketine ait değil,
Row #{0}: Cost Center {1} does not belong to company {2},Satır #{0}: Maliyet Merkezi {1} {2} şirketine ait değil,
Row #{0}: Cumulative threshold cannot be less than Single Transaction threshold,"Satır #{0}: Kümülatif eşik, Tek İşlem eşiğinden az olamaz",
Row #{0}: Dates overlapping with other row,Satır #{0}: Diğer satırla çakışan tarihler var,
Row #{0}: Default BOM not found for FG Item {1},Satır #{0}: Bitmiş Ürün için varsayılan {1} Ürün Ağacı bulunamadı,
Row #{0}: Depreciation Start Date is required,Satır #{0}: Amortisman Başlangıç Tarihi gerekli,
Row #{0}: Duplicate entry in References {1} {2},Satır #{0}: Referanslarda yinelenen giriş {1} {2},
Row #{0}: Expected Delivery Date cannot be before Purchase Order Date,Satır #{0}: Beklenen Teslimat Tarihi Satın Alma Siparişi Tarihinden önce olamaz,
Row #{0}: Expense Account not set for the Item {1}. {2},Satır #{0}: Gider Hesabı {1} Öğesi için ayarlanmadı. {2},
Row #{0}: Finished Good Item Qty can not be zero,Satır #{0}: Bitmiş Ürün Miktarı sıfır olamaz.,
Row #{0}: Finished Good Item is not specified for service item {1},Satır #{0}: Hizmet ürünü {1} için Bitmiş Ürün belirtilmemiş.,
Row #{0}: Finished Good Item {1} must be a sub-contracted item,Satır #{0}: Bitmiş Ürün {1} bir alt yüklenici ürünü olmalıdır,
Row #{0}: Finished Good must be {1},Satır #{0}: Bitmiş Ürün {1} olmalıdır,
Row #{0}: Finished Good reference is mandatory for Scrap Item {1}.,Satır #{0}: Hurda Ürün {1} için Bitmiş Ürün referansı zorunludur.,
"Row #{0}: For {1}, you can select reference document only if account gets credited","Satır #{0}: {1} için, yalnızca hesap alacaklandırılırsa referans belgesini seçebilirsiniz",
"Row #{0}: For {1}, you can select reference document only if account gets debited","Satır #{0}: {1} için, yalnızca hesap alacaklandırılırsa referans belgesini seçebilirsiniz",
Row #{0}: From Date cannot be before To Date,Satır #{0}: Başlangıç Tarihi Bitiş Tarihinden önce olamaz,
Row #{0}: Item added,Satır # {0}: Ürün eklendi,
Row #{0}: Item {1} does not exist,Satır #{0}: {1} öğesi mevcut değil,
"Row #{0}: Item {1} has been picked, please reserve stock from the Pick List.","Satır #{0}: Ürün {1} toplandı, lütfen Toplama Listesinden stok ayırın.",
Row #{0}: Item {1} is not a Serialized/Batched Item. It cannot have a Serial No/Batch No against it.,"Satır #{0}: Ürün {1}, Serili/Partili bir ürün değil. Seri No/Parti No’su atanamaz.",
Row #{0}: Item {1} is not a service item,Satır #{0}: {1} öğesi bir hizmet kalemi değildir,
Row #{0}: Item {1} is not a stock item,Satır #{0}: {1} bir stok kalemi değildir,
Row #{0}: Journal Entry {1} does not have account {2} or already matched against another voucher,"Satır #{0}: Defter Girişi {1} için , {2} hesabı mevcut değil veya zaten başka bir giriş ile eşleştirilmiş.",
Row #{0}: Not allowed to change Supplier as Purchase Order already exists,Satır #{0}: Satın Alma Emri zaten mevcut olduğundan Tedarikçiyi değiştirmenize izin verilmiyor,
Row #{0}: Only {1} available to reserve for the Item {2},Satır #{0}: Yalnızca {1} Öğesi {2} için rezerve edilebilir,
Row #{0}: Operation {1} is not completed for {2} qty of finished goods in Work Order {3}. Please update operation status via Job Card {4}.,Satır #{0}: {1} Operasyonu {3} İş Emrindeki {2} adet için tamamlanamadı. Lütfen önce {4} İş Kartındaki operasyon durumunu güncelleyin.,
Row #{0}: Please select Item Code in Assembly Items,Satır #{0}: Lütfen Montaj Öğelerinde Ürün Kodunu seçin,
Row #{0}: Please select the BOM No in Assembly Items,Satır #{0}: Lütfen Montaj Kalemleri için Ürün Ağacı No'yu seçin,
Row #{0}: Please select the Sub Assembly Warehouse,Satır #{0}: Lütfen Alt Montaj Deposunu seçin,
Row #{0}: Please set reorder quantity,Satır #{0}: Lütfen yeniden sipariş miktarını ayarlayın,
Row #{0}: Please update deferred revenue/expense account in item row or default account in company master,Satır #{0}: Lütfen kalem satırındaki ertelenmiş gelir/gider hesabını veya şirket ana sayfasındaki varsayılan hesabı güncelleyin,
Row #{0}: Qty increased by {1},Satır #{0}: Miktar {1} oranında artırıldı,
Row #{0}: Qty must be a positive number,Satır #{0}: Miktar pozitif bir sayı olmalıdır,
Row #{0}: Qty should be less than or equal to Available Qty to Reserve (Actual Qty - Reserved Qty) {1} for Iem {2} against Batch {3} in Warehouse {4}.,"Satır #{0}: Miktar, {4} deposunda {3} Partisi için {2} ürününe karşı Rezerve Edilebilir Miktar'dan (Gerçek Miktar - Rezerve Edilen Miktar) {1} küçük veya eşit olmalıdır.",
Row #{0}: Quality Inspection is required for Item {1},Satır #{0}: {1} ürünü için Kalite Kontrol gereklidir,
Row #{0}: Quality Inspection {1} is not submitted for the item: {2},Satır #{0}: {1} Kalite Kontrol {2} Ürünü için gönderilmemiş,
Row #{0}: Quality Inspection {1} was rejected for item {2},Satır #{0}: {1} Kalite Kontrolü {2} Ürünü için reddedildi,
Row #{0}: Quantity for Item {1} cannot be zero.,Satır #{0}: {1} kalemi için miktar sıfır olamaz.,
Row #{0}: Quantity to reserve for the Item {1} should be greater than 0.,Satır #{0}: {1} Kalemi için rezerve edilecek miktar 0'dan büyük olmalıdır.,
Row #{0}: Rate must be same as {1}: {2} ({3} / {4}),Satır #{0}: {1} işlemindeki fiyat ile aynı olmalıdır: {2} ({3} / {4}),
"Row #{0}: Reference Document Type must be one of Purchase Order, Purchase Invoice or Journal Entry","Satır #{0}: Referans Belge Türü Satın Alma Emri, Satın Alma Faturası veya Defter Girişi'nden biri olmalıdır",
"Row #{0}: Reference Document Type must be one of Sales Order, Sales Invoice, Journal Entry or Dunning","Satır #{0}: Referans Belge Türü, Satış Siparişi, Satış Faturası, Yevmiye Kaydı veya Takip Uyarısı’ndan biri olmalıdır",
Row #{0}: Rejected Qty cannot be set for Scrap Item {1}.,Satır #{0}: Hurda Ürün {1} için Reddedilen Miktar ayarlanamaz.,
Row #{0}: Rejected Warehouse is mandatory for the rejected Item {1},"Satır #{0}: Red Deposu, reddedilen {1} Ürünü için zorunludur.",
Row #{0}: Scrap Item Qty cannot be zero,Satır #{0}: Hurda Ürün Miktarı sıfır olamaz,
"Row #{0}: Selling rate for item {1} is lower than its {2}.
					Selling {3} should be atleast {4}.<br><br>Alternatively,
					you can disable selling price validation in {5} to bypass
					this validation.","Satır #{0}: {1} öğesi için satış oranı {2} değerinden daha düşük.
					Satış {3} en az {4} olmalıdır.<br><br>Alternatif olarak,
					bu doğrulamayı
					atlamak için {5} içinde satış fiyatı doğrulamasını devre dışı bırakabilirsiniz.",
Row #{0}: Serial No {1} does not belong to Batch {2},"Satır #{0}: Seri No {1} , Parti {2}'ye ait değil",
Row #{0}: Serial No {1} for Item {2} is not available in {3} {4} or might be reserved in another {5}.,"Satır #{0}: {2} ürünü için Seri No {1}, {3} {4} için mevcut değil veya başka bir {5} içinde rezerve edilmiş olabilir.",
Row #{0}: Serial No {1} is already selected.,Satır #{0}: Seri No {1} zaten seçilidir.,
Row #{0}: Service End Date cannot be before Invoice Posting Date,Satır #{0}: Hizmet Bitiş Tarihi Fatura Kayıt Tarihinden önce olamaz,
Row #{0}: Service Start Date cannot be greater than Service End Date,"Satır #{0}: Hizmet Başlangıç Tarihi, Hizmet Bitiş Tarihinden büyük olamaz",
Row #{0}: Service Start and End Date is required for deferred accounting,Satır #{0}: Ertelenmiş muhasebe için Hizmet Başlangıç ve Bitiş Tarihi gereklidir,
Row #{0}: Set Supplier for item {1},Satır #{0}: {1} kalemi için Tedarikçiyi Ayarla,
Row #{0}: Start Time and End Time are required,Satır #{0}: Başlangıç Saati ve Bitiş Saati gereklidir,
Row #{0}: Start Time must be before End Time,Satır #{0}: Başlangıç Zamanı Bitiş Zamanından önce olmalıdır,
Row #{0}: Status is mandatory,Satır #{0}: Durum zorunludur,
Row #{0}: Status must be {1} for Invoice Discounting {2},Satır # {0}: Fatura İndirimi {2} için durum {1} olmalı,
Row #{0}: Stock cannot be reserved for Item {1} against a disabled Batch {2}.,"Satır #{0}: Stok, devre dışı bırakılmış bir Parti {2} karşılığında {1} Kalemi için ayrılamaz.",
Row #{0}: Stock cannot be reserved for a non-stock Item {1},"Satır #{0}: Stok, stokta olmayan bir Ürün için rezerve edilemez {1}",
Row #{0}: Stock cannot be reserved in group warehouse {1}.,"Satır #{0}: {1} deposu bir Grup Deposu olduğundan, stok rezerve edilemez.",
Row #{0}: Stock is already reserved for the Item {1}.,Satır #{0}: Stok zaten {1} kalemi için ayrılmıştır.,
Row #{0}: Stock is reserved for item {1} in warehouse {2}.,"Satır #{0}: Stok, {2} Deposunda bulunan {1} Ürünü için ayrılmıştır.",
Row #{0}: Stock not available to reserve for Item {1} against Batch {2} in Warehouse {3}.,"Satır #{0}: {3} Deposunda, {2} Partisi için {1} ürününe ayrılacak stok bulunmamaktadır.",
Row #{0}: Stock not available to reserve for the Item {1} in Warehouse {2}.,Satır #{0}: {2} Deposundaki {1} Ürünü için rezerve edilecek stok mevcut değil.,
Row #{0}: The batch {1} has already expired.,Satır #{0}: {1} grubu zaten sona erdi.,
Row #{0}: The warehouse {1} is not a child warehouse of a group warehouse {2},"Satır #{0}: {1} deposu, {2} grup deposunun alt deposu değildir.",
Row #{0}: Timings conflicts with row {1},Satır #{0}: Zamanlamalar {1} satırı ile çakışıyor,
Row #{0}: Total Number of Depreciations cannot be less than or equal to Opening Number of Booked Depreciations,"Satır #{0}: Toplam Amortisman Sayısı, Kayıtlı Amortismanların Açılış Sayısından az veya eşit olamaz",
Row #{0}: You cannot use the inventory dimension '{1}' in Stock Reconciliation to modify the quantity or valuation rate. Stock reconciliation with inventory dimensions is intended solely for performing opening entries.,Satır #{0}: Envanter boyutu ‘{1}’ Stok Sayımı miktarı veya değerleme oranını değiştirmek için kullanılamaz. Envanter boyutlarıyla yapılan stok doğrulaması yalnızca açılış kayıtları için kullanılmalıdır.,
Row #{0}: You must select an Asset for Item {1}.,Satır #{0}: {1} Öğesi için bir Varlık seçmelisiniz.,
Row #{0}: {1} can not be negative for item {2},Satır #{0}: {1} kalemi {2} için negatif olamaz,
Row #{0}: {1} is not a valid reading field. Please refer to the field description.,Satır #{0}: {1} geçerli bir okuma alanı değil. Lütfen alan açıklamasına bakın.,
Row #{0}: {1} is required to create the Opening {2} Invoices,Açılış {2} Faturalarını oluşturmak için #{0}: {1} satırı gereklidir,
Row #{0}: {1} of {2} should be {3}. Please update the {1} or select a different account.,Satır #{0}: {1}/{2} değeri {3} olmalıdır. Lütfen {1} alanını güncelleyin veya farklı bir hesap seçin.,
Row #{1}: Warehouse is mandatory for stock Item {0},Satır #{1}: {0} Stok Ürünü için Depo zorunludur,
Row #{idx}: Cannot select Supplier Warehouse while suppling raw materials to subcontractor.,Satır #{idx}: Alt yükleniciye hammadde tedarik ederken Tedarikçi Deposu seçilemez.,
Row #{idx}: Item rate has been updated as per valuation rate since its an internal stock transfer.,"Satır #{idx}: Ürün oranı, dahili bir stok transferi olduğu için değerleme oranına göre güncellenmiştir.",
Row #{idx}: Received Qty must be equal to Accepted + Rejected Qty for Item {item_code}.,"Satır #{idx}: Alınan Miktar, {item_code} Kalemi için Kabul Edilen + Reddedilen Miktara eşit olmalıdır.",
Row #{idx}: {field_label} can not be negative for item {item_code}.,Satır #{idx}: {field_label} kalemi {item_code} için negatif olamaz.,
Row #{}: Currency of {} - {} doesn't matches company currency.,Satır #{}: {} - {} para birimi şirket para birimiyle eşleşmiyor.,
Row #{}: Finance Book should not be empty since you're using multiple.,Satır #{}: Birden fazla kullandığınız için Finans Defteri boş olmamalıdır.,
Row #{}: Item Code: {} is not available under warehouse {}.,"Satır #{}: Ürün Kodu: {}, {} deposunda mevcut değil.",
Row #{}: POS Invoice {} has been {},Satır # {}: POS Faturası {} {},
Row #{}: POS Invoice {} is not against customer {},Satır #{}: POS Faturası {} müşteriye ait değil {},
Row #{}: POS Invoice {} is not submitted yet,Satır #{}: POS Faturası {} henüz gönderilmedi,
Row #{}: Please assign task to a member.,Satır #{}: Lütfen bir üyeye görev atayın.,
Row #{}: Please use a different Finance Book.,Satır #{}: Lütfen farklı bir Finans Defteri kullanın.,
Row #{}: Serial No {} cannot be returned since it was not transacted in original invoice {},"Satır #{}: Seri No {}, orijinal faturada işlem görmediği için iade edilemez {}",
Row #{}: Stock quantity not enough for Item Code: {} under warehouse {}. Available quantity {}.,Satır #{}: {} deposu altındaki Ürün Kodu: {} için stok miktarı yeterli değil. Mevcut miktar {}.,
Row #{}: The original Invoice {} of return invoice {} is not consolidated.,Satır #{}: İade faturasının {} orijinal Faturası {} birleştirilmemiştir.,
Row #{}: You cannot add positive quantities in a return invoice. Please remove item {} to complete the return.,Satır #{}: Bir iade faturasına pozitif miktarlar ekleyemezsiniz. İadeyi tamamlamak için lütfen {} öğesini kaldırın.,
Row #{}: item {} has been picked already.,Satır #{}: {} öğesi zaten seçildi.,
Row #{}: {},Satır #{}: {},
Row #{}: {} {} does not exist.,Satır #{}: {} {} mevcut değil.,
Row #{}: {} {} doesn't belong to Company {}. Please select valid {}.,"Satır #{}: {} {}, {} Şirketine ait değil. Lütfen geçerli {} seçin.",
Row No {0}: Warehouse is required. Please set a Default Warehouse for Item {1} and Company {2},Satır No {0}: Depo gereklidir. Lütfen {1} ürünü ve {2} Şirketi için Varsayılan Depoyu ayarlayın.,
Row Number,Satır Numarası,
Row {0},Satır {0},
Row {0} : Operation is required against the raw material item {1},Satır {0} : Hammadde öğesine karşı işlem gerekiyor {1},
"Row {0} picked quantity is less than the required quantity, additional {1} {2} required.","Satır {0}: Seçilen miktar gereken miktardan daha az, ek olarak {1} {2} gerekli.",
Row {0}# Item {1} cannot be transferred more than {2} against {3} {4},"Satır {0}#: Ürün {1}, {3} {4} kapsamında {2} değerinden fazla aktarılamaz.",
Row {0}# Item {1} not found in 'Raw Materials Supplied' table in {2} {3},"Satır {0}#: Ürün {1}, {2} {3} içindeki ‘Tedarik Edilen Ham Maddeler’ tablosunda bulunamadı.",
Row {0}: Accepted Qty and Rejected Qty can't be zero at the same time.,Satır {0}: Kabul Edilen Miktar ve Reddedilen Miktar aynı anda sıfır olamaz.,
Row {0}: Account {1} and Party Type {2} have different account types,Satır {0}: Hesap {1} ve Cari Türü {2} farklı hesap türlerine sahiptir,
Row {0}: Activity Type is mandatory.,Satır {0}: Aktivite Türü zorunludur.,
Row {0}: Advance against Customer must be credit,"Satır {0}: Müşteriye Verilen Avans, borç olmalıdır.",
Row {0}: Advance against Supplier must be debit,Satır {0}: Tedarikçiye karşı avans borçlandırılmalıdır,
Row {0}: Allocated amount {1} must be less than or equal to invoice outstanding amount {2},"Satır {0}: Tahsis edilen tutar {1}, fatura kalan tutarı {2}’den az veya ona eşit olmalıdır",
Row {0}: Allocated amount {1} must be less than or equal to remaining payment amount {2},"Satır {0}: Tahsis edilen tutar {1}, kalan ödeme tutarı {2} değerinden az veya ona eşit olmalıdır.",
"Row {0}: As {1} is enabled, raw materials cannot be added to {2} entry. Use {3} entry to consume raw materials.","Satır {0}: {1} etkin olduğu için, ham maddeler {2} girişine eklenemez. Ham maddeleri tüketmek için {3} girişini kullanın.",
Row {0}: Bill of Materials not found for the Item {1},Satır {0}: {1} Ürünü için Ürün Ağacı bulunamadı,
Row {0}: Both Debit and Credit values cannot be zero,Satır {0}: Hem Borç hem de Alacak değerleri sıfır olamaz,
Row {0}: Conversion Factor is mandatory,Satır {0}: Dönüşüm Faktörü zorunludur,
Row {0}: Cost Center {1} does not belong to Company {2},Satır {0}: Maliyet Merkezi {1} {2} şirketine ait değil,
Row {0}: Cost center is required for an item {1},Satır {0}: Bir Ürün için maliyet merkezi gereklidir {1},
Row {0}: Credit entry can not be linked with a {1},Satır {0}: Alacak kaydı {1} ile ilişkilendirilemez,
Row {0}: Currency of the BOM #{1} should be equal to the selected currency {2},"Satır {0}: Ürün Ağacı #{1} para birimi, seçilen para birimi {2} ile aynı olmalıdır",
Row {0}: Debit entry can not be linked with a {1},Satır {0}: Borç girişi {1} ile ilişkilendirilemez,
Row {0}: Delivery Warehouse ({1}) and Customer Warehouse ({2}) can not be same,Satır {0}: Teslimat Deposu ({1}) ve Müşteri Deposu ({2}) aynı olamaz,
Row {0}: Due Date in the Payment Terms table cannot be before Posting Date,"Satır {0}: Ödeme Koşulları tablosundaki Son Tarih, Gönderim Tarihinden önce olamaz",
Row {0}: Either Delivery Note Item or Packed Item reference is mandatory.,Satır {0}: Ya İrsaliye Kalemi ya da Paketlenmiş Kalem referansı zorunludur.,
Row {0}: Exchange Rate is mandatory,Satır {0}: Döviz Kuru zorunludur,
Row {0}: Expected Value After Useful Life must be less than Gross Purchase Amount,"Satır {0}: Faydalı Ömürden Sonra Beklenen Değer, Brüt Satın Alma Tutarından az olmalıdır",
Row {0}: Expense Head changed to {1} as no Purchase Receipt is created against Item {2}.,Satır {0}: Ürün {2} için Satın Alma İrsaliyesi oluşturulmadığından Gider Başlığı {1} olarak değiştirildi,
Row {0}: Expense Head changed to {1} because account {2} is not linked to warehouse {3} or it is not the default inventory account,"Satır {0}: {2} hesabı {3} deposu ile bağlantılı değil veya varsayılan stok hesabı değil, bu yüzden Gider Hesabı {1} olarak değiştirildi.",
Row {0}: Expense Head changed to {1} because expense is booked against this account in Purchase Receipt {2},Satır {0}: Gider Başlığı {1} olarak değiştirildi çünkü bu hesaba Satın Alma İrsaliyesi {2} kapsamında gider kaydedildi,
"Row {0}: For Supplier {1}, Email Address is Required to send an email","Satır {0}: Tedarikçi {1} için, e-posta göndermek için E-posta Adresi Gereklidir",
Row {0}: From Time and To Time is mandatory.,Satır {0}: Başlangıç Saati ve Bitiş Saati zorunludur.,
Row {0}: From Time and To Time of {1} is overlapping with {2},Satır {0}: {1} için Başlangıç ve Bitiş Saatleri {2} ile çakışıyor,
Row {0}: From Warehouse is mandatory for internal transfers,Satır {0}: İç transferler için Gönderen Depo zorunludur.,
Row {0}: From time must be less than to time,Satır {0}: Başlangıç zamanı bitiş zamanından küçük olmalıdır,
Row {0}: Hours value must be greater than zero.,Satır {0}: Saat değeri sıfırdan büyük olmalıdır.,
Row {0}: Invalid reference {1},Satır {0}: Geçersiz referans {1},
Row {0}: Item Tax template updated as per validity and rate applied,Satır {0}: Ürün Vergi şablonu geçerliliğe ve uygulanan orana göre güncellendi,
Row {0}: Item rate has been updated as per valuation rate since its an internal stock transfer,"Satır {0}: Ürün oranı, dahili bir stok transferi olduğu için değerleme oranına göre güncellenmiştir",
Row {0}: Item {1} must be a stock item.,Satır {0}: {1} öğesi bir Stok Ürünü olmalıdır.,
Row {0}: Item {1} must be a subcontracted item.,Satır {0}: Ürün {1} bir alt yüklenici kalemi olmalıdır.,
Row {0}: Item {1}'s quantity cannot be higher than the available quantity.,Satır {0}: Öğe {1} miktarı mevcut miktardan daha fazla olamaz.,
Row {0}: Packed Qty must be equal to {1} Qty.,Satır {0}: Paketlenen Miktar {1} Miktarına eşit olmalıdır.,
Row {0}: Packing Slip is already created for Item {1}.,Satır {0}: {1} Kalemi için Paketleme Fişi zaten oluşturulmuştur.,
Row {0}: Party / Account does not match with {1} / {2} in {3} {4},Satır {0}: Parti / Hesap {3} {4} içindeki {1} / {2} ile eşleşmiyor,
Row {0}: Party Type and Party is required for Receivable / Payable account {1},Satır {0}: Alacak / Borç hesabı {1} için Cari Türü ve Cari bilgisi gereklidir,
Row {0}: Payment Term is mandatory,Satır {0}: Ödeme Vadesi zorunludur,
Row {0}: Payment against Sales/Purchase Order should always be marked as advance,Satır {0}: Satış/Alış Siparişine karşı yapılan ödeme her zaman avans olarak işaretlenmelidir,
Row {0}: Please check 'Is Advance' against Account {1} if this is an advance entry.,"Satır {0}: Eğer bu bir avans kaydı ise, Hesap {1} için ‘Avans’ seçeneğini işaretleyin.",
Row {0}: Please provide a valid Delivery Note Item or Packed Item reference.,Satır {0}: Lütfen geçerli bir İrsaliye Kalemi veya Paketlenmiş Ürün referansı sağlayın.,
Row {0}: Please select a BOM for Item {1}.,Satır {0}: Lütfen {1} Ürünü için bir Ürün Ağacı seçin.,
Row {0}: Please select an active BOM for Item {1}.,Satır {0}: Lütfen {1} Ürünü için bir Aktif Ürün Ağacı seçin.,
Row {0}: Please select an valid BOM for Item {1}.,Satır {0}: Lütfen {1} Ürünü için bir Aktif Ürün Ağacı seçin.,
Row {0}: Please set at Tax Exemption Reason in Sales Taxes and Charges,Satır {0}: Lütfen Satış Vergileri ve Ücretleri bölümündeki Vergi Muafiyet Sebebi kısmından ayarlayın,
Row {0}: Please set the Mode of Payment in Payment Schedule,Satır {0}: Lütfen Ödeme Planında Ödeme Şeklini ayarlayın,
Row {0}: Please set the correct code on Mode of Payment {1},Satır {0}: Lütfen Ödeme Şekli {1} adresinde doğru kodu ayarlayın,
Row {0}: Project must be same as the one set in the Timesheet: {1}.,"Satır {0}: Proje, Zaman Çizelgesi'nde ayarlanan proje ile aynı olmalıdır: {1}.",
Row {0}: Purchase Invoice {1} has no stock impact.,Satır {0}: {1} Alış Faturasının stok etkisi yoktur.,
Row {0}: Qty cannot be greater than {1} for the Item {2}.,"Satır {0}: Miktar, {2} Kalemi için {1} değerinden büyük olamaz.",
Row {0}: Qty in Stock UOM can not be zero.,Satır {0}: Stoktaki Miktar Ölçü Birimi sıfır olamaz.,
Row {0}: Qty must be greater than 0.,Satır {0}: Miktar Sıfırdan büyük olmalıdır.,
Row {0}: Quantity cannot be negative.,Satır {0}: Miktar negatif olamaz.,
Row {0}: Quantity not available for {4} in warehouse {1} at posting time of the entry ({2} {3}),Satır {0}: Girişin kayıt zamanında ({2} {3}) depo {1} için {4} miktarı mevcut değil,
Row {0}: Shift cannot be changed since the depreciation has already been processed,Satır {0}: Amortisman zaten işlenmiş olduğundan vardiya değiştirilemez,
Row {0}: Subcontracted Item is mandatory for the raw material {1},Satır {0}: Hammadde {1} için alt yüklenici kalemi zorunludur,
Row {0}: Target Warehouse is mandatory for internal transfers,Satır {0}: İç transferler için Hedef Depo zorunludur.,
Row {0}: Task {1} does not belong to Project {2},"Satır {0}: Görev {1}, {2} Projesine ait değil",
"Row {0}: The item {1}, quantity must be positive number",Satır {0}: Ürün {1} için miktar pozitif sayı olmalıdır,
Row {0}: The {3} Account {1} does not belong to the company {2},Satır {0}: {3} Hesabı {1} {2} şirketine ait değildir,
"Row {0}: To set {1} periodicity, difference between from and to date must be greater than or equal to {2}",Satır {0}: {1} periyodunu ayarlamak için başlangıç ve bitiş tarihleri arasındaki fark {2} değerinden büyük veya eşit olmalıdır.,
Row {0}: UOM Conversion Factor is mandatory,Satır {0}: Ölçü Birimi Dönüşüm Faktörü zorunludur,
Row {0}: Workstation or Workstation Type is mandatory for an operation {1},Satır {0}: Bir Operasyon için İş İstasyonu veya İş İstasyonu Türü zorunludur {1},
Row {0}: user has not applied the rule {1} on the item {2},Satır {0}: kullanıcı {2} öğesinde {1} kuralını uygulamadı,
Row {0}: {1} account already applied for Accounting Dimension {2},Satır {0}: {1} hesabı zaten Muhasebe Boyutu {2} için başvurdu,
Row {0}: {1} must be greater than 0,Satır {0}: {1} 0'dan büyük olmalıdır,
Row {0}: {1} {2} cannot be same as {3} (Party Account) {4},"Satır {0}: {1} {2} , {3} (Cari Hesabı) {4} ile aynı olamaz",
Row {0}: {1} {2} does not match with {3},Satır {0}: {1} {2} {3} ile eşleşmiyor,
Row {0}: {2} Item {1} does not exist in {2} {3},Satır {0}: {2} Öğe {1} {2} {3} içinde mevcut değil,
"Row {1}: Quantity ({0}) cannot be a fraction. To allow this, disable '{2}' in UOM {3}.","Satır {1}: Miktar ({0}) kesirli olamaz. Bunu etkinleştirmek için, {3} Ölçü Biriminde ‘{2}’ seçeneğini devre dışı bırakın.",
Row({0}): Outstanding Amount cannot be greater than actual Outstanding Amount {1} in {2},"Satır ({0}): Ödenmemiş Tutar, {2} içindeki gerçek Ödenmemiş Tutar {1} olan değerden büyük olamaz",
Row({0}): {1} is already discounted in {2},"Satır ({0}): {1}, {2} için zaten indirimli",
Rows Added in {0},{0} İçinde Eklenen Satırlar,
Rows Removed in {0},{0} İçinde Silinen Satırlar,
Rows with Same Account heads will be merged on Ledger,"Aynı Hesap Başlığına sahip satırlar, Muhasebe Defterinde birleştirilecektir.",
Rows with duplicate due dates in other rows were found: {0},Diğer satırlardaki yinelenen teslim dosyalarına sahip satırlar bulundu: {0},
Rows: {0} have 'Payment Entry' as reference_type. This should not be set manually.,Satırlar: {0} referans_türü olarak 'Ödeme Girişi'ne sahiptir. Bu manuel olarak ayarlanmamalıdır.,
Rows: {0} in {1} section are Invalid. Reference Name should point to a valid Payment Entry or Journal Entry.,Satırlar: {0} {1} bölümünde Geçersiz. Referans Adı geçerli bir Ödeme Kaydına veya Yevmiye Kaydına işaret etmelidir.,
Rule Applied,Yürüten Kural,
Rule Description,Kural Açıklaması,
Run parallel job cards in a workstation,Bir iş istasyonunda aynı anda yürütülecek iş kartı sayısı,
Running,Çalışıyor,
S.O. No.,Sipariş No,
SCO Supplied Item,Alt Yüklenici Tarafından Tedarik Edilen Ürün,
SLA Fulfilled On,SLA'nın Gerçekleştiği Tarih,
SLA Fulfilled On Status,SLA Gerçekleştirildi Durumu,
SLA Paused On,SLA Duraklatıldığı Tarih,
SLA is on hold since {0},SLA {0} tarihinden beri beklemede,
SLA will be applied if {1} is set as {2}{3},"{1} , {2}{3} olarak ayarlanırsa SLA uygulanacaktır.",
SLA will be applied on every {0},SLA her {0} adresinde uygulanacaktır.,
SMS Center,SMS Merkezi,
SO Qty,Siparişi Miktarı,
SO Total Qty,Sipariş Toplam Miktar,
STATEMENT OF ACCOUNTS,HESAP TABLOSU,
SWIFT Number,SWIFT Numarası,
SWIFT number,SWIFT Numarası,
Safety Stock,Güvenli Stok,
Salary,Maaş,
Salary Currency,Maaş Para Birimi,
Salary Mode,Maaş Ödemesi,
Salary Slip,Maaş Bordrosu,
Sales,Satış,
Sales Account,Satış Hesabı,
Sales Analytics,Satış Analizi,
Sales Contributions and Incentives,Satış Katkıları ve Teşvikler,
Sales Defaults,Satış Ayarları,
Sales Expenses,Satış Giderleri,
Sales Funnel,Satış Hunisi,
Sales Incoming Rate,Satış Gelen Oranı,
Sales Invoice,Satış Faturası,
Sales Invoice Advance,Satış Faturası Peşinatı,
Sales Invoice Item,Satış Faturası Ürünü,
Sales Invoice No,Satış Fatura No,
Sales Invoice Payment,Satış Faturası Ödemesi,
Sales Invoice Reference,Satış Faturası Referansı,
Sales Invoice Timesheet,Satış Faturası Zaman Çizelgesi,
Sales Invoice Transactions,Satış Fatura İşlemleri,
Sales Invoice Trends,Satış Faturası Trendleri,
Sales Invoice does not have Payments,Satış Faturasında Ödemeler Yok,
Sales Invoice is not submitted,Satış Faturası gönderilmedi,
Sales Invoice isn't created by user {},Satış Faturası {} kullanıcısı tarafından oluşturulmadı,
Sales Invoice {0} has already been submitted,Satış Faturası {0} zaten kaydedildi,
Sales Invoice {0} must be deleted before cancelling this Sales Order,Bu Satış Siparişini iptal etmeden önce Satış Faturası {0} iptal edilmeli veya silinmelidir,
Sales Manager,Satış Yöneticisi,
Sales Master Manager,Satış Kayıtları Yöneticisi,
Sales Monthly History,Satış Aylık Geçmişi,
Sales Opportunities by Campaign,Kampanyaya Göre Satış Fırsatları,
Sales Opportunities by Medium,Medium Kaynağından Gelen Satış Fırsatları,
Sales Opportunities by Source,Kaynağa Göre Satış Fırsatları,
Sales Order,Satış Siparişi,
Sales Order Analysis,Satış Siparişi Analizi,
Sales Order Date,Satış Siparişi Tarihi,
Sales Order Item,Satış Siparişi Ürünü,
Sales Order Packed Item,Satış Siparişi Paketlenmiş Ürün,
Sales Order Reference,Satış Siparişi Referansı,
Sales Order Status,Satış Siparişi Durumu,
Sales Order Trends,Satış Trendleri,
Sales Order required for Item {0},Ürün için Satış Siparişi gerekli {0},
"Sales Order {0} already exists against Customer's Purchase Order {1}. To allow multiple Sales Orders, Enable {2} in {3}",Satış Siparişi {0} Müşterinin Satın Alma Siparişi {1} ile zaten mevcut. Birden fazla Satış Siparişine izin vermek için {2} adresini {3} adresinde etkinleştirin,
Sales Order {0} is not submitted,Satış Siparişi {0} kaydedilmedi,
Sales Order {0} is not valid,Satış Sipariş {0} geçerli değildir,
Sales Order {0} is {1},Satış Sipariş {0} {1},
Sales Orders,Satış Siparişleri,
Sales Orders Required,Satış Siparişleri Gerekli,
Sales Orders to Bill,Faturalandırılacak Satış Siparişleri,
Sales Orders to Deliver,Teslim Edilecek Satış Siparişleri,
Sales Partner,Satış Partneri,
Sales Partner ,Satış Partneri ,
Sales Partner Commission Summary,Satış Ortağı Komisyon Özeti,
Sales Partner Item,Satış Siparişi Ürünü,
Sales Partner Name,Satış Ortağı Adı,
Sales Partner Target,Satış Ortağı Hedefi,
Sales Partner Target Variance based on Item Group,Ürün Grubuna göre Satış Ortağı Hedef Varyansı,
Sales Partner Transaction Summary,Satış Ortağı İşlem Özeti,
Sales Partner Type,Satış Ortağı Türü,
Sales Partners Commission,Satış Ortakları Komisyonu,
Sales Payment Summary,Satış Ödeme Özeti,
Sales Person,Satış Personeli,
Sales Person <b>{0}</b> is disabled.,Satış Personeli <b>{0}</b> devre dışı bırakıldı.,
Sales Person Commission Summary,Satış Personeli Komisyonu Özeti,
Sales Person Name,Satış Personeli Adı,
Sales Person Target Variance Based On Item Group,Ürün Grubuna göre Satış Elemanı Hedef Sapması,
Sales Person Targets,Satış Personeli Hedefleri,
Sales Person-wise Transaction Summary,Satış Personeli İşlem Özeti,
Sales Pipeline,Satış Hattı,
Sales Pipeline Analytics,Satış Hattı Analitiği,
Sales Pipeline by Stage,Aşamaya Göre Satış Süreci,
Sales Price List,Satış Fiyat Listesi,
Sales Register,Satış Kaydı,
Sales Return,Satış İadesi,
Sales Stage,Satış Aşaması,
Sales Summary,Satış Özeti,
Sales Tax Template,Satış Vergisi Şablonu,
Sales Taxes and Charges,Satış Vergisi,
Sales Taxes and Charges Template,Satış Vergisi Şablonu,
Sales Team,Satış Ekibi,
Sales Update Frequency in Company and Project,Şirket ve Projede Satış Güncelleme Sıklığı,
Sales User,Satış Kullanıcısı,
Sales Value,Satış Değeri,
Sales and Returns,Satışlar ve İadeler,
Sales orders are not available for production,Üretim için bekleyen sipariş veya talep bulunamadı.,
Salutation,Hitap,
Salvage Value,Kurtarma Değeri,
Salvage Value Percentage,Hurda Değeri Yüzdesi,
Same Company is entered more than once,Aynı Şirket birden fazla kez girildi,
Same Item,Aynı Ürün,
Same item and warehouse combination already entered.,Aynı Ürün ve Depo kombinasyonu zaten girilmiş.,
Same item cannot be entered multiple times.,Aynı ürün birden fazla kez girilemez.,
Same supplier has been entered multiple times,Aynı tedarikçi birden fazla kez girilmiş,
Sample Quantity,Numune Miktarı,
Sample Retention Warehouse,Numune Saklama Deposu,
Sample Size,Numune Boyutu,
Sample quantity {0} cannot be more than received quantity {1},Numune miktarı {0} alınan miktardan fazla olamaz {1},
Sanctioned,Yaptırım Uygulandı,
Saturday,Cumartesi,
Save,Kaydet,
Save Changes and Load New Invoice,Değişiklikleri Kaydet ve Yeni Fatura Yükle,
Savings,Tasarruflar,
Scan Barcode,Barkod Okut,
Scan Batch No,Parti Numarasını Tara,
Scan Job Card Qrcode,İş Kartı QR Kodunu Tara,
Scan Mode,Tarama Modu,
Scan Serial No,Seri Numarasını Tara,
Scan barcode for item {0},Ürün için barkod tarama {0},
"Scan mode enabled, existing quantity will not be fetched.","Tarama modu etkin, mevcut miktar getirilmeyecek.",
Scanned Cheque,taranan çek,
Scanned Quantity,Taranan Miktar,
Schedule,Planla,
Schedule Date,Planlama Tarihi,
Scheduled,Planlandı,
Scheduled Date,Planlanan Tarih,
Scheduled Time,Planlanmış Zaman,
Scheduled Time Logs,Planlanmış Zaman Kayıtları,
Scheduler Inactive,Zamanlayıcı Etkin Değil,
Scheduler is Inactive. Can't trigger job now.,Zamanlayıcı Etkin Değil. İş şu anda tetiklenemiyor.,
Scheduler is Inactive. Can't trigger jobs now.,Zamanlayıcı Etkin Değil. Şimdi işler tetiklenemiyor.,
Scheduler is inactive. Cannot enqueue job.,Zamanlayıcı etkin değil. İşi sıraya alamaz.,
Scheduler is inactive. Cannot import data.,Zamanlayıcı etkin değil. Veri içe aktarılamıyor.,
Scheduler is inactive. Cannot merge accounts.,Zamanlayıcı etkin değil. Hesaplar birleştirilemiyor.,
Schedules,Programlar,
Scheduling,Zamanlama,
Scheduling...,Zamanlama...,
School/University,Okul/Üniversite,
Score,Puan,
Scorecard Actions,Skor Kartı Eylemleri,
"Scorecard variables can be used, as well as:
{total_score} (the total score from that period),
{period_number} (the number of periods to present day)
","Puan kartı değişkenleri şu şekilde de kullanılabilir:
{total_score} (o dönemdeki toplam puan),
{period_number} (bugüne kadarki dönem sayısı)
",
Scorecards,Skor Kartları,
Scoring Criteria,Puanlama Kriterleri,
Scoring Setup,Puanlama Ayarları,
Scoring Standings,Puanlama Puanları,
Scrap & Process Loss,Hurda & Proses Kaybı,
Scrap Asset,Varlığı Hurdaya Ayır,
Scrap Cost Per Qty,Miktar Başına Hurda Maliyeti,
Scrap Item Code,Hurda Ürün Kodu,
Scrap Item Name,Hurda Ürün Adı,
Scrap Items,Hurda Ürünler,
Scrap Material Cost,Hurda Maliyeti,
Scrap Material Cost(Company Currency),Hurda Malzeme Maliyeti (Şirket Para Birimi),
Scrap Warehouse,Hurda Deposu,
Scrap date cannot be before purchase date,Hurdaya çıkarma tarihi satın alma tarihinden önce olamaz,
Scrapped,Hurda,
Search,Arama,
Search APIs,Arama API&#39;ları,
Search Sub Assemblies,Alt Montajları Ara,
Search Term Param Name,Arama Dönem Param Adı,
"Search by customer name, phone, email.","Müşteri adı, telefon numarası, e-posta adresi ile arama yapın.",
Search by invoice id or customer name,Fatura numarasına veya müşteri adına göre arama yapın,
"Search by item code, serial number or barcode","Ürün kodu, seri numarası veya barkoda göre arama",
Second Email,İkinci E-posta,
Secondary Party,İkincil Parti,
Secondary Role,İkincil Rol,
Section,Bölüm,
Section Code,Bölüm Kodu,
Secured Loans,Teminatlı Krediler,
Securities and Deposits,Teminatlar ve Mevduatlar,
See All Articles,Tüm Makaleleri Gör,
See all open tickets,Tüm açık talepleri görün,
Segregate Serial / Batch Bundle,Seri / Parti Paketini Ayır,
Select,Seç,
Select Accounting Dimension.,Muhasebe Boyutunu seçin.,
Select Alternate Item,Alternatif Ürün Seçin,
Select Alternative Items for Sales Order,Satış Siparişi için Alternatif Ürünleri Seçin,
Select Attribute Values,Özellik Değerlerini Seç,
Select BOM,Ürün Ağacı Seçin,
Select BOM and Qty for Production,Üretim için Ürün Ağacı ve Miktar Seçin,
"Select BOM, Qty and For Warehouse","Ürün Ağacını, Miktarı ve Depoyu Seçin",
Select Batch No,Parti No Seçin,
Select Billing Address,Fatura Adres Adı,
Select Brand...,Marka Seçin...,
Select Columns and Filters,Sütunları ve Filtreleri Seçin,
Select Company,Şirket Seç,
Select Corrective Operation,Düzeltici Faaliyet Seçimi,
Select Customers By,Müşterileri Seçin,
Select Date of Birth. This will validate Employees age and prevent hiring of under-age staff.,"Doğum Tarihini Seçin. Bu, Çalışanların yaşını doğrulayacak ve reşit olmayan personelin işe alınmasını önleyecektir.",
"Select Date of joining. It will have impact on the first salary calculation, Leave allocation on pro-rata bases.","İşe başlama tarihini seçin. Bu, ilk maaş hesaplaması ve izin tahsisi üzerinde orantılı bir etkiye sahip olacaktır.",
Select Default Supplier,Varsayılan Tedarikçi Seçin,
Select Difference Account,Fark Hesabı Seçin,
Select Dimension,Boyut Seçin,
Select Dispatch Address ,Sevkiyat Adresini Seçin ,
Select DocType,Belge Tipi Seçin,
Select Employees,Personel Seçin,
Select Finished Good,Bitmiş Ürünü Seçin,
Select Items,Ürünleri Seçin,
Select Items based on Delivery Date,Ürünleri Teslimat Tarihine Göre Seçin,
Select Items for Quality Inspection,Kalite Kontrolü için Ürün Seçimi,
Select Items to Manufacture,Üretilecek Ürünleri Seçin,
Select Items up to Delivery Date,Teslimat Tarihine Kadar Ürün Seçin,
Select Job Worker Address,Alt Yüklenici Adresini Seçin,
Select Loyalty Program,Sadakat Programı Seç,
Select Possible Supplier,Tedarikçi Adayı,
Select Quantity,Miktarı Girin,
Select Serial No,Seri No Seçin,
Select Serial and Batch,Seri ve Parti Seçin,
Select Shipping Address,Sevkiyat Adresi,
Select Supplier Address,Adresi,
Select Target Warehouse,Hedef Depo,
Select Time,Zaman Seçin,
Select View,Görünüm Seçin,
Select Vouchers to Match,Eşleşecek Kuponları Seçin,
Select Warehouse...,Depo Seçimi...,
Select Warehouses to get Stock for Materials Planning,Malzeme Planlaması için Stok Alınacak Depoları Seçin,
Select a Company,Bir Şirket Seçin,
Select a Company this Employee belongs to.,Bu Personelin ait olduğu bir Şirket seçin.,
Select a Customer,Müşteri Seçin,
Select a Default Priority.,Bir Varsayılan Öncelik seçin.,
Select a Supplier,Bir Tedarikçi Seçin,
"Select a Supplier from the Default Suppliers of the items below. On selection, a Purchase Order will be made against items belonging to the selected Supplier only.","Aşağıdaki kalemlerin Varsayılan Tedarikçilerinden bir Tedarikçi seçin. Seçim yapıldığında, yalnızca seçilen Tedarikçiye ait kalemler için bir Satın Alma Siparişi verilecektir.",
Select a company,Bir şirket seçin,
Select an Item Group.,Bir Ürün Grubu seçin.,
Select an account to print in account currency,Hesap para biriminde yazdırmak için bir hesap seçin,
Select an invoice to load summary data,Özet verileri yüklemek için bir fatura seçin,
Select an item from each set to be used in the Sales Order.,Satış Siparişinde kullanılmak üzere her setten bir ürün seçin.,
Select at least one value from each of the attributes.,Tüm özelliklerden en az bir değer seçin.,
Select company first,Önce şirketi seçin,
Select company name first.,Önce şirket adını seçin.,
Select finance book for the item {0} at row {1},{1} satırındaki {0} kalemi için finans defterini seçin,
Select item group,Ürün Grubunu Seçin,
Select template item,Şablon öğesini seçin,
Select the Bank Account to reconcile.,Mutabakat yapılacak Banka Hesabını seçin.,
Select the Default Workstation where the Operation will be performed. This will be fetched in BOMs and Work Orders.,İşlemin gerçekleştirileceği Varsayılan İş İstasyonunu seçin. Ürün Ağaçları ve İş Emirlerinde geçerli olacaktır.,
Select the Item to be manufactured.,Üretilecek Ürünleri Seçin.,
"Select the Item to be manufactured. The Item name, UoM, Company, and Currency will be fetched automatically.","Üretilecek Ürünü seçin. Ürün adı, Ölçü Birimi, Şirket ve Para Birimi otomatik olarak alınacaktır.",
Select the Warehouse,Depoyu Seçin,
Select the customer or supplier.,Müşteri veya tedarikçiyi seçin.,
Select the date,Tarihi seçin,
Select the date and your timezone,Tarihi ve saat diliminizi seçin,
Select the raw materials (Items) required to manufacture the Item,Ürünü üretmek için gerekli ham maddeleri seçin,
Select variant item code for the template item {0},Şablon ürün için değişken ürün kodunu seçin {0},
"Select whether to get items from a Sales Order or a Material Request. For now select <b>Sales Order</b>.
 A Production Plan can also be created manually where you can select the Items to manufacture.","Ürünlerin Satış Siparişinden mi yoksa Malzeme Talebinden mi alınacağını seçin. Şimdilik <b>Satış Sipariş</b>i'ni seçin.
 Üretilecek Ürünleri seçebileceğiniz bir Üretim Planını kendiniz de oluşturulabilirsiniz.",
Select your weekly off day,Haftalık izin gününüzü seçin,
"Select, to make the customer searchable with these fields",Müşteriyi bu alanlar ile aranabilir hale getirmek için seçin.,
Selected POS Opening Entry should be open.,Seçilen POS Açılış Girişi açık olmalıdır.,
Selected Price List should have buying and selling fields checked.,Seçilen Fiyat Listesi alım satım merkezlerine sahip olmalıdır.,
Selected Serial and Batch Bundle entries have been removed.,Seçilen Seri No ve Parti girişleri kaldırıldı.,
Selected Vouchers,Seçilmiş Faturalar,
Selected date is,Seçilen Tarih,
Selected document must be in submitted state,Seçilen belgenin gönderilmiş durumda olması gerekir,
Self delivery,Kendi kendine teslimat,
Sell,Satış,
Sell Asset,Varlığı Sat,
Selling,Satış,
Selling Amount,Satış Tutarı,
Selling Price List,Satış Fiyatı Listesi,
Selling Rate,Satış Fiyatı,
Selling Settings,Satış Ayarları,
"Selling must be checked, if Applicable For is selected as {0}","Eğer “Geçerli Olduğu” alanı {0} olarak seçildiyse, “Satış” seçeneği işaretlenmelidir.",
Semi Finished Good / Finished Good,Yarı Mamul / Bitmiş Ürün,
Semi Finished Goods / Finished Goods,Yarı Mamul / Bitmiş Ürünler,
Send,Gönder,
Send After (days),(x Gün) Sonra Gönder,
Send Attached Files,Ekli Dosyaları Gönder,
Send Document Print,Belgeyi Yazıcıya Gönder,
Send Email,E-Posta Gönder,
Send Emails,E-Posta Gönder,
Send Emails to Suppliers,Tedarikçilere E-posta Gönder,
Send Now,Şimdi Gönder,
Send SMS,SMS Gönder,
Send To,Gönder,
Send To Primary Contact,Birincil Kişiye Gönder,
Send regular summary reports via Email.,E-posta ile düzenli özet raporlar gönderin.,
Send to Subcontractor,Alt Yükleniciye Gönder,
Send with Attachment,Ek ile Gönder,
Sender,Gönderen,
Sending,Gönderiliyor,
Sent,Gönderildi,
Sequence ID,Sıra Kimliği,
Sequence Id,Sıra no,
Sequential,Ardışık Sıralı,
Serial & Batch Item,Seri ve Parti,
Serial & Batch Item Settings,Seri ve Parti Ayarları,
Serial / Batch Bundle,Seri ve Parti Paketi,
Serial / Batch Bundle Missing,Seri / Toplu Paket Eksik,
Serial / Batch No,Seri / Parti No,
Serial / Batch Nos,Seri ve Parti Numaraları,
Serial No,Seri No,
Serial No (In/Out),Seri No (Giriş/Çıkış),
Serial No / Batch,Seri No / Parti,
Serial No Count,Seri No Sayısı,
Serial No Ledger,Seri No Kayıtları,
Serial No Range,Seri No Aralığı,
Serial No Reserved,Seri No Ayrılmış,
Serial No Service Contract Expiry,Seri No Hizmet Sözleşmesi Sona Erme Tarihi,
Serial No Status,Seri No Durumu,
Serial No Warranty Expiry,Seri No Garanti Son Kullanma Tarihi,
Serial No and Batch,Seri No ve Parti,
Serial No and Batch Selector cannot be use when Use Serial / Batch Fields is enabled.,Seri / Parti Alanlarını Kullan etkinleştirildiğinde Seri No ve Parti Seçici kullanılamaz.,
Serial No is mandatory,Seri No zorunludur,
Serial No is mandatory for Item {0},Ürün {0} için Seri no zorunludur,
Serial No {0} already exists,Seri No {0} zaten mevcut,
Serial No {0} already scanned,Seri No {0} zaten tarandı,
Serial No {0} does not belong to Delivery Note {1},Seri No {0} {1} İrsaliyesine ait değil,
Serial No {0} does not belong to Item {1},Seri No {0} {1} Ürününe ait değildir,
Serial No {0} does not exist,Seri No {0} mevcut değil,
Serial No {0} does not exists,Seri No {0} mevcut değil,
Serial No {0} is already added,Seri No {0} zaten eklendi,
"Serial No {0} is not present in the {1} {2}, hence you can't return it against the {1} {2}","Seri No {0} {1} {2} içinde mevcut değildir, bu nedenle {1} {2} adına iade edemezsiniz",
Serial No {0} is under maintenance contract upto {1},Seri No {0} {1} tarihine kadar bakım sözleşmesi altındadır,
Serial No {0} is under warranty upto {1},Seri No {0} {1} tarihine kadar garanti altındadır,
Serial No {0} not found,Seri No {0} bulunamadı,
Serial No: {0} has already been transacted into another POS Invoice.,Seri No: {0} başka bir POS Faturasına aktarılmış.,
Serial Nos,Seri Numaraları,
Serial Nos / Batch Nos,Seri / Parti Numaraları,
Serial Nos and Batches,Seri No ve Partiler,
Serial Nos are created successfully,Seri Numaraları başarıyla oluşturuldu,
"Serial Nos are reserved in Stock Reservation Entries, you need to unreserve them before proceeding.","Seri Numaraları Stok Rezervasyon Girişlerinde rezerve edilmiştir, devam etmeden önce rezervasyonlarını kaldırmanız gerekmektedir.",
Serial Number Series,Seri Numarası Serisi,
Serial and Batch,Seri No ve Parti,
Serial and Batch Bundle,Seri ve Parti Paketi,
Serial and Batch Bundle created,Seri ve Toplu Paket oluşturuldu,
Serial and Batch Bundle updated,Seri ve Toplu Paket güncellendi,
Serial and Batch Bundle {0} is already used in {1} {2}.,Seri ve Toplu Paket {0} zaten {1} {2} adresinde kullanılmaktadır.,
Serial and Batch Details,Seri ve Parti Detayları,
Serial and Batch Entry,Seri ve Parti Girişi,
Serial and Batch No,Seri ve Parti No,
Serial and Batch Nos,Seri ve Parti Numaraları,
Serial and Batch Nos will be auto-reserved based on <b>Pick Serial / Batch Based On</b>,"Seri ve Parti Numaraları, <b>Seri/Parti Seçimine Göre</b> otomatik olarak rezerve edilecektir",
Serial and Batch Reservation,Seri No ve Parti Rezervasyonu,
Serial and Batch Summary,Seri ve Parti Özeti,
Serial number {0} entered more than once,Seri numarası {0} birden fazla girildi,
Series,Seri,
Series for Asset Depreciation Entry (Journal Entry),Varlık Amortisman Serisi (Defter Girişi),
Series is mandatory,Seri zorunludur,
Service,Hizmet,
Service Address,Servis Adresi,
Service Cost Per Qty,Adet Başına Hizmet Maliyeti,
Service Day,Hizmet Günü,
Service End Date,Servis Bitiş Tarihi,
Service Expense Total Amount,Hizmet Giderleri Toplam Tutar,
Service Expenses,Hizmet Giderleri,
Service Item,Servis Öğe,
Service Item Qty,Hizmet Kalemi Miktarı,
Service Item Qty / Finished Good Qty,Hizmet Ürünü / Bitmiş Ürün Miktarı,
Service Item UOM,Hizmet Kalemi Ölçü Birimi,
Service Item {0} is disabled.,Hizmet Ürünü {0} devre dışı bırakıldı.,
Service Item {0} must be a non-stock item.,Hizmet Kalemi {0} stok olarak işaretlenmemiş bir kalem olmalıdır.,
Service Items,Hizmet Kalemleri,
Service Level Agreement,Hizmet Seviyesi Anlaşması,
Service Level Agreement Creation,Hizmet Seviyesi Anlaşması Oluşturma,
Service Level Agreement Details,Hizmet Seviyesi Sözleşme Ayrıntıları,
Service Level Agreement Status,Hizmet Seviyesi Sözleşme Şartları,
Service Level Agreement for {0} {1} already exists.,{0} {1} için Hizmet Seviyesi Anlaşması zaten mevcut.,
Service Level Agreement has been changed to {0}.,Hizmet Düzeyi Anlaşması {0} olarak değiştirildi.,
Service Level Agreement was reset.,Hizmet Seviyesi Anlaşması sıfırlandı.,
Service Level Agreements,Hizmet Seviyesi Anlaşmaları,
Service Level Name,Hizmet Seviyesi Adı,
Service Level Priority,Servis Seviyesi Önceliği,
Service Provider,Hizmet Sağlayıcı,
Service Received But Not Billed,Faturalanmamış Alınan Hizmet,
Service Start Date,Servis Başlangıç Tarihi,
Service Stop Date,Servis Durdurma Tarihi,
Service Stop Date cannot be after Service End Date,"Hizmet Durdurma Tarihi, Hizmet Bitiş Tarihinden sonra olamaz",
Service Stop Date cannot be before Service Start Date,"Hizmet Durdurma Tarihi, Hizmet Başlangıç Tarihinden önce olamaz",
Service item not present in Purchase Invoice {0},Satın Alma Faturasında bulunmayan hizmet kalemi {0},
Services,Hizmetler,
Session Defaults,Oturum Varsayılanları,
Set Accepted Warehouse,Kabul Deposu,
Set Advances and Allocate (FIFO),Peşinatları Ayarla ve Tahsis Et (FIFO),
Set Basic Rate Manually,Birim Fiyatı Elle Ayarla,
Set Default Supplier,Varsayılan Tedarikçi,
Set Finished Good Quantity,Bitmiş Ürün Miktarını Ayarlayın,
Set From Warehouse,Kaynak Depo,
Set Grand Total to Default Payment Method,Genel Toplamı Varsayılan Ödeme Yöntemi Olarak Ayarla,
Set Item Group-wise budgets on this Territory. You can also include seasonality by setting the Distribution.,Bu Bölgede Ürün Grubu bazında bütçeler belirleyin. Dağıtımı ayarlayarak mevsimselliği de dahil edebilirsiniz.,
Set Landed Cost Based on Purchase Invoice Rate,Alış Faturası Fiyatına Göre İndirgenmiş Maliyeti Belirle,
Set Loyalty Program,Sadakat Programı Ayarla,
Set New Release Date,Yeni Yayın Tarihi Belirle,
Set Operating Cost / Scrap Items From Sub-assemblies,Alt Montajlardan Üretim Maliyetini / Hurda Ürünlerini Ayarla,
Set Operating Cost Based On BOM Quantity,Ürün Ağacındaki Miktara Göre Operasyon Maliyeti,
Set Parent Row No in Items Table,Ürünler Tablosunda Üst Satır Numarasını Ayarla,
Set Posting Date,Kayıt Tarihini Ayarla,
Set Process Loss Item Quantity,Süreç Kaybı Kalem Miktarını Ayarla,
Set Project Status,Proje Durumunu Ayarla,
Set Project and all Tasks to status {0}?,Proje ve tüm Görevlerin durumunu {0} olarak ayarla?,
Set Quantity,Miktarı Ayarla,
Set Reserve Warehouse,Rezerv Deposunu Ayarla,
Set Response Time for Priority {0} in row {1}.,{1} satırında {0} Önceliği için Yanıt Süresini ayarlayın.,
Set Source Warehouse,Kaynak Depo,
Set Target Warehouse,Hedef Depo,
Set Valuation Rate Based on Source Warehouse,Değerleme Oranını Kaynak Depoya Göre Ayarla,
Set Valuation Rate for Rejected Materials,Reddedilen Malzemeler için Değerleme Oranı Belirleyin,
Set Warehouse,Hedef Depo,
Set as Closed,Kapalı olarak ayarla,
Set as Completed,Tamamlandı Olarak Ayarla,
Set as Lost,Kayıp olarak ayarla,
Set as Open,Açık olarak ayarla,
Set by Item Tax Template,Ürün Vergi Şablonu Tarafından Ayarlandı,
Set default inventory account for perpetual inventory,Sürekli envanter için varsayılan envanter hesabını ayarlayın,
Set default {0} account for non stock items,Stokta olmayan ürünler için varsayılan {0} hesabını ayarlayın,
Set fieldname from which you want to fetch the data from the parent form.,Üst formdan veri almak istediğiniz alanı ayarlayın.,
Set quantity of process loss item:,İşlem kaybı kaleminin miktarını ayarlayın:,
Set rate of sub-assembly item based on BOM,Ürün Ağacına Göre Alt Öğeleri Ayarla,
Set targets Item Group-wise for this Sales Person.,Bu Satış Personeli için Ürün Grubu bazında hedefler belirleyin.,
Set the Planned Start Date (an Estimated Date at which you want the Production to begin),Planlanan Başlangıç Tarihini belirleyin,
Set the status manually.,Durumu manuel olarak ayarlayın.,
Set this if the customer is a Public Administration company.,Müşteri bir Kamu Yönetimi şirketi ise bunu ayarlayın.,
Set {0} in asset category {1} for company {2},Şirket {2} için {1} varlık kategorisinde {0} değerini ayarlayın,
Set {0} in asset category {1} or company {2},Varlık kategorisi {1} veya şirket {2} için {0} değerini ayarlayın,
Set {0} in company {1},{1} şirketinde {0} Ayarlayın,
Sets 'Accepted Warehouse' in each row of the Items table.,Ürünler tablosunun her satırında Hedef Depoyu ayarlar.,
Sets 'Rejected Warehouse' in each row of the Items table.,Ürünler tablosunun her satırında Red Deposunu ayarlar.,
Sets 'Reserve Warehouse' in each row of the Supplied Items table.,Ürünler tablosunun her satırında Rezerv Deposunu ayarlar.,
Sets 'Source Warehouse' in each row of the items table.,Ürünler tablosunun her satırında Kaynak Depoyu ayarlar.,
Sets 'Target Warehouse' in each row of the items table.,Ürünler tablosunun her satırında Hedef Depoyu ayarlar.,
Sets 'Warehouse' in each row of the Items table.,Ürünler tablosunda her bir satır için depoyu ayarlar.,
Setting Account Type helps in selecting this Account in transactions.,"Hesap Türünü seçmek, Hesap işlemlerinde kolaylık sağlar.",
"Setting Events to {0}, since the Employee attached to the below Sales Persons does not have a User ID{1}","Etkinlikler {0} olarak ayarlandı, çünkü aşağıdaki Satış Temsilcilerine bağlı çalışanların Kullanıcı Kimliği (User ID) {1} bulunmuyor.",
Setting Item Locations...,Ürün Konumları Ayarlanıyor...,
Setting defaults,Varsayılanlar Ayarlanıyor,
Setting the account as a Company Account is necessary for Bank Reconciliation,Hesabın Şirket Hesabı olarak ayarlanması Banka Mutabakatı için gereklidir.,
Setting up company,Şirket kuruluyor,
Settings,Ayarlar,
Settings for Selling Module,Satış Modülü için Ayarlar,
Settled,Uzlaşıldı,
Setup,Kurulum,
Setup your organization,Kuruluşunuzu Ayarlayın,
Share Balance,Hissedar Bakiyesi,
Share Ledger,Hissedar Defteri,
Share Transfer,Transferi Paylaş,
Share Type,Paylaşım Türü,
Shareholder,Hissedar,
Shelf Life In Days,Raf Ömrü,
Shelf Life in Days,Raf Ömrü,
Shift,Vardiya,
Shift Factor,Vardiya Faktörü,
Shift Name,Vardiya Adı,
Shift Request Approver,Vardiya Talebi Onaylayıcısı,
Shipment,Sevkiyat,
Shipment Amount,Nakliye Tutarı,
Shipment Delivery Note,Sevkiyat Teslimat Notu,
Shipment ID,Gönderi Kimliği,
Shipment Information,Sevkiyat Bilgileri,
Shipment Parcel,Sevkiyat Paketi,
Shipment Parcel Template,Sevkiyat Parsel Şablonu,
Shipment Type,Sevkiyat Türü,
Shipment details,Sevkiyat detayları,
Shipments,Sevkiyatlar,
Shipping Account,Nakliye Hesabı,
Shipping Address,Sevkiyat Adresi,
Shipping Address Details,Gönderim Adresi Ayrıntıları,
Shipping Address Name,Sevkiyat Adresi Adı,
Shipping Address Template,Sevkiyat Adresi Şablonu,
"Shipping Address does not have country, which is required for this Shipping Rule",Gönderi Adresinde bu Gönderi Kuralı için gerekli olan ülke bulunmuyor,
Shipping Amount,Nakliye Tutarı,
Shipping City,Nakliye Şehri,
Shipping Country,Nakliye Ülkesi,
Shipping County,Nakliye İlçesi,
Shipping Rule,Nakliye Kuralı,
Shipping Rule Condition,Nakliye Kuralı Koşulu,
Shipping Rule Conditions,Kargo Kural Koşulları,
Shipping Rule Country,Nakliye Kuralı Ülke,
Shipping Rule Label,Nakliye Kuralı Etiketi,
Shipping Rule Type,Nakliye Kuralı Türü,
Shipping State,Nakliye Durumu,
Shipping Zipcode,Gönderi Posta Kodu,
Shipping rule not applicable for country {0} in Shipping Address,Gönderi Adresinde {0} ülkesi için gönderi kuralı geçerli değil,
Shipping rule only applicable for Buying,Nakliye kuralı yalnızca Satın Alma için geçerlidir,
Shipping rule only applicable for Selling,Nakliye kuralı yalnızca Satış için geçerlidir,
Shopping Cart,E-ticaret,
Short Name,Kısa Adı,
Short Term Loan Account,Kısa Vadeli Kredi Hesabı,
Short biography for website and other publications.,Web sitesi ve diğer yayınlar için kısa biyografi.,
Shortage Qty,Eksik Miktar,
Show Aggregate Value from Subsidiary Companies,Bağlı Şirketlerden Gelen Toplam Değeri Göster,
Show Balances in Chart Of Accounts,Hesap Planında Bakiyeleri Göster,
Show Barcode Field in Stock Transactions,Stok İşlemlerinde Barkod Alanını Göster,
Show Cancelled Entries,İptal Edilen Girişleri Göster,
Show Completed,Tamamlananları Göster,
Show Cumulative Amount,Kümülatif Tutarı Göster,
Show Dimension Wise Stock,Ölçüsel Bazda Stoklar,
Show Disabled Warehouses,Kapalı Depolarını Göster,
Show Failed Logs,Başarısız Kayıtları Göster,
Show Future Payments,Yaklaşan Ödemeleri Göster,
Show GL Balance,Genel Muhasebe Bakiyesini Göster,
Show In Website,Webtesinde Göster,
Show Inclusive Tax in Print,Yazdırırken Dahil Edilen Vergiyi Göster,
Show Item Name,Ürün Adını Göster,
Show Items,Ürünleri Göster,
Show Latest Forum Posts,Son Forum Mesajlarını Göster,
Show Ledger View,Defter Görünümü,
Show Linked Delivery Notes,Bağlı İrsaliyeleri Göster,
Show Net Values in Party Account,Cari Hesabındaki Net Değerleri Göster,
Show Open,Açık Olanlar,
Show Opening Entries,Açılış Girişlerini Göster,
Show Operations,Operasyonları Göster,
Show Pay Button in Purchase Order Portal,Satın Alma Siparişi Portalında Ödeme Butonunu Göster,
Show Payment Details,Ödeme Ayrıntılarını Göster,
Show Payment Schedule in Print,Ödeme Planını Göster,
Show Preview,Önizlemeyi Göster,
Show Remarks,Açıklamaları Göster,
Show Return Entries,İade Kayıtlarını Göster,
Show Sales Person,Satış Personelini Göster,
Show Stock Ageing Data,Stok Yaşlandırma Verileri,
Show Taxes as Table in Print,Vergileri Basılı Tablo Olarak Göster,
Show Traceback,Geri İzlemeyi Göster,
Show Variant Attributes,Varyant Niteliklerini Göster,
Show Variants,Varyantları Göster,
Show Warehouse-wise Stock,Depo bazında Stoğu Göster,
Show exploded view,Patlatılmış Görünüm,
Show in Website,Web Sitesinde Göster,
Show net values in opening and closing columns,Açılış ve kapanış sütunlarında net değerleri göster,
Show only POS,Sadece POS'u göster,
Show only the Immediate Upcoming Term,Yalnızca Hemen Yaklaşan Dönemi Göster,
Show pending entries,Bekleyen girişleri göster,
Show unclosed fiscal year's P&L balances,Kâr & Zarar Bakiyesi,
Show with upcoming revenue/expense,Yaklaşan gelir/gider ile göster,
Show zero values,Sıfır Değerleri Göster,
Show {0},{0} Göster,
Signatory Position,İmzacı Pozisyonu,
Signed,İmzalandı,
Signed By (Company),İmzalayan (Şirket),
Signed On,İmzalama tarihi,
Signee,İmzalayan,
Signee (Company),İmza Sahibi (Şirket),
Signee Details,İmza Detayları,
"Simple Python Expression, Example: doc.status == 'Open' and doc.issue_type == 'Bug'","Basit Python İfadesi, Örnek: doc.status == 'Open' ve doc.issue_type == 'Bug'",
"Simple Python Expression, Example: territory != 'All Territories'","Basit Python İfadesi, Örnek: territory != 'Tüm Bölgeler'",
"Simple Python formula applied on Reading fields.<br> Numeric eg. 1: <b>reading_1 &gt; 0.2 and reading_1 &lt; 0.5</b><br>
Numeric eg. 2: <b>mean &gt; 3.5</b> (mean of populated fields)<br>
Value based eg.:  <b>reading_value in (""A"", ""B"", ""C"")</b>","Okuma alanlarına uygulanan basit Python formülü.<br> Sayısal örn. 1: <b>reading_1 &gt; 0.2 ve reading_1 &lt; 0.5</b><br>
Sayısal örn. 2: <b>mean &gt; 3.5</b> (doldurulan alanların ortalaması)<br>
Değer tabanlı örn.: <b>reading_value in (""A"", ""B"", ""C"")</b>",
Simultaneous,Eşzamanlı,
"Since there is a process loss of {0} units for the finished good {1}, you should reduce the quantity by {0} units for the finished good {1} in the Items Table.","Bitmiş ürün {1} için {0} birimlik bir proses kaybı olduğundan, Ürünler Tablosunda bitmiş ürün {1} miktarını {0} birim azaltmalısınız.",
Single,Bekâr,
Single Tier Program,Tek Katmanlı Programı,
Single Transaction Threshold,Tek İşlem Eşiği,
Single Variant,Tek Varyant,
Size,Boyut,
Skills,Yetkinlikler,
Skip Delivery Note,Teslim Notunu Atlası,
Skip Material Transfer,Malzeme Transferini Atla,
Skip Material Transfer to WIP,Devam Eden İşlere Malzeme Transferini Atla,
Skip Material Transfer to WIP Warehouse,Hammaddeyi Devam Eden İş Deposuna Aktarma,
Skipped,Atlandı,
Skipping Tax Withholding Category {0} as there is no associated account set for Company {1} in it.,Şirket {1} için ayarlanmış ilişkili bir hesap olmadığından Vergi Stopajı Kategorisi {0} atlanıyor.,
"Skipping {0} of {1}, {2}","Atlanıyor {0}/{1}, {2}",
Skype ID,Skype ID,
Small,Küçük,
Smoothing Constant,Düzeltme Sabiti,
Software,Yazılım,
Sold,Satıldı,
Sold by,Tarafından satılan,
Something went wrong please try again,Bir şeyler ters gitti lütfen tekrar deneyin,
"Sorry, this coupon code is no longer valid","Üzgünüz, bu kupon kodu artık geçerli değil",
"Sorry, this coupon code's validity has expired","Üzgünüz, bu kupon kodunun geçerlilik süresi doldu",
"Sorry, this coupon code's validity has not started","Üzgünüz, bu kupon kodunun geçerliliği henüz başlamadı",
Source,Kaynak,
Source DocType,Kaynak DocType,
Source Document Name,Kaynak Belge Adı,
Source Document Type,Kaynak Belge Türü,
Source Exchange Rate,Referans Döviz Kuru,
Source Fieldname,Kaynak Alanı Adı,
Source Location,Kaynak Lokasyon,
Source Name,Kaynak Adı,
Source Type,Kaynak Türü,
Source Warehouse,Kaynak Depo,
Source Warehouse Address,Kaynak Depo Adresi,
Source Warehouse Address Link,Kaynak Depo Adres Bağlantısı,
Source Warehouse is mandatory for the Item {0}.,{0} satırı için Kaynak Depo zorunludur.,
Source and Target Location cannot be same,Kaynak ve Hedef Konum aynı olamaz,
Source and target warehouse cannot be same for row {0},{0} nolu satırda Kaynak ve Hedef Depo aynı olamaz,
Source and target warehouse must be different,Kaynak ve Hedef Depo farklı olmalıdır,
Source of Funds (Liabilities),Fon Kaynakları (Borçlar),
Source warehouse is mandatory for row {0},{0} satırı için Kaynak Depo zorunludur,
Sourced by Supplier,Tedarikçiden Temin,
South Africa VAT Account,Güney Afrika KDV Hesabı,
South Africa VAT Settings,Güney Afrika KDV Ayarları,
Spacer,Boşluk,
Specify Exchange Rate to convert one currency into another,Bir para birimini diğerine dönüştürmek için Döviz Kurunu Belirtin,
Specify conditions to calculate shipping amount,Nakliye tutarını hesaplamak için koşulları belirtin,
Split,Ayır,
Split Asset,Varlığı Böl,
Split Batch,Partiyi Böl,
Split Early Payment Discount Loss into Income and Tax Loss,Erken Ödeme İndirimi Zararını Gelir ve Vergi Zararına Böl,
Split From,Bölünmüş,
Split Issue,Sorunu Böl,
Split Qty,Bölünmüş Miktar,
Split Quantity must be less than Asset Quantity,"Bölünmüş Miktar, Varlık Miktarından az olmalıdır",
Splitting {0} {1} into {2} rows as per Payment Terms,Ödeme Koşullarına göre {0} {1} satırlarını {2} satırlarına bölme,
Sr,Sayın,
Stage,Aşama,
Stage Name,Aşama Adı,
Stale Days,Eski Günler,
Stale Days should start from 1.,Eski Günler 1’den başlamalıdır.,
Standard Buying,Varsayılan Alış,
Standard Description,Standart Açıklama,
Standard Rated Expenses,Standart Oranlı Giderler,
Standard Selling,Standart Satış,
Standard Selling Rate,Satış Fiyatı,
Standard Template,Standart Şablon,
"Standard Terms and Conditions that can be added to Sales and Purchases. Examples: Validity of the offer, Payment Terms, Safety and Usage, etc.","Satış ve Satın Almalara eklenebilecek Standart Şartlar ve Koşullar. Örnekler: Teklifin geçerliliği, Ödeme Koşulları, Müşteri İstekleri ve Kullanım vb.",
Standard rated supplies in {0},{0}'da standart dereceli tedarikler,
"Standard tax template that can be applied to all Purchase Transactions. This template can contain a list of tax heads and also other expense heads like ""Shipping"", ""Insurance"", ""Handling"", etc.","Tüm Satın Alma İşlemlerine uygulanabilen standart vergi şablonu. Bu şablon, vergi başlıklarının bir listesini ve ayrıca ""Nakliye"", ""Sigorta"", ""Taşıma"" vb. gibi diğer gider başlıklarını içerebilir.",
"Standard tax template that can be applied to all Sales Transactions. This template can contain a list of tax heads and also other expense/income heads like ""Shipping"", ""Insurance"", ""Handling"" etc.","Tüm Satış İşlemlerine uygulanabilen standart vergi şablonu. Bu şablon, vergi başlıklarının bir listesini ve ayrıca ""Nakliye"", ""Sigorta"", ""Taşıma"" vb. gibi diğer gider/gelir başlıklarını içerebilir.",
Standing Name,Durum Adı,
Start,Başlangıç,
Start / Resume,Başlat / Durdur,
Start Date,Başlangıç Tarihi,
Start Date cannot be before the current date,"Başlangıç Tarihi, geçerli karşılaştırma önce olamaz",
Start Date should be lower than End Date,Başlangıç Tarihi Bitiş Tarihinden düşük olmalıdır,
Start Deletion,Silme İşlemini Başlat,
Start Import,İçe Aktarmayı Başlat,
Start Job,İşi Başlat,
Start Merge,Birleştirmeyi Başlat,
Start Reposting,Yeniden Göndermeye Başla,
Start Time,Başlangıç Zamanı,
Start Time can't be greater than or equal to End Time for {0}.,{0} için Başlangıç Saati Bitiş Saatinden büyük veya eşit olamaz.,
Start Timer,Zamanlayıcıyı Başlat,
Start Year,Yıl Başlangıcı,
Start Year and End Year are mandatory,Başlangıç ve Bitiş Yılı Gerekli,
Start and End Dates,Başlangıç ve Bitiş Tarihleri,
Start date of current invoice's period,Cari dönem faturanın Başlangıç tarihi,
Start date should be less than end date for Item {0},"Ürün {0} için başlangıç tarihi, bitiş tarihinden önce olmalıdır",
Start date should be less than end date for task {0},Görev için başlangıç tarihi bitiş tarihinden küçük olmalıdır {0},
Started,Başlatıldı,
Started Time,Başlangıç Zamanı,
Started a background job to create {1} {0},{1} {0} oluşturmak için bir arka plan işi başlatıldı,
Starting location from left edge,sol üstünün yeri başlıyor,
Starting position from top edge,üst kenardan başlama pozisyonu,
State/Province,Mahalle,
Status,Durum,
Status Details,Durum Ayrıntıları,
Status Illustration,Durum Görseli,
Status must be Cancelled or Completed,Durum İptal Edilmeli veya Tamamlanmalı,
Status must be one of {0},Durum şunlardan biri olmalıdır: {0},
Status set to rejected as there are one or more rejected readings.,Bir veya daha fazla reddedilen okuma olduğundan durum reddedildi olarak ayarlandı.,
Statutory info and other general information about your Supplier,"Tedarikçi hakkında genel, yasal ve diğer bilgiler.",
Stock,Stok,
Stock Adjustment,Stok Ayarlama,
Stock Adjustment Account,Stok Düzeltme Hesabı,
Stock Ageing,Stok Yaşlandırma,
Stock Analytics,Stok Analitiği,
Stock Assets,Stok Varlıkları,
Stock Available,Mevcut Stok,
Stock Balance,Stok Bakiyesi,
Stock Balance Report,Stok Bakiyesi Raporu,
Stock Capacity,Stok Kapasitesi,
Stock Closing,Stok Kapanışı,
Stock Closing Balance,Stok Kapanış Bakiyesi,
Stock Closing Entry,Stok Kapanış Girişi,
Stock Closing Entry {0} already exists for the selected date range,Stok Kapanış Girişi {0} seçilen tarih aralığı için zaten mevcut,
"Stock Closing Entry {0} has been queued for processing, system will take sometime to complete it.","Stok Kapanış Girişi {0} işlenmek üzere sıraya alınmıştır, sistemin bunu tamamlaması biraz zaman alacaktır.",
Stock Closing Log,Stok Kapanış Günlüğü,
Stock Details,Stok Detayları,
Stock Entries already created for Work Order {0}: {1},Stok Girişleri İş Emri için zaten oluşturuldu {0}: {1},
Stock Entry,Stok Hareketi,
Stock Entry (Outward GIT),Stok Hareketi (Dışa GIT),
Stock Entry Child,Stok Girişi Alt Ürünü,
Stock Entry Detail,Stok Hareketleri Detayı,
Stock Entry Type,Stok Hareket Türü,
Stock Entry has been already created against this Pick List,Stok Girişi bu Seçim Listesine karşı zaten oluşturuldu,
Stock Entry {0} created,Stok Girişi {0} oluşturuldu,
Stock Entry {0} has created,Stok Girişi {0} oluşturuldu,
Stock Entry {0} is not submitted,Stok Girişi {0} kaydedilmedi,
Stock Expenses,Stok Giderleri,
Stock Frozen Up To,Stokların Dondurulma Tarihi,
Stock In Hand,Mevcut Stok,
Stock Items,Stok Öğeleri,
Stock Ledger,Stok Defteri,
Stock Ledger Entries and GL Entries are reposted for the selected Purchase Receipts,Stok Defteri Kayıtları ve Genel Muhasebe Kayıtları seçilen Satın Alma İrsaliyeleri için yeniden işlendi,
Stock Ledger Entry,Stok Defteri Girişi,
Stock Ledger ID,Stok Defteri Kimliği,
Stock Ledger Invariant Check,Stok Defteri Değişmez Kontrolü,
Stock Ledger Variance,Stok Defteri Varyansı,
Stock Levels,Stok Seviyeleri,
Stock Liabilities,Stok Yükümlülükleri,
Stock Manager,Stok Yöneticisi,
Stock Movement,Stok Hareketleri,
Stock Partially Reserved,Stok Kısmen Ayrıldı,
Stock Planning,Stok Planlama,
Stock Projected Qty,Öngörülen Stok Miktarı,
Stock Qty,Stok Miktarı,
Stock Qty vs Serial No Count,Stok Miktarı ve Seri No Sayısı,
Stock Received But Not Billed,Faturalanmamış Alınan Stok,
Stock Reconciliation,Stok Sayımı,
Stock Reconciliation Item,Stok Sayımı Kalemi,
Stock Reconciliations,Stok Sayımı,
Stock Reposting Settings,Stok Yeniden Gönderim Ayarları,
Stock Reservation,Stok Rezervasyonu,
Stock Reservation Entries Cancelled,Stok Rezervasyon Girişleri İptal Edildi,
Stock Reservation Entries Created,Stok Rezervasyon Girişleri Oluşturuldu,
Stock Reservation Entry,Stok Rezervasyon Girişi,
Stock Reservation Entry cannot be updated as it has been delivered.,Stok Rezervasyon Girişi teslim edildiği için güncellenemiyor.,
"Stock Reservation Entry created against a Pick List cannot be updated. If you need to make changes, we recommend canceling the existing entry and creating a new one.","Bir Seçim Listesi için oluşturulan Stok Rezervi Girişi güncellenemez. Değişiklik yapmanız gerekiyorsa, mevcut girişi iptal etmenizi ve yeni bir giriş oluşturmanızı öneririz.
",
Stock Reservation Warehouse Mismatch,Rezerv Stok Depo Uyuşmazlığı,
Stock Reservation can only be created against {0}.,Stok Rezervasyonu yalnızca {0} karşılığında oluşturulabilir.,
Stock Reserved,Stok Rezerve Edildi,
Stock Reserved Qty,Stok Rezerv Miktarı,
Stock Reserved Qty (in Stock UOM),Stok Rezerv Miktarı (Stok Ölçü Birimi),
Stock Settings,Stok Ayarları,
Stock Summary,Stok Özeti,
Stock Transactions Settings,Stok İşlemleri Ayarları,
Stock UOM,Stok Ölçü Birimi,
Stock UOM Quantity,Stok Birimi Miktarı,
Stock Unreservation,Stok Rezervasyonu Kaldır,
Stock Uom,Stok Ölçü Birimi,
Stock User,Stok Kullanıcısı,
Stock Validations,Stok Doğrulama,
Stock Value,Stok Değeri,
Stock and Account Value Comparison,Stok ve Hesap Değeri Karşılaştırması,
Stock and Manufacturing,Stok ve Üretim,
Stock cannot be reserved in group warehouse {0}.,{0} Grup Deposunda Stok Rezerve edilemez.,
Stock cannot be reserved in the group warehouse {0}.,{0} Grup Deposunda Stok Rezerve edilemez.,
Stock cannot be updated against Purchase Receipt {0},Stok Satın Alma İrsaliyesi {0} için güncellenemez,
Stock cannot be updated against the following Delivery Notes: {0},Aşağıdaki İrsaliyelere göre stok güncellenemez: {0},
Stock cannot be updated because the invoice contains a drop shipping item. Please disable 'Update Stock' or remove the drop shipping item.,Stok güncellenemiyor çünkü faturada drop shipping ürünü var. Lütfen 'Stok Güncelle'yi devre dışı bırakın veya drop shipping ürününü kaldırın.,
Stock has been unreserved for work order {0}.,İş Emri {0} için ayrılmış stok iptal edildi.,
Stock not available for Item {0} in Warehouse {1}.,{1} Deposunda {0} Ürünü için stok mevcut değil.,
Stock quantity not enough for Item Code: {0} under warehouse {1}. Available quantity {2} {3}.,{0} koduna sahip Ürün için {1} Deposundaki stok miktarı yetersiz. Mevcut miktar {2} {3}.,
Stock transactions before {0} are frozen,{0} tarihinden önceki stok işlemleri donduruldu,
Stock transactions that are older than the mentioned days cannot be modified.,Belirtilen günlerden daha eski olan stok işlemleri değiştirilemez.,
Stock will be reserved on submission of <b>Purchase Receipt</b> created against Material Request for Sales Order.,Satış Siparişi için oluşturulan Malzeme Talebine karşı oluşturulan <b>Satın Alma İrsaliyesi</b> onaylandığında stok rezerve edilecektir.,
Stock/Accounts can not be frozen as processing of backdated entries is going on. Please try again later.,Stok/Hesaplar dondurulamaz çünkü geriye dönük girişlerin işlenmesi devam ediyor. Lütfen daha sonra tekrar deneyin.,
Stop,Durdur,
Stop Reason,Duruş Nedeni,
Stopped,Durduruldu,
"Stopped Work Order cannot be cancelled, Unstop it first to cancel","Durdurulan İş Emri iptal edilemez, iptal etmek için önce durdurmayı kaldırın",
Stores,Mağazalar,
Straight Line,Doğrusal Yöntem,
Sub Assemblies,Alt Montajlar,
Sub Assemblies & Raw Materials,Alt Montajlar ve Hammaddeler,
Sub Assembly Item,Alt Montaj Öğesi,
Sub Assembly Item Code,Alt Montaj Ürün Kodu,
Sub Assembly Item is mandatory,Alt Montaj Ürünü zorunludur,
Sub Assembly Items,Alt Montaj Ürünleri,
Sub Assembly Warehouse,Alt Montaj Deposu,
Sub Operation,Alt Operasyon,
Sub Operations,Alt Operasyonlar,
Sub Procedure,Alt Prosedür,
Sub Total,Ara Toplam,
Sub-assembly BOM Count,Alt montaj Ürün Ağacı Sayısı,
Sub-contracting,Alt Yüklenici,
Subcontract,Alt Yüklenici,
Subcontract BOM,Alt Yüklenici Ürün Ağacı,
Subcontract Order,Alt Yüklenici Siparişi,
Subcontract Order Summary,Alt Yüklenici Sipariş Özeti,
Subcontract Return,Alt Yüklenici İadesi,
Subcontracted Item,Alt Yüklenici Ürünü,
Subcontracted Item To Be Received,Alınacak Alt Yüklenicinin Ürünü,
Subcontracted Purchase Order,Alt Yüklenici Satın Alma Emri,
Subcontracted Quantity,Alt Yükleniciye Gönderilen Miktar,
Subcontracted Raw Materials To Be Transferred,Alt Yükleniciye Transfer Edilecek Hammadde,
Subcontracting,Alt Yüklenici,
Subcontracting BOM,Alt Yüklenici Ürün Ağacı,
Subcontracting Order,Alt Yüklenici Siparişi,
Subcontracting Order (Draft) will be auto-created on submission of Purchase Order.,Taşeron Siparişi (Taslak) Satınalma Siparişinin gönderilmesi üzerine otomatik olarak oluşturulacaktır.,
Subcontracting Order Item,Alt Yüklenici Sipariş Kalemi,
Subcontracting Order Service Item,Alt Yüklenici Sipariş Kalemi,
Subcontracting Order Supplied Item,Alt Yüklenici Siparişi Tedarik Edilen Ürün,
Subcontracting Order {0} created.,Alt Sözleşme Siparişi {0} oluşturuldu.,
Subcontracting Purchase Order,Alt Yüklenici Siparişi,
Subcontracting Receipt,Alt Yüklenici İrsaliyesi,
Subcontracting Receipt Item,Alt Yüklenici İrsaliye Kalemi,
Subcontracting Receipt Supplied Item,Alt Yüklenici Tedarik Edilen Ürün İrsaliyesi,
Subcontracting Settings,Alt Yüklenici Ayarları,
Subdivision,Alt Bölüm,
Subject,Konu,
Submit,Gönder,
Submit Action Failed,Gönderim Eylemi Başarısız Oldu,
Submit After Import,İçe Aktardıktan Sonra Gönder,
Submit ERR Journals?,Defter Girişlerini Onayla,
Submit Generated Invoices,Oluşturulan Faturaları Gönder,
Submit Journal Entries,Yevmiye Kayıtlarını Gönderin,
Submit this Work Order for further processing.,Daha fazla işlem için bu İş Emrini gönderin.,
Submitted,Kaydedildi,
Subscription,Abonelik,
Subscription End Date,Abonelik Bitiş Tarihi,
Subscription End Date is mandatory to follow calendar months,Abonelik Bitiş Tarihi takvim aylarını takip etmek için zorunludur,
Subscription End Date must be after {0} as per the subscription plan,"Abonelik Bitiş Tarihi, abonelik planına göre {0} tarihinden sonra olmalıdır",
Subscription Invoice,Abonelik Faturası,
Subscription Period,Abonelik Süresi,
Subscription Plan,Abonelik Planı,
Subscription Plan Detail,Abonelik Planı Ayrıntısı,
Subscription Plans,Abonelik Planları,
Subscription Price Based On,Abonelik Fiyatı,
Subscription Section,Abonelik,
Subscription Settings,Abonelik Ayarları,
Subscription Start Date,Abonelik Başlangıç Tarihi,
Subscription for Future dates cannot be processed.,İleri tarihler için abonelik işlemi yapılamaz.,
Subscriptions,Abonelikler,
Succeeded,Başarılı,
Succeeded Entries,Girişler Başarılı,
Success,Başarılı,
Success Redirect URL,Başarı Yönlendirme URL'si,
Success Settings,Başarı Ayarları,
Successful,Başarılı,
Successfully Reconciled,Başarıyla Uzlaştırıldı,
Successfully Set Supplier,Tedarikçi Başarıyla Ayarlandı,
"Successfully changed Stock UOM, please redefine conversion factors for new UOM.","Stok Ölçü Birimi başarıyla değiştirildi, lütfen yeni Ölçü Birimi için dönüşüm faktörlerini yeniden tanımlayın.",
Successfully imported {0},{0} başarıyla içe aktarıldı,
"Successfully imported {0} record out of {1}. Click on Export Errored Rows, fix the errors and import again.","Toplam {1} kayıttan {0} tanesi başarıyla içe aktarıldı. Hatalı Satırları Dışa Aktar'a tıklayın, hataları düzeltin ve tekrar içe aktarın.",
Successfully imported {0} record.,{0} kayıt başarıyla içe aktarıldı.,
"Successfully imported {0} records out of {1}. Click on Export Errored Rows, fix the errors and import again.","Toplam {1} kayıttan {0} tanesi başarıyla içe aktarıldı. Hatalı Satırları Dışa Aktar'a tıklayın, hataları düzeltin ve tekrar içe aktarın.",
Successfully imported {0} records.,{0} kayıtları başarıyla içe aktarıldı.,
Successfully linked to Customer,Müşteriye başarıyla bağlandı,
Successfully linked to Supplier,Tedarikçiye başarıyla bağlandı,
Successfully merged {0} out of {1}.,{0} ile {1} başarılı bir şekilde birleştirildi.,
Successfully updated {0},{0} Başarıyla Güncellendi,
"Successfully updated {0} record out of {1}. Click on Export Errored Rows, fix the errors and import again.","{1} kaydından {0} kayıt başarıyla güncellendi. Hatalı Satırları Dışa Aktar'a tıklayın, hataları düzeltin ve tekrar içe aktarın.",
Successfully updated {0} record.,{0} kaydı başarıyla güncellendi.,
"Successfully updated {0} records out of {1}. Click on Export Errored Rows, fix the errors and import again.","Toplam {1} kayıttan {0} tanesi başarıyla içe aktarıldı. Hatalı Satırları Dışa Aktar'a tıklayın, hataları düzeltin ve tekrar içe aktarın.",
Successfully updated {0} records.,{0} kayıt başarıyla güncellendi.,
Suggestions,Öneriler,
Summary,Özet,
Summary for this month and pending activities,Bu ayın özeti ve bekleyen faaliyetler,
Summary for this week and pending activities,Bu haftanın Özeti ve Bekleyen Aktiviteler,
Sunday,Pazar,
Supplied Item,Tedarik Edilen Ürün,
Supplied Items,Tedarik Edilen Ürünler,
Supplied Qty,Tedarik Edilen Miktar,
Supplier,Tedarikçi,
Supplier Address,Adres Adı,
Supplier Address Details,Adres,
Supplier Contact,İlgili Kişi,
Supplier Delivery Note,Tedarikçi Teslimat Notu,
Supplier Details,Tedarikçi Detayları,
Supplier Group,Tedarikçi Grubu,
Supplier Group Item,Tedarikçi Grup Öğesi,
Supplier Group Name,Tedarikçi Grup İsmi,
Supplier Info,Tedarikçi Bilgileri,
Supplier Invoice,Tedarikçi Faturası,
Supplier Invoice Date,Tedarikçi Fatura Tarihi,
Supplier Invoice Date cannot be greater than Posting Date,"Tedarikçi Fatura Tarihi, Kaydedilme Tarihinden büyük olamaz",
Supplier Invoice No,Tedarikçi Fatura No,
Supplier Invoice No exists in Purchase Invoice {0},"Tedarikçi Fatura Numarası, {0} nolu Satın Alma Faturasında bulunuyor.",
Supplier Item,Tedarikçi Ürünü,
Supplier Items,Tedarikçi Ürünleri,
Supplier Lead Time (days),Tedarikçi Termin Tarihi,
Supplier Ledger Summary,Tedarikçi Defteri Özeti,
Supplier Name,Tedarikçi Adı,
Supplier Naming By,Tedarikçi İsimlendirmesi,
Supplier Part No,Tedarikçi Parça No,
Supplier Part Number,Tedarikçi Parça Numarası,
Supplier Portal Users,Tedarikçi Portal Kullanıcıları,
Supplier Primary Address,Tedarikçinin Birinci Adresi,
Supplier Primary Contact,Birincil İrtibat Kişisi,
Supplier Quotation,Tedarikçi Fiyat Teklifi,
Supplier Quotation Comparison,Tedarikçi Teklifi Karşılaştırması,
Supplier Quotation Item,Tedarikçi Teklif Ürünü,
Supplier Quotation {0} Created,Tedarikçi Teklifi {0} Oluşturuldu,
Supplier Score,Tedarikçi Skoru,
Supplier Scorecard,Tedarikçi Skor Kartı,
Supplier Scorecard Criteria,Tedarikçi Skor Kartı Kriterleri,
Supplier Scorecard Period,Tedarikçi Skor Kartı Dönemi,
Supplier Scorecard Scoring Criteria,Tedarikçi Skor Kartı Puanlama Kriteri,
Supplier Scorecard Scoring Standing,Tedarikçi Skor Kartı Puan Durumu,
Supplier Scorecard Scoring Variable,Tedarikçi Skor Kartı Puanlama Değişkeni,
Supplier Scorecard Setup,Tedarikçi Skor Kartı Kurulumu,
Supplier Scorecard Standing,Tedarikçi Skor Kartı Durumu,
Supplier Scorecard Variable,Tedarikçi Skor Kartı Değişkeni,
Supplier Type,Tedarikçi Türü,
Supplier Warehouse,Tedarikçi Deposu,
Supplier delivers to Customer,Tedarikçi Müşteriye Teslim Eder,
Supplier of Goods or Services.,Ürün veya Hizmet Tedarikçisi.,
Supplier {0} not found in {1},Tedarikçi {0} {1} konumunda bulunamadı,
Supplier(s),Tedarikçiler,
Supplier-Wise Sales Analytics,Tedarikçi Satış Analizi,
Suppliers,Tedarikçiler,
Supplies subject to the reverse charge provision,Ters tahsilat hükmüne tabi tedarikler,
Supply Raw Materials for Purchase,Satın Alma için Hammadde Temini,
Support,Destek,
Support Hour Distribution,Destek Saat Dağılımı,
Support Portal,Destek Portalı,
Support Search Source,Destek Arama Kaynağı,
Support Settings,Destek Ayarları,
Support Team,Destek Ekibi,
Support Tickets,Destek Talepleri,
Suspended,Beklemede,
Switch Between Payment Modes,Ödeme Modları Arasında Geçiş Yapın,
Symbol,Sembol,
Sync Now,Şimdi Senkronize Et,
Sync Started,Senkronizasyon Başladı,
Synchronize all accounts every hour,Tüm hesapları her saat başı senkronize et,
System Health,Sistem Sağlığı,
System Manager,Sistem Yöneticisi,
"System User (login) ID. If set, it will become default for all HR forms.",Sistem Kullanıcısı (Oturum Açma) kimliği.,
System will automatically create the serial numbers / batch for the Finished Good on submission of work order,"Sistem, iş emrinin sunulması üzerine Ürün için seri numaralarını / partiyi otomatik olarak oluşturacaktır.",
System will fetch all the entries if limit value is zero.,"Eğer limit değeri sıfırsa, sistem tüm kayıtlarını alır.",
System will not check over billing since amount for Item {0} in {1} is zero,"{1} içinde {0} ürünü için tutar sıfır olduğundan, sistem fazla faturalandırmayı kontrol etmeyecek.",
System will notify to increase or decrease quantity or amount ,Sistem miktarını veya miktarını artırma veya azaltma bildirimi,
TCS Amount,Kaynakta Tahsil Edilen Vergi Tutarı,
TCS Rate %,Vergi Oranı %,
TDS Amount,Stopaj Vergisi Tutarı,
TDS Computation Summary,Stopaj Vergisi Hesaplama Özeti,
TDS Deducted,Kesilen Stopaj Vergisi,
TDS Payable,Ödenecek Stopaj Vergisi,
TDS Rate %,Stopaj Vergisi Oranı %,
Table for Item that will be shown in Web Site,Web Sitesinde Gösterilecek Ürün Tablosu,
Tag,Etiket,
Target,Hedef,
Target  Amount,Hedef Miktarı,
Target ({}),Hedef ({}),
Target Asset,Hedef Varlık,
Target Asset {0} cannot be cancelled,Hedef Varlık {0} iptal edilemez,
Target Asset {0} cannot be submitted,Hedef Varlık {0} kaydedilemiyor,
Target Asset {0} cannot be {1},Hedef Varlık {0} için {1} işlemi gerçekleştirilemez,
Target Asset {0} does not belong to company {1},Hedef Varlık {0} {1} şirketine ait değil,
Target Asset {0} needs to be composite asset,Hedef Varlık {0} bileşik varlık olmalıdır,
Target Batch No,Hedef Parti No,
Target Detail,Hedef Detayı,
Target Details,Hedef Detayları,
Target Distribution,Hedef Dağılımı,
Target Exchange Rate,Hedef Döviz Kuru,
Target Fieldname (Stock Ledger Entry),Hedef Alan Adı (Stok Defteri Girişi),
Target Fixed Asset Account,Hedef Sabit Varlık Hesabı,
Target Has Batch No,Hedef Parti No'ya Sahip,
Target Has Serial No,Hedef Seri No,
Target Incoming Rate,Satış Hedef Oranı,
Target Is Fixed Asset,Hedef Bir Sabit Varlıktır,
Target Item Code,Hedef Ürün Kodu,
Target Item {0} must be a Fixed Asset item,Hedef {0} bir Sabit Varlık kalemi olmalıdır,
Target Location,Hedef Lokasyon,
Target On,Hedefte,
Target Qty,Hedef Sayısı,
Target Qty must be a positive number,Hedef Miktar pozitif bir sayı olmalıdır,
Target Serial No,Hedef Seri No,
Target Warehouse,Hedef Depo,
Target Warehouse Address,Hedef Depo Adresi,
Target Warehouse Address Link,Hedef Depo Adres Bağlantısı,
Target Warehouse Reservation Error,Hedef Depo Stok Rezerve Edilemedi,
Target Warehouse is required before Submit,Kaydetmeden önce Devam Eden İşler Deposu gereklidir,
Target Warehouse is set for some items but the customer is not an internal customer.,Bazı ürünler için Hedef Depo ayarlanmış ancak Müşteri İç Müşteri değil.,
Target warehouse is mandatory for row {0},{0} satırı için Hedef Depo zorunlu,
Targets,Hedefler,
Tariff Number,Tarife Numarası,
Task,Görev,
Task Assignee Email,Görev Atanan Kişinin E-postası,
Task Completion,Görev Tamamlama,
Task Depends On,Görev Şuna Bağlıdır,
Task Description,Görev Açıklaması,
Task Name,Görev Adı,
Task Progress,Görev İlerleme,
Task Type,Görev Türü,
Task Weight,Görev Ağırlığı,
Task {0} depends on Task {1}. Please add Task {1} to the Tasks list.,{0} görevi {1} görevine bağlıdır. Lütfen Görev {1} 'u Görevler listesine ekleyin.,
Tasks,Görevler,
Tasks Completed,Tamamlanan Görevler,
Tasks Overdue,Geciken Görevler,
Tax,Vergi,
Tax Account,Vergi Hesabı,
Tax Amount,Vergi Tutarı,
Tax Amount After Discount Amount,İndirim Sonrası Vergi Tutarı,
Tax Amount After Discount Amount (Company Currency),İndirim Sonrası Vergi Tutarı (Şirket Para Birimi),
Tax Amount will be rounded on a row(items) level,Vergi Tutarı satır (öğeler) düzeyinde yuvarlanacaktır,
Tax Assets,Vergi Varlıkları,
Tax Breakup,Vergi Dağılımı,
Tax Category,Vergi Kategorisi,
"Tax Category has been changed to ""Total"" because all the Items are non-stock items","Vergi Kategorisi ""Toplam"" olarak değiştirildi çünkü tüm Ürünler stok dışı kalemlerdir",
Tax ID,Vergi Numarası,
Tax Id,Vergi Numarası,
Tax Id: ,Vergi Numarası: ,
Tax Id: {0},Vergi Kimliği: {0},
Tax Rate,Vergi Oranı,
Tax Rates,Vergi Oranları,
Tax Refunds provided to Tourists under the Tax Refunds for Tourists Scheme,Turistler için Vergi İadesi Programı kapsamında Turistlere sağlanan Vergi İadeleri,
Tax Rule,Vergi Kuralı,
Tax Rule Conflicts with {0},Vergi Kuralı {0} ile Çakışıyor,
Tax Settings,Vergi Ayarları,
Tax Template is mandatory.,Vergi şablonu zorunludur.,
Tax Total,Vergi Toplamı,
Tax Type,Vergi Türü,
Tax Withheld Vouchers,Tevkifatlı Vergi Makbuzları,
Tax Withholding,Vergi Stopajı,
Tax Withholding Account,Vergi Stopaj Hesabı,
Tax Withholding Category,Vergi Stopaj Kategorisi,
Tax Withholding Category {} against Company {} for Customer {} should have Cumulative Threshold value.,Vergi Stopajı Kategorisi {0} için Müşteri {2} adına Şirket {1} ile ilişkili olarak Kümülatif Eşik değeri bulunmalıdır.,
Tax Withholding Details,Vergi Stopajı Detayları,
Tax Withholding Net Total,Vergi Stopajı Net Toplam,
Tax Withholding Rate,Vergi Stopaj Oranı,
Tax Withholding Rates,Vergi Stopaj Oranları,
"Tax detail table fetched from item master as a string and stored in this field.
Used for Taxes and Charges","Vergi ayrıntı tablosu, öğe ana verisinden bir dize olarak alınır ve bu alanda saklanır.
Vergiler ve Ücretler için kullanılır",
Tax will be withheld only for amount exceeding the cumulative threshold,Vergi sadece kümülatif eşiği aşan tutar için kesilecektir,
Taxable Amount,Vergilendirilebilir Tutar,
Taxes,Vergiler,
Taxes and Charges,Vergiler ve Masraflar,
Taxes and Charges Added,Eklenen Vergiler,
Taxes and Charges Added (Company Currency),Eklenen Vergi ve Harçlar (Şirket Para Birimi),
Taxes and Charges Calculation,Vergi Hesaplamaları,
Taxes and Charges Deducted,Çıkarılan Vergiler,
Taxes and Charges Deducted (Company Currency),Düşülen Vergi ve Harçlar (Şirket Para Biriminde),
Taxes row #{0}: {1} cannot be smaller than {2},Vergi Satırı #{0}: {1} değeri {2} değerinden küçük olamaz,
Team,Takım,
Team Member,takım üyesi,
Telephone Expenses,Telefon Giderleri,
Telephony Call Type,Telefon Çağrı Türü,
Template,Şablon,
Template Item,Şablon Ürünü,
Template Item Selected,Şablon Öğesi Seçildi,
Template Name,Şablon İsmi,
Template Options,Şablon Seçenekleri,
Template Task,Şablon Görevi,
Template Title,Şablon İsmi,
Template Warnings,Şablon Uyarıları,
Temporarily on Hold,Geçici Olarak Beklemede,
Temporary,Geçici,
Temporary Accounts,Geçici Hesaplar,
Temporary Opening,Geçici Açılış,
Temporary Opening Account,Geçici Açılış Hesabı,
Term Details,Dönem Ayrıntıları,
Terms,Şartlar,
Terms & Conditions,Şartlar & Koşullar,
Terms Template,Şartlar Şablonu,
Terms and Conditions,Şartlar ve Koşullar,
Terms and Conditions Content,Şartlar ve Koşulların İçeriği,
Terms and Conditions Details,Detaylar,
Terms and Conditions Help,Şartlar ve Koşullar Yardım,
Territory,Bölge,
Territory Item,Bölge Öğesi,
Territory Manager,Bölge Müdürü,
Territory Name,Bölge İsmi,
Territory Target Variance Based On Item Group,Ürün Grubuna Göre Bölge Hedef Sapması,
Territory Targets,Bölge Hedefleri,
Territory-wise Sales,Bölge Bazında Satışlar,
The 'From Package No.' field must neither be empty nor it's value less than 1.,'Paket No'dan' alanı boş olmamalı veya değeri 1'den küçük olmamalıdır.,
"The Access to Request for Quotation From Portal is Disabled. To Allow Access, Enable it in Portal Settings.",Portaldan Teklif İsteğine Erişim Devre Dışı Bırakıldı. Erişime İzin Vermek için Portal Ayarlarında etkinleştirin.,
The BOM which will be replaced,Değiştirilecek Ürün Ağacı,
The Batch {0} has negative quantity {1} in warehouse {2}. Please correct the quantity.,{0} Partisinin {2} deposunda negatif {1} değer var. Lütfen miktarı düzeltin.,
The Campaign '{0}' already exists for the {1} '{2}','{0}' Kampanyası {1} '{2}' için zaten mevcuttur.,
The Condition '{0}' is invalid,'{0}' Koşulu geçersizdir,
The Document Type {0} must have a Status field to configure Service Level Agreement,Hizmet Seviyesi Anlaşmasını (SLA) yapılandırmak için {0} Belge Türünün bir Durum alanına sahip olması gerekir.,
"The GL Entries and closing balances will be processed in the background, it can take a few minutes.","Genel Muhasebe Girişleri ve kapanış bakiyeleri arka planda işlenecek, bu işlem birkaç dakika sürebilir.",
"The GL Entries will be cancelled in the background, it can take a few minutes.","Genel Muhasebe Girişleri arka planda iptal edilecektir, bu işlem birkaç dakika sürebilir.",
The Loyalty Program isn't valid for the selected company,Sadakat Programı seçilen şirket için geçerli değil,
"The Payment Request {0} is already paid, cannot process payment twice","Ödeme Talebi {0} zaten tamamlandı, ödemeyi iki kez işleme koyamazsınız.",
The Payment Term at row {0} is possibly a duplicate.,{0} satırındaki Ödeme Süresi muhtemelen bir tekrardır.,
"The Pick List having Stock Reservation Entries cannot be updated. If you need to make changes, we recommend canceling the existing Stock Reservation Entries before updating the Pick List.","Stok Rezervasyon Girişleri olan Seçim Listesi güncellenemez. Değişiklik yapmanız gerekiyorsa, Seçim Listesini güncellemeden önce mevcut Stok Rezervasyon Girişlerini iptal etmenizi öneririz.",
The Process Loss Qty has reset as per job cards Process Loss Qty,"Proses Kaybı Miktarı, iş kartlarındaki Proses Kaybı Miktarına göre sıfırlandı.",
The Sales Person is linked with {0},Satış Personeli {0} ile bağlantılıdır,
The Serial No at Row #{0}: {1} is not available in warehouse {2}.,"Satır #{0}: {1} Seri Numarası, {2} deposunda mevcut değil.",
The Serial No {0} is reserved against the {1} {2} and cannot be used for any other transaction.,"Seri No {0} , {1} {2} için ayrılmıştır ve başka bir işlem için kullanılamaz.",
The Serial and Batch Bundle {0} is not valid for this transaction. The 'Type of Transaction' should be 'Outward' instead of 'Inward' in Serial and Batch Bundle {0},"Seri ve Parti Paketi {0}, bu işlem için geçerli değil. Seri ve Parti Paketi {0} içinde ‘İşlem Türü’ ‘Giriş’ yerine ‘Çıkış’ olmalıdır.",
"The Stock Entry of type 'Manufacture' is known as backflush. Raw materials being consumed to manufacture finished goods is known as backflushing. <br><br> When creating Manufacture Entry, raw-material items are backflushed based on BOM of production item. If you want raw-material items to be backflushed based on Material Transfer entry made against that Work Order instead, then you can set it under this field.","'Üretim' türündeki Stok Girişi geri akış olarak bilinir. Bitmiş ürünleri üretmek için tüketilen ham maddeler geri akış olarak bilinir. <br><br> Üretim Girişi oluştururken, ham madde kalemleri üretim kaleminin BOM'una göre geri akışlanır. Ham madde kalemlerinin bunun yerine o İş Emrine karşı yapılan Malzeme Transferi girişine göre geri akışını istiyorsanız, bunu bu alanın altına ayarlayabilirsiniz.",
The Work Order is mandatory for Disassembly Order,Sökme Emri için İş Emri zorunludur,
"The account head under Liability or Equity, in which Profit/Loss will be booked",Kâr/Zararın kaydedileceği Yükümlülük veya Özsermaye altındaki hesap.,
The allocated amount is greater than the outstanding amount of Payment Request {0},"Tahsis edilen tutar, Ödeme Talebi {0} kalan tutarından büyük.",
The amount of {0} set in this payment request is different from the calculated amount of all payment plans: {1}. Make sure this is correct before submitting the document.,"Bu ödeme talebinde ayarlanan {0} miktarı, tüm ödeme planlarının hesaplanan miktarından farklıdır: {1}. Belgeyi göndermeden önce bunun doğru olduğundan emin olun.",
The currency of invoice {} ({}) is different from the currency of this dunning ({}).,Faturanın para birimi {} ({}) bu ihtarnamenin para biriminden ({}) farklıdır.,
The default BOM for that item will be fetched by the system. You can also change the BOM.,Bu kalem için varsayılan Ürün Ağacı sistem tarafından getirilecektir. Ürün Ağacını da değiştirebilirsiniz.,
The difference between from time and To Time must be a multiple of Appointment,Zamandan zamana ve Zamana kadar olan zaman arasındaki fark Randevu'nun katı olmalıdır,
The field Asset Account cannot be blank,Varlık Hesabı alanı boş olamaz,
The field Equity/Liability Account cannot be blank,Sermaye/Borç Hesabı alanı boş olamaz,
The field From Shareholder cannot be blank,Hissedardan alanı boş bırakılamaz,
The field To Shareholder cannot be blank,Hissedara alanı boş bırakılamaz,
The field {0} in row {1} is not set,{1} satırındaki {0} alanı ayarlanmamış,
The fields From Shareholder and To Shareholder cannot be blank,Hissedardan ve Hissedara alanları boş bırakılamaz,
The folio numbers are not matching,Folio numaraları eşleşmiyor,
"The following Items, having Putaway Rules, could not be accomodated:","Aşağıdaki ürünler, Raf Yerleştirme Kurallarına (Putaway Rules) sahip olduğundan yerleştirilemedi:",
The following assets have failed to automatically post depreciation entries: {0},Aşağıdaki varlıklar amortisman girişlerini otomatik olarak kaydedemedi: {0},
The following deleted attributes exist in Variants but not in the Template. You can either delete the Variants or keep the attribute(s) in template.,Aşağıdaki silinmiş nitelikler Varyantlarda mevcuttur ancak Şablonda mevcut değildir. Varyantları silebilir veya nitelikleri şablonda tutabilirsiniz.,
The following employees are currently still reporting to {0}:,Aşağıdaki personeller şu anda hala {0} adlı kişiye raporlama yapmaktadır:,
The following invalid Pricing Rules are deleted:,Aşağıdaki geçersiz Fiyatlandırma Kuralları silindi:,
The following {0} were created: {1},Aşağıdaki {0} oluşturuldu: {1},
The gross weight of the package. Usually net weight + packaging material weight. (for print),Paketin brüt ağırlığı. Genellikle net ağırlık + ambalaj malzemesi ağırlığı. (baskı için),
The holiday on {0} is not between From Date and To Date,{0} tarihindeki tatil Başlangıç Tarihi ile Bitiş Tarihi arasında değil,
The items {0} and {1} are present in the following {2} :,"Ürünler {0} ve {1}, aşağıdaki {2} içinde bulunmaktadır:",
The job card {0} is in {1} state and you cannot complete.,{0} iş kartı {1} durumundadır ve tamamlayamazsınız.,
The job card {0} is in {1} state and you cannot start it again.,İş kartı {0} {1} durumundadır ve tekrar başlatamazsınız.,
The lowest tier must have a minimum spent amount of 0. Customers need to be part of a tier as soon as they are enrolled in the program.,"En düşük seviye, minimum harcama tutarı olarak 0 değerine sahip olmalıdır. Müşteriler, programa dahil edildikleri anda bir seviyenin parçası olmalıdır.",
The net weight of this package. (calculated automatically as sum of net weight of items),Bu paketin net ağırlığı (Ürünlerin net toplamından otomatik olarak çıkarılması),
The new BOM after replacement,Değiştikten Sonraki Ürün Ağacı,
The number of shares and the share numbers are inconsistent,Hisse sayısı ve hisse numaraları tutarsızdır,
The operation {0} can not add multiple times,{0} işlemi birden fazla eklenemez,
The operation {0} can not be the sub operation,{0} işlemi alt işlem olamaz,
The original invoice should be consolidated before or along with the return invoice.,"Orijinal fatura, iade faturasından önce veya iade faturasıyla birlikte birleştirilmelidir.",
The parent account {0} does not exists in the uploaded template,{0} ana hesabı yüklenen şablonda mevcut değil,
The payment gateway account in plan {0} is different from the payment gateway account in this payment request,"{0} planındaki ödeme ağ geçidi hesabı, bu ödeme talebindeki ödeme ağ geçidi hesabından farklıdır",
"The percentage you are allowed to bill more against the amount ordered. For example, if the order value is $100 for an item and tolerance is set as 10%, then you are allowed to bill up to $110 ","Sipariş edilen tutara karşı daha fazla fatura kesmenize izin verilen yüzde. Örneğin, bir ürün için sipariş değeri ₺100 ise ve tolerans %10 olarak ayarlanmışsa, ₺110'a kadar fatura kesmenize izin verilir.",
The percentage you are allowed to pick more items in the pick list than the ordered quantity.,Sipariş edilen miktardan daha fazla ürünü toplama listesinden seçmenize izin verilen yüzde.,
"The percentage you are allowed to receive or deliver more against the quantity ordered. For example, if you have ordered 100 units, and your Allowance is 10%, then you are allowed to receive 110 units.","Sipariş edilen miktara karşılık daha fazlasını transfer etmenize izin verilen yüzde. Örneğin: 100 adet sipariş verdiyseniz, ve İzin Verilen Oran %10 ise 110 birim aktarmanıza izin verilir.",
"The percentage you are allowed to transfer more against the quantity ordered. For example, if you have ordered 100 units, and your Allowance is 10%, then you are allowed transfer 110 units.","Sipariş edilen miktara karşılık daha fazlasını transfer etmenize izin verilen yüzde. Örneğin: 100 adet sipariş verdiyseniz, ve İzin Verilen Oran %10 ise 110 birim aktarmanıza izin verilir.",
The reserved stock will be released when you update items. Are you certain you wish to proceed?,"Rezerv stok, öğeleri güncellediğinizde serbest bırakılacaktır. Devam etmek istediğinizden emin misiniz?",
The reserved stock will be released. Are you certain you wish to proceed?,"Rezerv stok, öğeleri güncellediğinizde serbest bırakılacaktır. Devam etmek istediğinizden emin misiniz?",
The root account {0} must be a group,Kök hesap {0} bir grup olmalıdır,
The selected BOMs are not for the same item,Seçilen Ürün Ağaçları aynı ürün için değil,
The selected change account {} doesn't belongs to Company {}.,Seçilen değişim hesabı {} {} Şirketine ait değil.,
The selected item cannot have Batch,Seçili öğe toplu iş olamaz,
The seller and the buyer cannot be the same,Satıcı ve alıcı aynı olamaz,
The serial and batch bundle {0} not linked to {1} {2},"Seri ve parti paketi {0}, {1} {2} ile bağlantılı değil",
The serial no {0} does not belong to item {1},Seri numarası {0} {1} Ürününe ait değil,
The shareholder does not belong to this company,Hissedar bu şirkete ait değil,
The shares already exist,Hisseler zaten mevcut,
The shares don't exist with the {0},{0} ile paylaşımlar mevcut değil,
"The stock for the item {0} in the {1} warehouse was negative on the {2}. You should create a positive entry {3} before the date {4} and time {5} to post the correct valuation rate. For more details, please read the <a href='https://docs.erpnext.com/docs/user/manual/en/stock-adjustment-cogs-with-negative-stock'>documentation<a>.","{1} deposundaki {0} ürünü için stok, {2} tarihinde negatife düştü. Bu durumu düzeltmek için {4} tarihi ve {5} saatinden önce {3} işlemiyle pozitif bir stok girişi oluşturmalısınız. Aksi takdirde, sistem doğru değerleme oranını hesaplayamaz.",
"The stock has been reserved for the following Items and Warehouses, un-reserve the same to {0} the Stock Reconciliation: <br /><br /> {1}","Stok aşağıdaki Ürünler ve Depolar için rezerve edilmiştir, Stok Sayımı {0} için rezerve edilmeyen hale getirin: <br /><br /> {1}",
"The sync has started in the background, please check the {0} list for new records.","Senkronizasyon arka planda başladı, lütfen yeni kayıtlar için {0} listesini kontrol edin.",
The task has been enqueued as a background job.,Görev arka plan işi olarak kuyruğa alındı.,
"The task has been enqueued as a background job. In case there is any issue on processing in background, the system will add a comment about the error on this Stock Reconciliation and revert to the Draft stage","Görev arka plan işi olarak sıraya alındı. Arka planda işlemede herhangi bir sorun olması durumunda, sistem bu Stok Sayımı hata hakkında bir yorum ekleyecek ve Taslak aşamasına geri dönecektir.",
"The task has been enqueued as a background job. In case there is any issue on processing in background, the system will add a comment about the error on this Stock Reconciliation and revert to the Submitted stage",Görev arka plan işi olarak kuyruğa alındı. Arka planda işlem yapılmasında herhangi bir sorun olması durumunda sistem bu Stok Sayımı hata hakkında yorum ekleyecek ve Gönderildi aşamasına geri dönecektir.,
The total Issue / Transfer quantity {0} in Material Request {1}  cannot be greater than allowed requested quantity {2} for Item {3},"Malzeme Talebi {1} içindeki toplam Çıkış / Transfer miktarı {0}, {3} ürünü için izin verilen talep miktarı {2} değerinden fazla olamaz.",
The total Issue / Transfer quantity {0} in Material Request {1} cannot be greater than requested quantity {2} for Item {3},"Malzeme Talebi {1} içindeki toplam Çıkış / Transfer miktarı {0}, {3} ürünü için talep edilen miktar {2} değerinden fazla olamaz.",
The uploaded file does not match the selected Code List.,Yüklenen dosya seçilen Kod Listesi ile uyuşmuyor.,
The user cannot submit the Serial and Batch Bundle manually,"Kullanıcı, Seri ve Parti Paketini manuel olarak gönderemez",
"The users with this Role are allowed to create/modify a stock transaction, even though the transaction is frozen.","Bu Role sahip kullanıcıların, işlem dondurulmuş olsa bile bir stok işlemi oluşturmasına/değiştirmesine izin verilir.",
The value of {0} differs between Items {1} and {2},{0} değeri {1} ve {2} Ürünleri arasında farklılık gösterir,
The value {0} is already assigned to an existing Item {1}.,{0} değeri zaten mevcut bir Öğeye {1} atandı.,
The warehouse where you store finished Items before they are shipped.,Ürünler sevk edilmeden önce bitmiş ürünlerin saklandığı depo.,
"The warehouse where you store your raw materials. Each required item can have a separate source warehouse. Group warehouse also can be selected as source warehouse. On submission of the Work Order, the raw materials will be reserved in these warehouses for production usage.","Hammaddeleri depoladığınız depo. Gereken her bir ürün için ayrı bir kaynak depo belirlenebilir. Grup deposu da kaynak depo olarak seçilebilir. İş Emri gönderildiğinde, hammadde üretim kullanımı için bu depolarda rezerve edilecektir.",
The warehouse where your Items will be transferred when you begin production. Group Warehouse can also be selected as a Work in Progress warehouse.,Üretim başladığında ürünlerinizin aktarılacağı depo. Grup Deposu aynı zamanda Devam Eden İşler Deposu olarak da seçilebilir.,
The {0} ({1}) must be equal to {2} ({3}),{0} ({1}) ile {2} ({3}) eşit olmalıdır,
The {0} {1} created successfully,{0} {1} başarıyla oluşturuldu,
The {0} {1} is used to calculate the valuation cost for the finished good {2}.,"{0} {1} , bitmiş ürün {2} adına değerleme maliyetini hesaplamak için kullanılır.",
There are active maintenance or repairs against the asset. You must complete all of them before cancelling the asset.,Varlık üzerinde aktif bakım veya onarımlar var. Varlığı iptal etmeden önce bunların hepsini tamamlamanız gerekir.,
"There are inconsistencies between the rate, no of shares and the amount calculated",Hisse senedi sayısı ve hesaplanan tutar arasında tutarsızlıklar var,
There are ledger entries against this account. Changing {0} to non-{1} in live system will cause incorrect output in 'Accounts {2}' report,Bu hesaba karşı defter kayıtları vardır. Canlı sistemde {0} adresinin {1} olmayan bir adresle değiştirilmesi 'Hesaplar {2}' raporunda yanlış çıktıya neden olacaktır,
There are no Failed transactions,Başarısız işlem yok,
There are no active Fiscal Years for which Demo Data can be generated.,Demo Verilerinin oluşturulabileceği aktif bir Mali Yıl bulunamadı.,
There are no slots available on this date,Bu tarihte boş yer bulunmamaktadır,
"There are two options to maintain valuation of stock. FIFO (first in - first out) and Moving Average. To understand this topic in detail please visit <a href='https://docs.erpnext.com/docs/v13/user/manual/en/stock/articles/item-valuation-fifo-and-moving-average' target='_blank'>Item Valuation, FIFO and Moving Average.</a>","Stok değerlemesini sürdürmek için iki seçenek vardır. FIFO (ilk giren ilk çıkar) ve Hareketli Ortalama. Bu konuyu ayrıntılı olarak anlamak için lütfen <a href='https://docs.erpnext.com/docs/v13/user/manual/en/stock/articles/item-valuation-fifo-and-moving-average' target='_blank'>Öğe Değerleme, FIFO ve Hareketli Ortalama</a> bölümünü ziyaret edin.",
There aren't any item variants for the selected item,Seçili kalem için herhangi bir varyant yok,
There can be multiple tiered collection factor based on the total spent. But the conversion factor for redemption will always be same for all the tier.,Toplam harcamaya bağlı olarak birden fazla kademeli tahsilat faktörü olabilir. Ancak geri ödeme için dönüşüm faktörü tüm katmanlar için her zaman aynı olacaktır.,
There can only be 1 Account per Company in {0} {1},{0} {1} adresinde Şirket başına yalnızca 1 Hesap olabilir,
"There can only be one Shipping Rule Condition with 0 or blank value for ""To Value""",“Hedef Değer” alanı 0 veya boş olan yalnızca bir tane Kargo Kuralı Koşulu olabilir.,
There is already a valid Lower Deduction Certificate {0} for Supplier {1} against category {2} for this time period.,Bu zaman dilimi için Tedarikçi {1} için {2} kategorisine karşı geçerli bir Alt Kesinti Sertifikası {0} zaten mevcut.,
There is already an active Subcontracting BOM {0} for the Finished Good {1}.,{1} isimli Bitmiş Ürün için aktif bir Alt Yüklenici {0} Ürün Ağacı bulunmaktadır.,
There is no batch found against the {0}: {1},{0} için grup bulunamadı: {1},
There must be atleast 1 Finished Good in this Stock Entry,Bu Stok Girişinde en az 1 Bitmiş Ürün bulunmalıdır,
There was an error creating Bank Account while linking with Plaid.,Plaid ile bağlantı sırasında Banka Hesabı oluşturulurken bir hata oluştu.,
There was an error syncing transactions.,İşlemler senkronize edilirken bir hata oluştu.,
There was an error updating Bank Account {} while linking with Plaid.,Plaid ile bağlantı kurulurken Banka Hesabı {} güncellenirken bir hata oluştu.,
There was an issue connecting to Plaid's authentication server. Check browser console for more information,Plaid'in kimlik doğrulama sunucusuna bağlanırken bir sorun oluştu. Daha fazla bilgi için tarayıcı konsolunu kontrol edin,
There were errors while sending email. Please try again.,E-posta gönderilirken hata oluştu. Lütfen tekrar deneyin.,
There were issues unlinking payment entry {0}.,Ödeme girişinin bağlantısının kaldırılmasında sorunlar oluştu {0}.,
This Account has '0' balance in either Base Currency or Account Currency,"Bu Hesap, Ana Para Birimi veya Hesap Para Biriminde ‘0’ bakiyeye sahiptir",
This Item is a Template and cannot be used in transactions. Item attributes will be copied over into the variants unless 'No Copy' is set,"Bu Ürün bir Şablondur ve işlemlerde kullanılamaz. Ürün özellikleri, 'Kopyalama' seçilmediği sürece varyantlara uygulanır.",
This Item is a Variant of {0} (Template).,Bu Ürün <b>{0}</b> Kodlu Ürünün Bir Varyantıdır.,
This Month's Summary,Bu Ayın Özeti,
This PO has been fully subcontracted.,Bu Satın Alma Emri tamamen alt yükleniciye bağlanmıştır.,
This Warehouse will be auto-updated in the Target Warehouse field of Work Order.,"Bu Depo, İş Emrinin Hedef Depo alanında otomatik olarak güncellenecektir.",
This Warehouse will be auto-updated in the Work In Progress Warehouse field of Work Orders.,"Bu Depo, İş Emirlerinin Devam Eden İşler Deposu alanında otomatik olarak günceller.",
This Week's Summary,Bu Haftanın Özeti,
This action will stop future billing. Are you sure you want to cancel this subscription?,Bu eylem gelecekteki faturalandırmayı durduracaktır. Bu aboneliği iptal etmek istediğinizden emin misiniz?,
This action will unlink this account from any external service integrating ERPNext with your bank accounts. It cannot be undone. Are you certain ?,"Bu eylem, bu hesabı ERPNext'i banka hesaplarınızla entegre eden herhangi bir harici hizmetten ayıracaktır. Geri alınamaz. Emin misiniz?",
This covers all scorecards tied to this Setup,Kuruluma bağlı tüm puan kartlarını kapsar,
This document is over limit by {0} {1} for item {4}. Are you making another {3} against the same {2}?,"Bu belge, {4} ürünü için {0} {1} sınırını aşmış. Aynı {2} için başka bir {3} mi oluşturuyorsunuz?",
This field is used to set the 'Customer'.,Bu alan 'Müşteri'yi ayarlamak için kullanılır.,
This filter will be applied to Journal Entry.,Bu filtre Muhasebe Defterine uygulanacaktır.,
This is a Template BOM and will be used to make the work order for {0} of the item {1},Bu bir Şablon Ürün Ağacıdır ve {0} miktarındaki {1} Ürünü için İş Emri oluşturmak amacıyla kullanılacaktır,
This is a location where final product stored.,Final ürünün aktarılacağı depo.,
This is a location where operations are executed.,Operasyonların yürütüldüğü depo.,
This is a location where raw materials are available.,Hammadelerin saklandığı depo.,
This is a location where scraped materials are stored.,Hurda hammaddelerin aktrılacağı depo.,
This is a preview of the email to be sent. A PDF of the document will automatically be attached with the email.,"Bu, gönderilecek e-postanın bir önizlemesidir. Belgenin bir PDF'i otomatik olarak e-postaya eklenecektir.",
This is a root account and cannot be edited.,Bu bir ana hesaptır ve düzenlenemez.,
This is a root customer group and cannot be edited.,Bu bir kök müşteri grubudur ve düzenlenemez.,
This is a root department and cannot be edited.,Bu bir Ana Departmandır ve düzenlenemez.,
This is a root item group and cannot be edited.,Bu bir kök ürün grubudur ve düzenlenemez.,
This is a root sales person and cannot be edited.,Bu bir kök satış elemanıdır ve düzenlenemez.,
This is a root supplier group and cannot be edited.,Bu bir kök tedarikçi grubudur ve düzenlenemez.,
This is a root territory and cannot be edited.,Bu bir kök bölgedir ve düzenlemez.,
This is based on stock movement. See {0} for details,Stok hareketlerini gösterir. Daha fazla detay için {0} sayfasına bakın.,
This is based on the Time Sheets created against this project,Projedeki görev ve hareketlerin zamanına göre oluşturulmuştur.,
This is based on transactions against this Sales Person. See timeline below for details,"Bu, bu Satış Elemanına karşı yapılan işlemlere dayanmaktadır. Ayrıntılar için aşağıdaki zaman çizelgesine bakın",
This is considered dangerous from accounting point of view.,Bu durum muhasebe açısından tehlikeli kabul edilmektedir.,
This is done to handle accounting for cases when Purchase Receipt is created after Purchase Invoice,"Bu işlem, Satın Alma Faturası oluşturulduktan sonra Satın Alma İrsaliyesi oluşturulduğunda muhasebe işlemlerini yönetmek için yapılır",
"This is enabled by default. If you want to plan materials for sub-assemblies of the Item you're manufacturing leave this enabled. If you plan and manufacture the sub-assemblies separately, you can disable this checkbox.","Bu varsayılan olarak aktiftir. Ürettiğiniz Ürünün alt montajları için malzemeler planlamak istiyorsanız bunu aktif bırakın. Alt montajları ayrı ayrı planlıyor ve üretiyorsanız, bu onay kutusunu devre dışı bırakabilirsiniz.",
"This is for raw material Items that'll be used to create finished goods. If the Item is an additional service like 'washing' that'll be used in the BOM, keep this unchecked.","Bu, bitmiş ürünlerin üretiminde kullanılacak ham madde ürünleri içindir. Eğer ürün, Ürün Ağacında kullanılacak bir ek hizmet (örneğin, ‘boyama’) ise, bu seçeneği işaretli bırakmayın.",
This item filter has already been applied for the {0},Bu ürün filtresi {0} için zaten uygulandı,
This option can be checked to edit the 'Posting Date' and 'Posting Time' fields.,"Bu seçenek, 'Gönderi Tarihi' ve 'Gönderi Saati' alanlarını düzenlemek için işaretlenebilir.",
This schedule was created when Asset {0} was adjusted through Asset Value Adjustment {1}.,"Bu çizelge, Varlık {0} Varlık Değeri Ayarlaması {1} aracılığıyla ayarlandığında oluşturulmuştur.",
This schedule was created when Asset {0} was consumed through Asset Capitalization {1}.,"Bu plan, Varlık {0}, Varlık Sermayeleştirme {1} işlemiyle tüketildiğinde oluşturuldu.",
This schedule was created when Asset {0} was repaired through Asset Repair {1}.,"Bu plan, Varlık {0} için Varlık Onarımı {1} ile onarıldığı zaman oluşturuldu.",
This schedule was created when Asset {0} was restored on Asset Capitalization {1}'s cancellation.,"Bu çizelge, Varlık Kapitalizasyonu {1}'un iptali üzerine Varlık {0} geri yüklendiğinde oluşturulmuştur.",
This schedule was created when Asset {0} was restored.,"Bu program, Varlık {0} geri yüklendiğinde oluşturulmuştur.",
This schedule was created when Asset {0} was returned through Sales Invoice {1}.,"Bu çizelge, Varlık {0} 'ın Satış Faturası {1} aracılığıyla iade edilmesiyle oluşturuldu.",
This schedule was created when Asset {0} was scrapped.,"Bu program, Varlık {0} hurdaya çıkarıldığında oluşturuldu.",
This schedule was created when Asset {0}'s Asset Value Adjustment {1} was cancelled.,"Bu program, Varlık {0}'ın Varlık Onarımı {1} iptal edildiğinde oluşturuldu.",
This schedule was created when Asset {0}'s shifts were adjusted through Asset Shift Allocation {1}.,"Bu çizelge, Varlık {0} Varlık Değeri Ayarlaması {1} aracılığıyla ayarlandığında oluşturulmuştur.",
"This section allows the user to set the Body and Closing text of the Dunning Letter for the Dunning Type based on language, which can be used in Print.","Bu bölüm, kullanıcının Yazdır'da kullanılabilecek dile bağlı olarak İhtar Mektubunun Gövde ve Kapanış metnini İhtar Türü için ayarlamasına olanak tanır.",
"This table is used to set details about the 'Item', 'Qty', 'Basic Rate', etc.","Bu tablo, 'Ürün', 'Miktar', 'Birim Fiyat' vb. ile ilgili ayrıntıları ayarlamak için kullanılır.",
This tool helps you to update or fix the quantity and valuation of stock in the system. It is typically used to synchronise the system values and what actually exists in your warehouses.,"Bu araç, sisteminizdeki stok miktarını ve değerlemesini güncellemenize veya düzeltmenize yardımcı olur. Genellikle sistemdeki değerler ile depolarınızdaki gerçek değerleri senkronize etmek için kullanılır.",
This value shall be used when no matching Common Code for a record is found.,"Bu değer, bir kayıt için eşleşen Ortak Kod bulunmadığında kullanılacaktır.",
"This will be appended to the Item Code of the variant. For example, if your abbreviation is ""SM"", and the item code is ""T-SHIRT"", the item code of the variant will be ""T-SHIRT-SM""","Bu tahmini Ürün Kodu eklenecektir. Senin anlatımı ""SM"", ve eğer, örneğin, ürün kodu ""T-Shirt"", ""T-Shirt-SM"" olacağını öngörmenin madde kodu",
This will restrict user access to other employee records,Kullanıcının diğer personel kayıtlarına erişimini kısıtlayacaktır.,
This {} will be treated as material transfer.,Bu {} hammadde transferi olarak değerlendirilecektir.,
Threshold for Suggestion,Öneri için Eşik,
Threshold for Suggestion (In Percentage),Öneri Eşiği (Yüzde Olarak),
Thumbnail,Thumbnail,
Thursday,Perşembe,
Tier Name,Katman Adı,
Time,Zaman,
Time (In Mins),Süre (Dakika),
Time Between Operations (Mins),İşlemler Arası Süre (Dk),
Time In Mins,Dakika,
Time Logs,Süre Kayıtları,
Time Required (In Mins),Gerekli Zaman (Dakika),
Time Sheet,Zaman Çizelgesi,
Time Sheet List,Zaman Çizelgesi Listesi,
Time Sheets,Zaman Çizelgeleri,
Time Taken to Deliver,Teslimat için Geçen Süre,
Time Tracking,Zaman Takibi,
Time at which materials were received,Hammaddelerin teslim alındığı saat,
Time in mins,Dakika,
Time in mins.,Dakika,
Time logs are required for {0} {1},{0} {1} için zaman kaydı gerekli.,
Time slot is not available,Zaman aralığı müsait değil,
Time(in mins),Zaman (dakika) ,
Timeline,Zaman Akışı,
Timer,Zamanlayıcı,
Timer exceeded the given hours.,Zamanlayıcı belirtilen saati aştı.,
Timesheet,Zaman Çizelgesi,
Timesheet Billing Summary,Zaman Çizelgesi Fatura Özeti,
Timesheet Detail,Zaman Çizelgesi Detayı,
Timesheet for tasks.,Görevler için zaman çizelgesi.,
Timesheet {0} is already completed or cancelled,Zaman çizelgesi {0} zaten tamamlandı veya iptal edildi,
Timesheets,Zaman Çizelgeleri,
"Timesheets help keep track of time, cost and billing for activities done by your team","Zaman çizelgeleri, ekibiniz tarafından gerçekleştirilen faaliyetler için zaman, maliyet ve faturalandırmayı takip etmenize yardımcı olur",
Timeslots,Zaman dilimleri,
Title,Başlık,
To,Alıcı,
To Bill,Fatura Kesilecek,
To Currency,Para Birimine,
To Date,Bitiş Tarihi,
To Date cannot be before From Date,"Bitiş Tarihi, Başlangıç Tarihi'nden önce olamaz",
To Date cannot be before From Date.,"Bitiş Tarihi, Başlangıç Tarihinden önce olamaz.",
To Date cannot be less than From Date,"Tarih, Başlangıç Tarihinden küçük olamaz",
To Date is mandatory,Bitiş Tarihi zorunludur,
To Date must be greater than From Date,"Hedef Tarih, Başlangıç Tarihinden büyük olmalıdır",
To Date should be within the Fiscal Year. Assuming To Date = {0},Tarih Mali Yıl içinde olmalıdır. İlgili Tarih = {0},
To Datetime,Hedef Tarih,
To Deliver,Teslim Edilecek,
To Deliver and Bill,Teslimat ve Fatura,
To Delivery Date,Teslimat Tarihi Bitişi,
To Doctype,Doctype'a,
To Due Date,Termin Tarihi,
To Employee,Personele Aktar,
To Fiscal Year,Mali Yıl,
To Folio No,Bitiş Folyo Numarası,
To Invoice Date,Bitiş Fatura Tarihi,
To No,Bitiş Numarası,
To Package No.,Bitiş Paket No.,
To Pay,Ödeme Yap,
To Payment Date,Bitiş Ödeme Tarihi,
To Posting Date,Gönderim Tarihine Kadar,
To Range,Bitiş Aralığı,
To Receive,Teslim Alınacak,
To Receive and Bill,Alınacak ve Faturalanacak,
To Reference Date,Referans Tarihine Kadar,
To Rename,Yeniden Adlandırılacak,
To Shareholder,Hissedar Bitişi,
To Time,Bitiş Zamanı,
To Time cannot be before from date,Bitiş tarihi başlangıç tarihinden önce olamaz,
To Track inbound purchase,Gelen alımları takip etmek,
To Value,Bitiş Değeri,
To Warehouse,Hedef Depo,
To Warehouse (Optional),Depo (İsteğe bağlı),
To add Operations tick the 'With Operations' checkbox.,Operasyonları Yönetmek için 'Operasyonlar' kutusunu işaretleyin.,
To add subcontracted Item's raw materials if include exploded items is disabled.,"Alt yüklenici ürünü için ham maddeleri eklemek, “Patlatılmış Ürünleri Dahil Et” seçeneği devre dışı bırakıldığında mümkündür.",
"To allow over billing, update ""Over Billing Allowance"" in Accounts Settings or the Item.","Fazla faturalandırmaya izin vermek için Hesap Ayarları'nda veya Öğe'de ""Fazla Faturalandırma İzni ""ni güncelleyin.",
"To allow over receipt / delivery, update ""Over Receipt/Delivery Allowance"" in Stock Settings or the Item.","Fazla alım/teslimat yapılmasına izin vermek için Stok Ayarlarında veya Üründe ""Fazla Alım/Teslimat Ödeneği""ni güncelleyin.",
To apply condition on parent field use parent.field_name and to apply condition on child table use doc.field_name. Here field_name could be based on the actual column name of the respective field.,"Üst alana koşul uygulamak için parent.field_name'i kullanın ve alt tabloya koşul uygulamak için doc.field_name'i kullanın. Burada field_name, ilgili alanın gerçek sütun adına dayalı olabilir.",
To be Delivered to Customer,Müşteriye Teslim Edilecek,
To cancel a {} you need to cancel the POS Closing Entry {}.,{} iptal etmek için POS Kapanış Girişini {} iptal etmeniz gerekir.,
To create a Payment Request reference document is required,Ödeme Talebi oluşturmak için referans belgesi gereklidir,
"To enable Capital Work in Progress Accounting,","Devam Eden Sermaye Çalışması Muhasebesini Etkinleştirmek için,",
To include non-stock items in the material request planning. i.e. Items for which 'Maintain Stock' checkbox is unticked.,Malzeme talebi planlamasına stokta olmayan kalemleri dahil etmek için. yani 'Stoku Koru' onay kutusunun işaretli olmadığı kalemler.,
"To include sub-assembly costs and scrap items in Finished Goods on a work order without using a job card, when the 'Use Multi-Level BOM' option is enabled.","Bir İş Emrinde İş Kartı kullanmadan, 'Çok Seviyeli Ürün Ağacı' seçeneği etkinleştirildiğinde, alt montaj maliyetleri ve hurda ürünler iş emrinde bitmiş ürün maliyetine dahil edilir.

",
"To include tax in row {0} in Item rate, taxes in rows {1} must also be included","{0} nolu satırdaki verginin ürün fiyatına dahil edilebilmesi için, {1} satırındaki vergiler de dahil edilmelidir",
"To merge, following properties must be same for both items","Birleştirmek için, aşağıdaki özellikler her iki öğe için de aynı olmalıdır",
"To overrule this, enable '{0}' in company {1}",Bunu geçersiz kılmak için {1} şirketinde '{0}' ayarını etkinleştirin,
"To still proceed with editing this Attribute Value, enable {0} in Item Variant Settings.",Bu Özellik Değerini düzenlemeye devam etmek için Ürün Varyant Ayarlarında {0} seçeneğini etkinleştirin.,
To submit the invoice without purchase order please set {0} as {1} in {2},Alış irsaliyesi olmadan faturayı göndermek için {0} değerini {1} olarak {2} içinde ayarlayın,
To submit the invoice without purchase receipt please set {0} as {1} in {2},Satın alma irsaliyesi olmadan faturayı göndermek için {0} değerini {1} olarak {2} içinde ayarlayın,
"To use a different finance book, please uncheck 'Include Default FB Assets'",Farklı bir finans defteri kullanmak için lütfen 'Varsayılan FD Varlıklarını Dahil Et' seçeneğinin işaretini kaldırın,
"To use a different finance book, please uncheck 'Include Default FB Entries'",Farklı bir finans defteri kullanmak için lütfen 'Varsayılan FD Girişlerini Dahil Et' seçeneğinin işaretini kaldırın,
Toggle Full Width,Geniş Görünüm,
Toggle Theme,Temayı Değiştir,
Too many columns. Export the report and print it using a spreadsheet application.,Çok fazla sütun var. Raporu dışa aktarın ve bir elektronik tablo uygulaması kullanarak yazdırın.,
Tools,Araçlar,
Total,Toplam,
Total (Company Currency),Toplam (Şirket Para Birimi),
Total (Credit),Toplam (Alacak),
Total (Without Tax),Toplam (Vergi Hariç),
Total Achieved,Toplam Kazanılan,
Total Actual,Gerçek Toplam,
Total Additional Costs,Toplam Ek Maliyetler,
Total Advance,Toplam Peşinat,
Total Allocated Amount,Toplam Ayrılan Tutar,
Total Allocated Amount (Company Currency),Toplam Ayrılan Tutar (Şirket Para Birimi),
Total Allocations,Toplam Tahsisler,
Total Amount,Toplam Tutar,
Total Amount Currency,Toplam Tutar Para Birimi,
Total Amount in Words,Yazıyla Toplam Tutar,
Total Applicable Charges in Purchase Receipt Items table must be same as Total Taxes and Charges,"Satın Alma Makbuzu Kalemleri tablosundaki Toplam Uygulanabilir Ücretler, Toplam Vergiler ve Ücretler tablosuyla aynı olmalıdır",
Total Asset,Toplam Varlık,
Total Asset Cost,Toplam Varlık Maliyeti,
Total Assets,Toplam Varlıklar,
Total Billable Amount,Toplam Faturalandırılabilir Tutar,
Total Billable Amount (via Timesheet),Toplam Faturalandırılabilir Tutar (Çalışma Sayfası Tablosu ile),
Total Billable Hours,Toplam Faturalandırılabilir Saat,
Total Billed Amount,Toplam Fatura Tutarı,
Total Billed Amount (via Sales Invoice),Toplam Fatura Tutarı (Satış Faturası),
Total Billed Hours,Toplam Faturalı Saat,
Total Billing Amount,Toplam Fatura Tutarı,
Total Billing Hours,Toplam Çalışma Saati,
Total Budget,Toplam Bütçe,
Total Characters,Toplam Karakter,
Total Commission,Toplam Komisyon,
Total Completed Qty,Tamamlanan Miktar,
Total Consumed Material Cost (via Stock Entry),Toplam Tüketim Maliyeti Maliyeti (Stok Hareketi ile),
Total Contribution Amount Against Invoices: {0},Faturalar Karşılığı Toplam Katkı Tutarı: {0},
Total Contribution Amount Against Orders: {0},Siparişlere Karşı Toplam Katkı Tutarı: {0},
Total Cost,Toplam Maliyet,
Total Cost (Company Currency),Toplam Maliyet (Şirket Para Birimi),
Total Costing Amount,Toplam Maliyet Tutarı,
Total Costing Amount (via Timesheet),Toplam Maliyetleme Tutarı (Çalışma Sayfası Tablosu Üzerinden),
Total Credit,Toplam Alacak,
Total Credit/ Debit Amount should be same as linked Journal Entry,"Toplam Kredi / Borç Tutarı, Bağlantılı Yevmiye Kaydı ile aynı olmalıdır",
Total Debit,Toplam Borç,
Total Debit must be equal to Total Credit. The difference is {0},"Toplam Borç, Toplam Alacak miktarına eşit olmalıdır. Mevcut Fark {0}",
Total Delivered Amount,Toplam Teslimat Tutarı,
Total Demand (Past Data),Toplam Talep (Geçmiş Veriler),
Total Equity,Toplam Sermaye,
Total Estimated Distance,Toplam Tahmini Mesafe,
Total Expense,Toplam Gider,
Total Expense Claim (via Expense Claims),Toplam Harcama Talepleri,
Total Expense This Year,Bu Yılın Toplam Gideri,
Total Experience,Toplam Deneyim,
Total Forecast (Future Data),Toplam Tahmin (Gelecek Veriler),
Total Forecast (Past Data),Toplam Tahmin (Geçmiş Veriler),
Total Gain/Loss,Toplam Kazanç / Zarar,
Total Hold Time,Toplam Tutma Süresi,
Total Holidays,Toplam Tatil Günü,
Total Income,Toplam Gelir,
Total Income This Year,Bu Yılın Toplam Geliri,
Total Incoming Value (Receipt),Toplam Gelen Değer (Alım),
Total Interest,Toplam Faiz,
Total Invoiced Amount,Toplam Faturalanan Tutar,
Total Issues,Toplam Sorunlar,
Total Items,Toplam Ürünler,
Total Liability,Toplam Yükümlülük,
Total Message(s),Toplam Mesaj,
Total Monthly Sales,Toplam Aylık Satışlar,
Total Net Weight,Toplam Net Ağırlık,
Total Number of Booked Depreciations ,Toplam Amortisman Sayısı ,
Total Number of Depreciations,Toplam Amortisman Sayısı,
Total Only,Sadece Toplam,
Total Operating Cost,Toplam Operasyon Maliyeti,
Total Operation Time,Toplam Operasyon Süresi,
Total Order Considered,Dikkate Alınan Toplam Sipariş,
Total Order Value,Toplam Sipariş Değeri,
Total Other Charges,Toplam Diğer Masraflar,
Total Outgoing,Toplam Giden,
Total Outgoing Value (Consumption),Toplam Çıkan Değer (Tüketim),
Total Outstanding,Toplam Ödenmemiş,
Total Outstanding Amount,Toplam Ödenmemiş Tutar,
Total Paid Amount,Toplam Ödenen Tutar,
Total Payment Amount in Payment Schedule must be equal to Grand / Rounded Total,Ödeme Planındaki Toplam Ödeme Tutarı Genel / Yuvarlanmış Toplam'a eşit olmalıdır,
Total Payment Request amount cannot be greater than {0} amount,Toplam Ödeme Talebi tutarı {0} tutarından büyük olamaz,
Total Payments,Toplam Ödemeler,
Total Picked Quantity {0} is more than ordered qty {1}. You can set the Over Picking Allowance in Stock Settings.,Toplam Toplanan Miktar {0} sipariş edilen {1} miktardan fazladır. Fazla Toplama Ödeneğini Stok Ayarlarında ayarlayabilirsiniz.,
Total Planned Qty,Toplam Planlanan Miktar,
Total Produced Qty,Toplam Üretilen Miktar,
Total Projected Qty,Tahmini Toplam Miktar,
Total Purchase Amount,Toplam Satın Alma Tutarı,
Total Purchase Cost (via Purchase Invoice),Toplam Satınalma Maliyeti (Satınalma Fatura üzerinden),
Total Qty,Toplam Miktar,
Total Quantity,Toplam Miktar,
Total Received Amount,Toplam Alınan Tutar,
Total Repair Cost,Toplam Onarım Maliyeti,
Total Reposting Count,Toplam Yeniden Gönderim Sayısı,
Total Revenue,Toplam Gelir,
Total Sales Amount,Toplam Satış Tutarı,
Total Sales Amount (via Sales Order),Toplam Satış Tutarı (Satış Siparişi),
Total Stock Summary,Toplam Stok Özeti,
Total Supplied Qty,Toplam Tedarik Edilen Miktar,
Total Target,Toplam Hedef,
Total Tasks,Toplam Görevler,
Total Tax,Toplam Vergi,
Total Taxes and Charges,Toplam Vergi,
Total Taxes and Charges (Company Currency),Toplam Vergiler (DENEME),
Total Time (in Mins),Toplam Süre (Dakika),
Total Time in Mins,Toplam Süre (Dakika),
Total Unpaid: {0},Toplam Ödenmeyen: {0},
Total Value,Toplam Değer,
Total Value Difference (Incoming - Outgoing),Toplam Değer Farkı (Giriş - Çıkış),
Total Variance,Toplam Varyantlar,
Total Views,Toplam Görüntüleme,
Total Weight,Toplam Ağırlık,
Total Working Hours,Toplam Çalışma Saati,
Total advance ({0}) against Order {1} cannot be greater than the Grand Total ({2}),"{1} Siparişine karşı toplam avans ({0}), Genel Toplamdan ({2}) büyük olamaz",
Total allocated percentage for sales team should be 100,Satış ekibine ayrılan toplam yüzde 100 olmalıdır,
Total contribution percentage should be equal to 100,Toplam katkı yüzdesi 100'e eşit olmalıdır,
Total hours: {0},Toplam saat: {0},
Total payments amount can't be greater than {},Toplam ödeme tutarı {} miktarından büyük olamaz.,
Total percentage against cost centers should be 100,Maliyet merkezlerine karşı toplam yüzde 100 olmalıdır,
Total {0} ({1}),Toplam {0} ({1}),
"Total {0} for all items is zero, may be you should change 'Distribute Charges Based On'",Tüm ürünler için toplam {0} sıfır olduğu için ‘Giderleri Dağıtma Yöntemi’ni değiştirmeniz gerekebilir.,
Total(Amt),Toplam (Miktar),
Total(Qty),Toplam (Adet),
Totals,Toplam,
Traceability,İzlenebilirlik,
Track Semi Finished Goods,Yarı Mamul Ürünleri Takip Et,
Track Service Level Agreement,Servis Seviyesi Sözleşmesini İzleyin,
Track separate Income and Expense for product verticals or divisions.,Ürün dikeyleri veya bölümleri için Gelir ve Giderleri ayrı ayrı takip edin.,
Tracking Status,Takip Durumu,
Tracking Status Info,İzleme Durum Bilgisi,
Tracking URL,İzleme Bağlantısı,
Transaction,İşlem,
Transaction Currency,İşlem Para Birimi,
Transaction Date,İşlem Tarihi,
Transaction Deletion Document: {0} is running for this Company. {1},İşlem Silme Belgesi: {0} bu Şirket için çalışıyor. {1},
Transaction Deletion Record,İşlem Silme Kaydı,
Transaction Deletion Record Details,İşlem Silme Kaydı Detayları,
Transaction Deletion Record Item,İşlem Silme Kayıt Öğesi,
Transaction Details,İşlem Detayları,
Transaction Exchange Rate,İşlem Döviz Kuru,
Transaction ID,İşlem Kimliği,
Transaction Information,İşlem Bilgileri,
Transaction Name,İşlem Adı,
Transaction Settings,İşlem Ayarları,
Transaction Type,İşlem Türü,
Transaction currency must be same as Payment Gateway currency,İşlem para birimi Ödeme Ağ Geçidi para birimiyle aynı olmalıdır,
Transaction currency: {0} cannot be different from Bank Account({1}) currency: {2},İşlem para birimi: {0} Banka Hesabı ({1}) para biriminden farklı olamaz: {2},
Transaction not allowed against stopped Work Order {0},Durdurulan İş Emrine karşı işlem yapılmasına izin verilmiyor {0},
Transaction reference no {0} dated {1},İşlem Referans No: {0} Tarih: {1},
Transactions,İşlemler,
Transactions Annual History,İşlemler Yıllık Geçmişi,
Transactions against the Company already exist! Chart of Accounts can only be imported for a Company with no transactions.,Şirkete karşı işlemler zaten mevcut! Hesap Planı yalnızca hiçbir işlemi olmayan bir Şirket için içe aktarılabilir.,
Transfer,Transfer,
Transfer Asset,Varlığı Transfer Et,
Transfer From Warehouses,Transfer Edilecek Depo,
Transfer Material Against,Hammadde Transferi,
Transfer Materials,Hammadde Transferi,
Transfer Materials For Warehouse {0},{0} Deposu için Malzeme Transferi,
Transfer Status,Transfer Durumu,
Transfer Type,Transfer Türü,
Transferred,Transfer Edildi,
Transferred Qty,Transfer Edilen Miktar,
Transferred Quantity,Aktarılan Miktar,
Transferred Raw Materials,Transfer Edilen Hammaddeler,
Transit,Taşıma,
Transit Entry,Geçiş Kaydı,
Transport Receipt Date,Nakliye Fatura Tarihi,
Transport Receipt No,Takip Kodu,
Transporter,Taşıyıcı,
Transporter Details,Nakliyeci Detayları,
Transporter Info,Taşıyıcı Bilgisi,
Transporter Name,Şöför Adı,
Travel Expenses,Seyahat Giderleri,
Tree Details,ağaç Detayları,
Tree Type,Ağaç Türü,
Trial Balance,Geçici Mizan,
Trial Balance (Simple),Geçici Mizan (Basit),
Trial Balance for Party,Cari Geçici Mizan,
Trial Period End Date,Deneme Süresi Bitiş Tarihi,
Trial Period End Date Cannot be before Trial Period Start Date,Deneme Süresi Bitiş Tarihi Deneme Süresi Başlangıç Tarihinden önce olamaz,
Trial Period Start Date,Deneme Süresi Başlangıç Tarihi,
Trial Period Start date cannot be after Subscription Start Date,"Deneme Süresi Başlangıç tarihi, Abonelik Başlangıç Tarihinden sonra olamaz",
Trialing,Deneme,
Truncates 'Remarks' column to set character length,Karakter uzunluğunu ayarlamak için 'Açıklamalar' sütununu kısaltır,
Tuesday,Salı,
Twice Daily,Günde İki Kez,
Two-way,İki Yönlü,
Type,Türü,
Type Of Call,Çağrı Türü,
Type of Payment,Ödeme Türü,
Type of Transaction,İşlem Türü,
Type of document to rename.,Yeniden adlandırılacak Belge Türü.,
Types of activities for Time Logs,Zaman Kaytıları için etkinliklerin türleri,
UAE VAT 201,BAE KDV 201,
UAE VAT Account,BAE KDV Hesabı,
UAE VAT Accounts,BAE KDV Hesapları,
UAE VAT Settings,BAE KDV Ayarları,
UOM,Ölçü Birimi,
UOM Category,Ölçü Birimi Kategorisi,
UOM Conversion Detail,Ölçü Birimi Dönüşüm Faktörü Detayı,
UOM Conversion Factor,Ölçü Birimi Dönüşüm Faktörü,
UOM Conversion factor ({0} -> {1}) not found for item: {2},Ölçü Birimi Dönüşüm faktörü ({0} -> {1}) {2} Ürünü için bulunamadı,
UOM Conversion factor is required in row {0},Ölçü Birimi Dönüşüm faktörü {0} satırında gereklidir,
UOM Name,Ölçü Birimi Adı,
UOM conversion factor required for UOM: {0} in Item: {1},Ürünü içinde: {1} ölçü birimi için: {0} dönüştürme faktörü gereklidir,
UOM {0} not found in Item {1},{1} Ürünü için {0} Ölçü Birimi bulunamadı,
UOMs,Ölçü Birimleri,
UPC,UPC,
UPC-A,UPC-A,
URL,URL,
URL can only be a string,URL yalnızca bir dize olabilir,
UnReconcile,Uzlaşmayı Kaldır,
Unable to find exchange rate for {0} to {1} for key date {2}. Please create a Currency Exchange record manually,{0} ile {1} arasındaki anahtar tarih için döviz kuru bulunamadı {2}. Lütfen manuel olarak bir Döviz Kuru kaydı oluşturun,
Unable to find score starting at {0}. You need to have standing scores covering 0 to 100,{0} ile başlayan puan bulunamadı. 0 ile 100 arasında değişen sabit puanlara sahip olmanız gerekiyor,
Unable to find the time slot in the next {0} days for the operation {1}. Please increase the 'Capacity Planning For (Days)' in the {2}.,Önümüzdeki {0} gün içinde {1} operasyonu için zaman aralığı bulunamıyor. Lütfen {2} sayfasındaki 'Kapasite Planlama' alanının değerini artırın.,
Unable to find variable:,Değişken bulunamadı:,
Unallocated Amount,Dağıtılmamış Tutar,
Unassigned Qty,Atanmamış Miktar,
Unblock Invoice,Faturanın Engelini Kaldır,
Unclosed Fiscal Years Profit / Loss (Credit),Kapatılmamış Mali Yıl Karı / Zararı (Alacak),
Under AMC,Yıllık Bakım Sözleşmesi Kapsamında,
Under Graduate,Lisans,
Under Warranty,Garanti Altında,
"Under Working Hours table, you can add start and end times for a Workstation. For example, a Workstation may be active from 9 am to 1 pm, then 2 pm to 5 pm. You can also specify the working hours based on shifts. While scheduling a Work Order, the system will check for the availability of the Workstation based on the working hours specified.","Çalışma Saatleri tablosunda, bir Çalışma İstasyonu için başlangıç ve bitiş saatlerini ekleyebilirsiniz. Örneğin, bir Çalışma İstasyonu sabah 9’dan öğlen 1’e, ardından öğleden sonra 2’den akşam 5’e kadar aktif olabilir. Ayrıca, vardiyalara göre çalışma saatlerini belirtebilirsiniz. Bir İş Emri planlanırken, sistem belirtilen çalışma saatlerine göre Çalışma İstasyonunun uygunluğunu kontrol eder.",
Unfulfilled,Karşılanmamış,
Unit of Measure,Ölçü Birimi,
Unit of Measure {0} has been entered more than once in Conversion Factor Table,Ölçü Birimi {0} Dönüşüm Faktörü Tablosuna birden fazla girildi,
Units of Measure,Ölçü Birimleri,
Unknown,Bilinmiyor,
Unknown Caller,Bilinmeyen Arama,
Unlink Advance Payment on Cancellation of Order,Sipariş İptalinde Ön Ödemenin Bağlantısını Kaldır,
Unlink Payment on Cancellation of Invoice,Fatura İptalinde Ödeme Bağlantısını Kaldır,
Unlink external integrations,Dış entegrasyonların aktarımlarını kaldır,
Unlinked,Bağlı Değil,
Unpaid,Ödenmemiş,
Unpaid and Discounted,Ödenmemiş ve İndirimli,
Unplanned machine maintenance,Plansız Bakım Duruşu,
Unqualified,Yeterli Değil,
Unrealized Exchange Gain/Loss Account,Gerçekleşmemiş Döviz Kâr / Zarar Hesabı,
Unrealized Profit / Loss Account,Gerçekleşmemiş Kâr / Zarar Hesabı,
Unrealized Profit / Loss account for intra-company transfers,Şirket içi transferler için Gerçekleşmemiş Kâr / Zarar Hesabı,
Unrealized Profit/Loss account for intra-company transfers,Şirket içi transferler için Gerçekleşmemiş Kâr / Zarar Hesabı,
Unreconcile Payment,Ödeme Uzlaştırmasını Geri Al,
Unreconcile Payment Entries,Ödeme Girişlerinin Mutabakatını Kaldır,
Unreconcile Transaction,Uzlaştırılmamış İşlem,
Unreconciled,Uzlaşılmamış,
Unreconciled Amount,Mutabık Olunmayan Tutar,
Unreconciled Entries,Mutabık Olunmayan Girişler,
Unreserve,Stok Rezervini Kaldır,
Unreserve Stock,Stok Rezevlerini Kaldır,
Unreserving Stock...,Stok Rezevleri Kaldırılıyor...,
Unresolved,Çözülmemiş,
Unscheduled,planlanmamış,
Unsecured Loans,Teminatsız Krediler,
Unset Matched Payment Request,Eşleşen Ödeme Talebini Ayarla,
Unsigned,İmzalanmadı,
Unsubscribe from this Email Digest,Bu E-Posta Özeti Aboneliğinden Ayrılın,
Unsubscribed,Abonelikten Çıkıldı,
Until,Kadar,
Unverified,Doğrulanmamış,
Unverified Webhook Data,Doğrulanmamış Webhook Verileri,
Up,Yukarı,
Upcoming Calendar Events,Yaklaşan Takvim Etkinlikleri,
Upcoming Calendar Events ,Yaklaşan Takvim Etkinlikleri ,
Update,Güncelle,
Update Account Name / Number,Hesabı Güncelle,
Update Account Number / Name,Hesabı Güncelle,
Update Auto Repeat Reference,Otomatik Tekrar Referansı Güncelle,
Update BOM Cost Automatically,Ürün Ağacı Maliyetini Otomatik Güncelle,
"Update BOM cost automatically via scheduler, based on the latest Valuation Rate/Price List Rate/Last Purchase Rate of raw materials",Hammaddelerin en son Değerleme Oranı / Liste Fiyatı / Son Satın Alma Oranına dayalı olarak ürün reçetesi maliyetini planlayıcı aracılığıyla otomatik olarak güncelleyin.,
Update Billed Amount in Delivery Note,İrsaliyedeki Fatura Tutarını Güncelle,
Update Billed Amount in Purchase Order,Satış Siparişindeki Fatura Tutarını Güncelle,
Update Billed Amount in Purchase Receipt,Satın Alma Emrindeki Fatura Tutarını Güncelle,
Update Billed Amount in Sales Order,Satış Emrindeki Tutarı Güncelle,
Update Clearance Date,Temizleme Tarihini Güncelle,
Update Consumed Material Cost In Project,Projede Tüketilen Malzeme Maliyetini Güncelle,
Update Cost,Maliyeti Güncelle,
Update Cost Center Name / Number,Maliyet Merkezini Güncelle,
Update Current Stock,Mevcut Stoğu Güncelle,
Update Existing Price List Rate,Mevcut Fiyat Listesini Güncelle,
Update Existing Records,Mevcut Kayıtları Güncelle,
Update Items,Ürünleri Güncelle,
Update Outstanding for Self,Kendi Açık Bakiyesini Güncelle,
Update Print Format,Yazdırma Formatını Güncelle,
Update Rate and Availability,Fiyat ve Kullanılabilirliği Güncelle,
Update Rate as per Last Purchase,Son Satın Almaya Göre Fiyatı Güncelle,
Update Stock,Stok Güncelle,
Update Type,Güncelleme Türü,
Update frequency of Project,Projenin güncelleme sıklığı,
Update latest price in all BOMs,Tüm Ürün Ağaçlarındaki Fiyatları Güncelle,
Update stock must be enabled for the purchase invoice {0},Satın Alma faturası için stok güncelleme etkinleştirilmelidir {0},
Update the modified timestamp on new communications received in Lead & Opportunity.,Yeni iletişimlerde Potansiyel Müşteri ve Fırsat kayıtlarının değiştirilme zaman damgasını güncelle.,
Update timestamp on new communication,Yeni İletişimde Zaman Damgasını Güncelle,
Updated successfully,Başarıyla Güncellendi,
Updated via 'Time Log' (In Minutes),'Zaman Kaydı' ile güncellendi. (Dakika),
Updating Variants...,Varyantlar Güncelleniyor...,
Updating Work Order status,İş Emri durumu güncelleniyor,
"Updating {0} of {1}, {2}",{0} Güncelleniyor {0}/{1},
Upload Bank Statement,Banka Hesap Özeti Yükle,
Upload XML Invoices,XML Faturalarını Yükleme,
"Upon submission of the Sales Order, Work Order, or Production Plan, the system will automatically reserve the stock.","Satış Siparişi, İş Emri veya Üretim Planı gönderildikten sonra sistem otomatik olarak stok ayıracaktır.",
Upper Income,Üst Gelir,
Urgent,Acil,
Use 'Repost in background' button to trigger background job. Job can only be triggered when document is in Queued or Failed status.,Arka plan işini başlatmak için 'Arka planda yeniden gönder' düğmesini kullanın. İş yalnızca belge Kuyrukta veya Başarısız durumda olduğunda başlatılabilir.,
Use Batch-wise Valuation,Parti Bazında Değerleme Kullan,
Use Company Default Round Off Cost Center,Varsayılan Yuvarlama Maliyet Merkezini Kullan,
Use Company default Cost Center for Round off,Yuvarlamak İçin Varsayılan Maliyet Merkezini Kullan,
Use Google Maps Direction API to calculate estimated arrival times,Tahmini tahmini kullanım kullanımlarını hesaplamak için Google Haritalar Yönü API&#39;sini kullanın,
Use Google Maps Direction API to optimize route,Rotayı optimize etmek için Google Haritalar Yönü API&#39;sini kullanın,
Use HTTP Protocol,HTTP Protokolünü Kullan,
Use Item based reposting,Ürün Bazlı Yeniden Kayıt Kullan,
Use Multi-Level BOM,Çok Seviyeli Ürün Ağacı Kullan,
Use Serial / Batch Fields,Seri / Parti Alanları Kullan,
Use Serial No / Batch Fields,Seri No / Parti Alanlarını Kullanın,
Use Server Side Reactivity,Sunucu Tarafı Tepkiselliği Kullan,
Use Transaction Date Exchange Rate,İşlem Tarihi Döviz Kurunu Kullan,
Use a name that is different from previous project name,Önceki proje isminden farklı bir isim kullanın,
Use for Shopping Cart,Online Satış İçin Geçerli,
Used,Kullanılmış,
Used for Production Plan,Üretim Planı için Kullanılır,
User,Kullanıcı,
User Details,Kullanıcı Detayları,
User Forum,Kullanıcı Forumu,
User ID,Kullanıcı Kimliği,
User ID not set for Employee {0},Çalışan için Kullanıcı Kimliği ayarlanmadı {0},
User Remark,Kullanıcı Notu,
User Resolution Time,Kullanıcı Çözüm Süresi,
User Settings,Kullanıcı Ayarları,
User has not applied rule on the invoice {0},Kullanıcı fatura üzerinde kural uygulamadı {0},
User {0} does not exist,Kullanıcı {0} mevcut değil,
User {0} doesn't have any default POS Profile. Check Default at Row {1} for this User.,{0} Kullanıcısının herhangi bir varsayılan POS Profili yok. Bu Kullanıcı için {1} Satırındaki Varsayılanı kontrol edin.,
User {0} is already assigned to Employee {1},Kullanıcı {0} zaten {1} Personele atanmış,
User {0} is disabled,Kullanıcı {0} devre dışı bırakıldı,
User {0}: Removed Employee Self Service role as there is no mapped employee.,Kullanıcı {0}: Eşlenen bir çalışan olmadığı için Çalışan Self Servis rolü kaldırıldı.,
User {0}: Removed Employee role as there is no mapped employee.,Kullanıcı {0}: Eşlenen bir çalışan olmadığı için Çalışan rolü kaldırıldı.,
User {} is disabled. Please select valid user/cashier,Kullanıcı {} devre dışı bırakıldı. Lütfen geçerli kullanıcı seçin,
Users,Kullanıcılar,
Users can consume raw materials and add semi-finished goods or final finished goods against the operation using job cards.,"Kullanıcılar iş kartlarını kullanarak hammadde tüketebilir, yarı mamul veya nihai ürünleri operasyona ekleyebilirler.",
Users can enable the checkbox If they want to adjust the incoming rate (set using purchase receipt) based on the purchase invoice rate.,"Kullanıcılar, satın alma faturasındaki fiyatı (satın alma irsaliyesi ile ayarlanan) ayarlamak istiyorlarsa, onay kutusunu etkinleştirebilirler.",
Users with this role are allowed to over bill above the allowance percentage,"Bu role sahip kullanıcıların, ödenek yüzdesinin üzerinde fazla fatura kesmesine izin verilir.",
Users with this role are allowed to over deliver/receive against orders above the allowance percentage,"Bu role sahip kullanıcılara, izin verilen yüzdesinin üzerindeki siparişler için fazla teslimat/alma izni verilir.",
Users with this role are allowed to set frozen accounts and create / modify accounting entries against frozen accounts,Bu rol sahibi kullanıcıların şifreli hesapları düzenleme ve şifrelenmiş hesaplara karşı muhasebe girdileri oluşturma/düzenleme yetkileri vardır,
Using negative stock disables FIFO/Moving average valuation when inventory is negative.,"Negatif stok kullanımı, envanter negatif olduğunda FIFO/Hareketli ortalama değerlemesini devre dışı bırakır.",
Utility Expenses,Hizmet Giderleri,
VAT Accounts,KDV Hesapları,
VAT Amount (AED),KDV Tutarı (AED),
VAT Audit Report,KDV Denetim Raporu,
VAT on Expenses and All Other Inputs,Giderler ve Diğer Tüm Girdi Üzerindeki KDV,
VAT on Sales and All Other Outputs,Satışlarda ve Diğer Tüm Çıktılarda KDV,
Valid From,Geçerlilik Başlangıç Tarihi,
Valid From date not in Fiscal Year {0},Geçerlilik Tarihi Mali Yılda Değil {0},
Valid From must be after {0} as last GL Entry against the cost center {1} posted on this date,"Geçerli Başlangıç Tarihi, maliyet merkezi {1} için yapılan son Genel Muhasebe Girişi {0} tarihinden sonra olmalıdır",
Valid Till,Geçerlilik Bitiş Tarihi,
Valid Up To,Geçerlilik Tarihi,
Valid Up To date cannot be before Valid From date,"Son Geçerlilik Tarihi, Geçerlilik Başlangıç Tarihinden önce olamaz",
Valid Up To date not in Fiscal Year {0},Geçerlilik Tarihi Mali Yılda Değil {0},
Valid for Countries,Geçerli Olan Ülkeler,
Valid from and valid upto fields are mandatory for the cumulative,Toplu alım için geçerlilik tarihi ve geçerlilik tarihine kadar alanları zorunludur,
Valid till Date cannot be before Transaction Date,Geçerlilik Tarihi İşlem Tarihinden önce olamaz,
Valid till date cannot be before transaction date,Son geçerlilik tarihi işlem tarihinden önce olamaz,
Validate Applied Rule,Uygulanan Kuralı Doğrula,
Validate Components and Quantities Per BOM,Ürün Ağacı Başına Bileşen Miktarlarını Doğrula,
Validate Negative Stock,Negatif Stoku Doğrula,
Validate Pricing Rule,Fiyatlandırma Kuralını Doğrula,
Validate Selling Price for Item Against Purchase Rate or Valuation Rate,Satın Alma Fiyatına veya Değerleme Oranına Göre Ürün Satış Fiyatını Doğrula,
Validate Stock on Save,Stokları Kaydederken Doğrula,
Validity,Geçerlilik,
Validity Details,kutsallık detayları,
Validity and Usage,Kullanım ve Kullanım,
Validity in Days,Geçerlilik Gün olarak,
Validity period of this quotation has ended.,Bu teklifin geçerlilik süresi sona ermiştir.,
Valuation,Değerleme,
Valuation (I - K),Değerleme (I - K),
Valuation Field Type,Değerleme Alan Türü,
Valuation Method,Değerleme Yöntemi,
Valuation Rate,Değerleme Fiyatı / Oranı,
Valuation Rate (In / Out),Değerleme Fiyatı (Giriş / Çıkış),
Valuation Rate Missing,Değerleme Fiyatı Eksik,
"Valuation Rate for the Item {0}, is required to do accounting entries for {1} {2}.","Ürün {0} için Değerleme Oranı, {1} {2} muhasebe kayıtlarını yapmak için gereklidir.",
Valuation Rate is mandatory if Opening Stock entered,Açılış Stoku girilirse Değerleme Oranı zorunludur,
Valuation Rate required for Item {0} at row {1},{1} nolu satırdaki {0} Ürünü için Değerleme Oranı gereklidir,
Valuation and Total,Değerleme ve Toplam,
Valuation rate for customer provided items has been set to zero.,Müşteri tarafından sağlanan ürünler için değerleme oranı sıfır olarak ayarlandı.,
Valuation rate for the item as per Sales Invoice (Only for Internal Transfers),Satış Faturasına göre ürün için değerleme oranı (Sadece Dahili Transferler için),
Valuation type charges can not be marked as Inclusive,Değerleme türü ücretleri Dahil olarak işaretlenemez,
Valuation type charges can not marked as Inclusive,Değerleme türü ücretleri Dahil olarak işaretlenemez,
Value,Değer,
Value (G - D),Değer (G - D),
Value ({0}),Değer ({0}),
Value After Depreciation,Amortisman Sonrası Değer,
Value Based Inspection,Değere Göre Kontrol,
Value Change,Değer Değişimi,
Value Details,Değerler,
Value Or Qty,Değer veya Miktar,
Value Proposition,Değer Önerisi,
Value as on,Değer Tarihi Olarak,
Value for Attribute {0} must be within the range of {1} to {2} in the increments of {3} for Item {4},"Özellik {0} için değer, {4} ürünü için {1} ile {2} aralığında ve {3} artışlarıyla olmalıdır.",
Value of Goods,Malların Değeri,
Value of New Capitalized Asset,Yeni Sermayelendirilmiş Varlığın Maliyeti,
Value of New Purchase,Yeni Satın Alma Değeri,
Value of Scrapped Asset,Hurdaya Çıkarılan Varlığın Değeri,
Value of Sold Asset,Satılan Varlığın Değeri,
Value of goods cannot be 0,Ürünlerin değeri 0 olamaz,
Value or Qty,Değer veya Miktar,
Values Changed,Değişen Değerler,
Variable Name,işletim Adı,
Variables,Değişkenler,
Variance,Sapma,
Variance ({}),Varyans ({}),
Variant,Varyant,
Variant Attribute Error,Varyant Özelliği Hatası,
Variant Attributes,Varyant Özellikleri,
Variant BOM,Varyant Ürün Ağacı,
Variant Based On,Varyant Referansı,
Variant Based On cannot be changed,Varyant Tabanlı değiştirilemez,
Variant Details Report,Varyant Ayrıntıları Raporu,
Variant Field,Varyant Alanı,
Variant Item,Varyant Ürün,
Variant Items,Varyant Ürünler,
Variant Of,Varyantı,
Variant creation has been queued.,Varyant oluşturma işlemi sıraya alındı.,
Variants,Varyantlar,
Vehicle,Araç,
Vehicle Date,Tarih,
Vehicle Expenses,Araç Giderleri,
Vehicle No,Plaka,
Vehicle Number,Plaka,
Vehicle Value,Araç Değeri,
Vendor Name,Tedarikçi Adı,
Verification failed please check the link,Doğrulama başarısız oldu lütfen bağlantıyı kontrol edin,
Verified By,Onaylayan,
Verify Email,E-postayı Doğrula,
Version,Versiyon,
Via Customer Portal,Müşteri Portalı üzerinden,
Via Landed Cost Voucher,Ek Maliyeti Fişi,
Video,Video,
Video Settings,Video Ayarları,
View,Göster,
View BOM Update Log,Ürün Ağacı Güncelleme Kayıtları,
View Chart of Accounts,Hesap Planını Görüntüle,
View Exchange Gain/Loss Journals,Döviz Kazanç/Kayıp Günlüklerini Görüntüle,
View General Ledger,Genel Muhasebeyi Görüntüle,
View Leads,Müşteri Adaylarını Göster,
View Ledger,Defteri Göster,
View Ledgers,Defterleri Görüntüle,
View Now,Şimdi Görüntüle,
View Type,Görünüm Türü,
View Website,Websitesine Git,
View attachments,Dosyaları Görüntüle,
View call log,Çağrı günlüğünü görüntüle,
Views,Görüntüleme,
Vimeo,Vimeo,
Visit the forums,Forumları ziyaret edin,
Visited,Ziyaret edildi,
Voice,Ses,
Voice Call Settings,Sesli Arama Ayarları,
Voucher,Belge,
Voucher #,Belge #,
Voucher Detail No,Belge Detay No,
Voucher Name,Belge Adı,
Voucher No,Belge Numarası,
Voucher No is mandatory,Belge No Zorunludur,
Voucher Qty,Belge Miktarı,
Voucher Subtype,Giriş Türü,
Voucher Type,Belge Türü,
Voucher {0} is over-allocated by {1},"Fatura {0}, {1} kadar fazla tahsis edilmiş",
Voucher-wise Balance,Fatura Bazında Bakiye,
Vouchers,kuponları,
"WARNING: Exotel app has been separated from ERPNext, please install the app to continue using Exotel integration.","UYARI: Exotel uygulaması ERPNext'ten ayrıldı, Exotel entegrasyonunu kullanmaya devam etmek için lütfen uygulamayı yükleyin.",
WIP Composite Asset,Devam Eden Bileşik Varlık,
WIP WH,Devam Eden İşler Deposu,
WIP Warehouse,Devam Eden İşler Deposu,
Wages,Maaşlar,
Wages per hour,Saatlik Ücret,
Waiting for payment...,Ödeme bekleniyor...,
Warehouse,Depo,
Warehouse Capacity Summary,Depo Kapasite Özeti,
Warehouse Capacity for Item '{0}' must be greater than the existing stock level of {1} {2}.,'{0}' Ürünü için Depo Kapasitesi mevcut stok seviyesi olan {1} {2}'den büyük olmalıdır.,
Warehouse Contact Info,Depo İletişim Bilgisi,
Warehouse Detail,Depo Detayları,
Warehouse Details,Depo Detayları,
Warehouse Disabled?,Depo Kapalı,
Warehouse Name,Depo Adı,
Warehouse Settings,Depo Ayarları,
Warehouse Type,Depo Türü,
Warehouse Wise Stock Balance,Depo Bazında Stok Dengesi,
Warehouse and Reference,Depo ve Referans,
Warehouse can not be deleted as stock ledger entry exists for this warehouse.,Bu depo için stok haraketi mevcut olduğundan depo silinemez.,
Warehouse cannot be changed for Serial No.,Seri No için depo değiştirilemez.,
Warehouse is mandatory,Depo Zorunludur,
Warehouse not found against the account {0},Hesap {0} karşılığında depo bulunamadı.,
Warehouse required for stock Item {0},Stok Ürünü {0} için depo gereklidir,
Warehouse wise Item Balance Age and Value,Depoya Göre Ürün Bakiye Yaşı ve Değeri,
Warehouse {0} can not be deleted as quantity exists for Item {1},{0} Deposunda {1} ürününe ait stok olduğundan silinemez.,
Warehouse {0} does not belong to Company {1}.,"{0} Deposu, {1} şirketine ait değil.",
Warehouse {0} does not belong to company {1},Depo {0} {1} şirketine ait değil,
"Warehouse {0} is not allowed for Sales Order {1}, it should be {2}","Depo {0}, Satış Siparişi {1} için kullanılamaz. Kullanılması gereken depo {2} şeklinde ayarlanmalı",
"Warehouse {0} is not linked to any account, please mention the account in the warehouse record or set default inventory account in company {1}.","{0} Deposu herhangi bir hesaba bağlı değil, lütfen depo kaydında hesabı belirtin veya {1} Şirketinde varsayılan stok hesabını ayarlayın.",
Warehouse's Stock Value has already been booked in the following accounts:,Deponun Stok Değeri zaten aşağıdaki hesaplara kaydedilmiş:,
Warehouse: {0} does not belong to {1},"Depo: {0}, {1} ile ilişkili değil",
Warehouses,Depolar,
Warehouses with child nodes cannot be converted to ledger,"Alt kırılımları olan depolar, deftere dönüştürülemez.",
Warehouses with existing transaction can not be converted to group.,Önceden stok hareketi olan depolar grubuna dönüştürülemez.,
Warehouses with existing transaction can not be converted to ledger.,Mevcut işlemi olan depolar deftere dönüştürülemez.,
Warn,Uyar,
Warn POs,Satınalma Sipariş Uyarısı,
Warn Purchase Orders,Satın Alma Siparişleri İçin Uyar,
Warn RFQs,Teklif Talepleri İçin Uyar,
Warn for new Purchase Orders,Yeni Satınalma Siparişi için Uyarı,
Warn for new Request for Quotations,Yeni Fiyat Teklifi Talebi için Uyar,
Warning,Uyarı,
Warning - Row {0}: Billing Hours are more than Actual Hours,Uyarı - Satır {0}: Faturalama Saatleri Gerçek Saatlerden Fazla,
Warning on Negative Stock,Eksi Stokta Uyar,
Warning!,Uyarı!,
Warning: Another {0} # {1} exists against stock entry {2},Uyarı: Stok girişi {2} için başka bir {0} # {1} mevcut.,
Warning: Material Requested Qty is less than Minimum Order Qty,Uyarı: Talep Edilen Malzeme Miktarı Minimum Sipariş Miktarından Az,
Warning: Sales Order {0} already exists against Customer's Purchase Order {1},Uyarı: Müşterinin Satın Alma Siparişi {1} için Satış Siparişi {0} zaten mevcut.,
Warranty / AMC Details,Garanti / Bakım Sözleşmesi Detayları,
Warranty / AMC Status,Garanti / Bakım Anlaşması Durumu,
Warranty Claim,Garanti Talebi,
Warranty Expiry Date,Garanti Bitiş Tarihi,
Warranty Period (Days),Garanti Süresi (Gün),
Warranty Period (in days),Servis Süresi,
Watch Video,Video İzle,
We're here to help!,Yardım etmek için buradayız!,
Website,Website,
Website Attribute,Web Sitesi Özelliği,
Website Description,Açıklama,
Website Filter Field,Web Sitesi Filtre Alanı,
Website Image,Websitesi Resmi,
Website Item Group,Web Sitesi Ürün Grubu,
Website Manager,Website Yöneticisi,
Website Specifications,Web Sitesi Özellikleri,
Wednesday,Çarşamba,
Week,Haftalık,
Week {0} {1},Hafta {0} {1},
Weekday,Çalışma günü,
Weekly,Haftalık,
Weekly Off,Haftalık İzin,
Weekly Time to send,Haftalık Gönderim Zamanı,
Weight,Ağırlık,
Weight (kg),Ağırlık (kg),
Weight Per Unit,Birim Başına Ağırlık,
Weight UOM,Ağırlık Ölçü Birimi,
Weighting Function,Ağırlıklandırma İşlevi,
Welcome email sent,Hoşgeldiniz e-postası gönderildi,
Welcome to {0},{0} Uygulamasına Hoş Geldiniz,
What do you need help with?,Hangi konuda yardıma ihtiyacınız var?,
WhatsApp,WhatsApp,
Wheels,Tekerlek,
"When creating an Item, entering a value for this field will automatically create an Item Price at the backend.","Bir Ürün oluştururken bu alana bir değer girilmesi, arka planda otomatik olarak bir Ürün Fiyatı oluşturacaktır.",
"While creating account for Child Company {0}, parent account {1} found as a ledger account.","Alt Şirket {0} için hesap oluştururken, {1} ana hesap bir genel muhasebe hesabı olarak bulundu.",
"While creating account for Child Company {0}, parent account {1} not found. Please create the parent account in corresponding COA","Bağlı Şirket {0} için hesap oluşturulurken, ana hesap {1} bulunamadı. Lütfen ilgili Hesap Planında ana hesabı oluşturun",
"While making Purchase Invoice from Purchase Order, use Exchange Rate on Invoice's transaction date rather than inheriting it from Purchase Order. Only applies for Purchase Invoice.","Bu ayar, Satın Alma Faturası oluşturulurken döviz kurunun nasıl belirleneceğini kontrol eder. Eğer bu seçenek etkinse, Satın Alma Siparişindeki döviz kuru yerine, Satın Alma Faturasının işlem tarihindeki döviz kuru esas alınır.",
White,Beyaz,
Widowed,Dul,
Width (cm),Genişlik (cm),
Width of amount in word,Yazıyla tutarın genişliği,
Will also apply for variants,Varyantlar için de uygulanacak,
Will also apply for variants unless overridden,Geçersiz kılınmadığı sürece varyantlar için de geçerli olacaktır,
Wire Transfer,Elektronik Transfer,
With Operations,Operasyonları Etkinleştir,
With Period Closing Entry For Opening Balances,Açılış Bakiyeleri İçin Dönem Kapanış Kaydı,
Withdrawal,Para Çekme,
Work Done,İş Bitti,
Work In Progress,Devam Eden İşler,
Work In Progress Warehouse,Devam Eden İş Deposu,
Work Order,İş Emri,
Work Order / Subcontract PO,İş Emri,
Work Order Analysis,İş Emri Analizi,
Work Order Consumed Materials,İş Emri Tüketilen Malzemeler,
Work Order Item,İş Emri Ürünü,
Work Order Operation,İş Emri Operasyonu,
Work Order Qty,İş Emri Miktarı,
Work Order Qty Analysis,İş Emri Miktar Analizi,
Work Order Stock Report,İş Emri Stok Raporu,
Work Order Summary,İş Emri Özeti,
Work Order cannot be created for following reason: <br> {0},Aşağıdaki nedenden dolayı İş Emri oluşturulamıyor: <br> {0},
Work Order cannot be raised against a Item Template,İş Emri bir Ürün Şablonuna karşı oluşturulamaz,
Work Order has been {0},İş Emri {0},
Work Order not created,İş Emri oluşturulmadı,
Work Order {0}: Job Card not found for the operation {1},İş Emri {0}: {1} operasyonu için İş Kartı bulunamadı,
Work Orders,İş Emirleri,
Work Orders Created: {0},Oluşturulan İş Emirleri: {0},
Work Orders in Progress,Devam eden İş Emirleri,
Work in Progress,Devam Eden,
Work-in-Progress Warehouse,Devam Eden İş Deposu,
Work-in-Progress Warehouse is required before Submit,Göndermeden önce Devam Eden İşler Deposu gereklidir,
Workday,Çalışma Günü,
Workday {0} has been repeated.,{0} iş günü tekrarlandı.,
Working,Devam Ediyor,
Working Hours,Çalışma Saatleri,
Workspace Settings,Çalışma Alanı Ayarları,
Workstation,İş İstasyonu,
Workstation / Machine,İş İstasyonu / Makine,
Workstation Dashboard,İş İstasyonu Panosu,
Workstation Name,İş İstasyonu İsmi,
Workstation Status,İş İstasyonu Durumu,
Workstation Type,İş İstasyonu Türü,
Workstation Working Hour,İş İstasyonu Çalışma Saati,
Workstation is closed on the following dates as per Holiday List: {0},İş İstasyonu ayarlanan Tatil Listesine göre aşağıdaki tarihlerde kapalıdır: {0},
Workstations,İş İstasyonları,
Wrapping up,Son dokunuşlar,
Write Off,Şüpheli Alacak,
Write Off Account,Şüpheli Alacaklar Hesabı,
Write Off Amount,Hesap Kapatma Tutarı,
Write Off Amount (Company Currency),Şüpheli Alacak Miktarı (Şirketin Kurunda),
Write Off Based On,Alınacak Referans,
Write Off Cost Center,Şüpheli Alacak Maliyet Merkezi,
Write Off Difference Amount,Şüpheli Alacak Fark Hesabı,
Write Off Entry,Silme Kaydı,
Write Off Limit,Kapatma Limiti,
Write Off Outstanding Amount,Vadesi Dolan Şüpheli Alacak Miktarı,
Writeoff,Hesap Kapatma,
Written Down Value,İndirgenmiş Değer,
Wrong Company,Yanlış Şirket,
Wrong Password,Yanlış Şifre,
Wrong Template,Yanlış Şablon,
XML Files Processed,XML Dosyaları İşlendi,
Year,Yıl,
Year End Date,Bitiş,
Year Name,Yıl,
Year Start Date,Başlangıç,
Year of Passing,Mezuniyet Yılı,
Year start date or end date is overlapping with {0}. To avoid please set company,Yılın başlangıç tarihi veya bitiş tarihi {0} ile çakışıyor. Bunu önlemek için lütfen şirketi ayarlayın,
Yearly,Yıllık,
Yellow,Sarı,
Yes,Evet,
You are importing data for the code list:,Kod listesi için veri aktarıyorsunuz:,
You are not allowed to update as per the conditions set in {} Workflow.,{} İş Akışında belirlenen koşullara göre güncelleme yapmanıza izin verilmiyor.,
You are not authorized to add or update entries before {0},{0} tarihinden önce giriş ekleme veya güncelleme yetkiniz yok,
You are not authorized to make/edit Stock Transactions for Item {0} under warehouse {1} before this time.,"Bu zamandan önce, {1} deposu altında {0} ürünü için Stok İşlemleri yapmaya/yapılanı düzenlemeye yetkiniz yok.",
You are not authorized to set Frozen value,Dondurulmuş değeri ayarlama yetkiniz yok,
You are picking more than required quantity for the item {0}. Check if there is any other pick list created for the sales order {1}.,Ürün için gereken miktardan fazlasını topluyorsunuz {0}. Satış siparişi için başka bir toplama listesi oluşturulup oluşturulmadığını kontrol edin {1}.,
You can add the original invoice {} manually to proceed.,Devam etmek için asıl faturayı {} manuel olarak ekleyebilirsiniz.,
You can also copy-paste this link in your browser,Bu bağlantıyı kopyalayıp tarayıcınıza da yapıştırabilirsiniz,
You can also set default CWIP account in Company {},"Ayrıca, Şirket içinde genel Sermaye Devam Eden İşler hesabını da ayarlayabilirsiniz {}",
You can change the parent account to a Balance Sheet account or select a different account.,Ana hesabı Bilanço hesabına dönüştürebilir veya farklı bir hesap seçebilirsiniz.,
You can not enter current voucher in 'Against Journal Entry' column,'Yevmiye Kaydına Karşı' sütununa cari fiş giremezsiniz,
You can only have Plans with the same billing cycle in a Subscription,Abonelikte yalnızca aynı faturalama döngüsüne sahip Planlara sahip olabilirsiniz,
You can only redeem max {0} points in this order.,Bu siparişte en fazla {0} puan kullanabilirsiniz.,
You can only select one mode of payment as default,Varsayılan olarak yalnızca bir ödeme yöntemi seçebilirsiniz,
You can redeem upto {0}.,En çok {0} kullanabilirsiniz.,
"You can set it as a machine name or operation type. For example, stiching machine 12","Bunu bir makine adı veya işlem türü olarak ayarlayabilirsiniz. Örneğin, kesme makinesi 12",
You can't make any changes to Job Card since Work Order is closed.,İş Emri kapalı olduğundan İş Kartında herhangi bir değişiklik yapamazsınız.,
You can't process the serial number {0} as it has already been used in the SABB {1}. {2} if you want to inward same serial number multiple times then enabled 'Allow existing Serial No to be Manufactured/Received again' in the {3},"Seri ve Parti Paketi {1} içinde zaten kullanılmış olduğu için seri numarası {0} işlenemez. {2} Eğer aynı seri numarasını birden fazla kez almak veya üretmek istiyorsanız, {3} içinde ‘Mevcut Seri Numarasının Yeniden Üretilmesine/Alınmasına İzin Ver’ seçeneğini etkinleştirin.",
You cannot change the rate if BOM is mentioned against any Item.,Herhangi bir Ürün için Ürün Ağacı belirtilmişse fiyatı değiştiremezsiniz.,
You cannot create a {0} within the closed Accounting Period {1},Kapatılan Hesap Dönemi  {1} içinde bir {0} oluşturamazsınız,
You cannot create or cancel any accounting entries with in the closed Accounting Period {0},Kapalı Hesap Döneminde herhangi bir muhasebe girişi oluşturamaz veya iptal edemezsiniz {0},
You cannot create/amend any accounting entries till this date.,Bu tarihe kadar herhangi bir muhasebe kaydı oluşturamaz/değiştiremezsiniz.,
You cannot credit and debit same account at the same time,Aynı anda aynı hesaba para yatırıp borçlandıramazsınız,
You cannot delete Project Type 'External','Harici' Proje Türünü silemezsiniz,
You cannot edit root node.,Kök kategorisini düzenleyemezsiniz.,
You cannot redeem more than {0}.,{0} adetinden fazlasını kullanamazsınız.,
You cannot repost item valuation before {},{} tarihinden önce ürün değerlemesini yeniden gönderemezsiniz,
You cannot restart a Subscription that is not cancelled.,İptal edilmeyen bir Aboneliği yeniden başlatamazsınız.,
You cannot submit empty order.,Boş sipariş gönderemezsiniz.,
You cannot submit the order without payment.,Ödeme yapılmadan siparişi gönderemezsiniz.,
You cannot {0} this document because another Period Closing Entry {1} exists after {2},Bu belgeyi {0} yapamazsınız çünkü {2} tarihinden sonra sonra başka bir Dönem Kapanış Girişi {1} mevcuttur,
You do not have permissions to {} items in a {}.,{} içindeki {} öğelerine ilişkin izniniz yok.,
You don't have enough Loyalty Points to redeem,Kullanmak için yeterli Sadakat Puanınız yok,
You don't have enough points to redeem.,Kullanmak için yeterli puanınız yok.,
You had {} errors while creating opening invoices. Check {} for more details,Açılış faturaları oluştururken {} hatayla karşılaştınız. Daha fazla ayrıntı için {} adresini kontrol edin,
You have already selected items from {0} {1},Zaten öğelerinizi seçtiniz {0} {1},
You have been invited to collaborate on the project {0}.,Projede işbirliği yapmak üzere davet edildiniz: {0}.,
You have entered a duplicate Delivery Note on Row,Satırda tekrarlayan bir İrsaliye girdiniz,
You have to enable auto re-order in Stock Settings to maintain re-order levels.,Yeniden sipariş seviyelerini korumak için Stok Ayarlarında otomatik yeniden siparişi etkinleştirmeniz gerekir.,
You haven't created a {0} yet,Henüz bir {0} oluşturmadınız.,
You must select a customer before adding an item.,Bir Ürün eklemeden önce Müşteri seçmelisiniz.,
You need to cancel POS Closing Entry {} to be able to cancel this document.,Bu belgeyi iptal edebilmek için POS Kapanış Girişini {} iptal etmeniz gerekmektedir.,
You selected the account group {1} as {2} Account in row {0}. Please select a single account.,Satır {0} için {2} Hesap olarak {1} hesap grubunu seçtiniz. Lütfen tek bir hesap seçin.,
YouTube,Youtube,
YouTube Interactions,YouTube Etkileşimleri,
Your Name (required),Adınız (gerekli),
Your email has been verified and your appointment has been scheduled,E-postanız doğrulandı ve randevunuz planlandı,
Your order is out for delivery!,Siparişiniz teslim edilmek üzere yola çıktı!,
Your tickets,Biletleriniz,
Youtube ID,Youtube ID,
Youtube Statistics,Youtube İstatistiği,
ZIP Code,Posta Kodu,
Zero Balance,Sıfır Bakiye,
Zero Rated,Sıfır Değerinde,
Zero quantity,Sıfır Adet,
Zip File,Sıkıştırılmış dosya,
[Important] [ERPNext] Auto Reorder Errors,[Önemli] [ERPNext] Otomatik Yeniden Sıralama Hataları,
`Allow Negative rates for Items`,`Ürünler için Negatif değerlere izin ver`,
after,sonra,
and,ve,
as Code,Kod olarak,
as Description,Açıklama olarak,
as Title,Başlık olarak,
as a percentage of finished item quantity,bitmiş ürün miktarının yüzdesi olarak,
at,tarihinde,
based_on,göre,
by {},{} ile,
cannot be greater than 100,100'den büyük olamaz,
dated {0},{0} tarihli,
description,Açıklama,
development,geliştirme,
discount applied,indirim uygulandı,
doc_type,doc_type,
doctype,docType,
"e.g. ""Summer Holiday 2019 Offer 20""",veya. &quot;Yaz Tatili 2019 Teklifi 20&quot;,
example: Next Day Shipping,Örnek: Ertesi Gün Gönderilecekler,
exchangerate.host,exchangerate.host,
fieldname,alan,
frankfurter.app,frankfurter.app,
hidden,gizli,
hours,saat,
image,resim,
is already,zaten,
lft,lft,
material_request_item,malzeme_isteği_öğesi,
must be between 0 and 100,0 ile 100 arasında olmalıdır,
old_parent,eski_ebeveyn,
on,tarihinde,
or,veya,r
or its descendants,veya onunla grubundan gelen,
out of 5,5 üzerinden,
paid to,ödenen,
payments app is not installed. Please install it from {0} or {1},ödeme uygulaması yüklü değil. Lütfen {0} veya {1} adresinden yükleyin,
payments app is not installed. Please install it from {} or {},ödeme uygulaması yüklü değil. Lütfen {} veya {} adresinden yükleyin,
per hour,Saat Başı,
performing either one below:,aşağıdakilerden birini gerçekleştirin:,
product bundle item row's name in sales order. Also indicates that picked item is to be used for a product bundle,"satış siparişindeki ürün paketi öğesi satırının adı. Ayrıca, toplanan öğenin bir ürün paketi için kullanılacağını belirtir",
production,üretim,
quotation_item,teklif_kalemi,
ratings,değerlendirme,
received from,alındı:,
returned,i̇ade Edildi,
rgt,rgt,
sandbox,sandbox,
sold,satıldı,
subscription is already cancelled.,abonelik zaten iptal edildi.,
target_ref_field,target_ref_field,
temporary name,geçici isim,
title,Başlık,
to,giden,
to unallocate the amount of this Return Invoice before cancelling it.,bu İade Faturası tutarını iptal etmeden önce tahsisini kaldırmak için.,
unique e.g. SAVE20  To be used to get discount,Benzersiz bir olmalı: INDIRIM20 İndirim almak için kullanılacak.,
variance,sapma,
via BOM Update Tool,Ürün Ağacı Güncelleme Aracı ile,
will be,olacak,
you must select Capital Work in Progress Account in accounts table,Hesaplar tablosunda Sermaye Çalışması Devam Eden Hesabı'nı seçmelisiniz,
{0},{0},
{0} '{1}' is disabled,{0} '{1}' devre dışı bırakıldı.,
{0} '{1}' not in Fiscal Year {2},{0} '{1}' {2} mali yılında değil.,
{0} ({1}) cannot be greater than planned quantity ({2}) in Work Order {3},{0} ({1}) İş Emrindeki üretilecek ({2}) miktar {3} değerinden fazla olamaz,
{0} <b>{1}</b> has submitted Assets. Remove Item <b>{2}</b> from table to continue.,{0} <b>{1}</b> Varlıklar gönderdi. Devam etmek için tablodan <b>{2}</b> Kalemini kaldırın.,
{0} Account not found against Customer {1}.,{1} Müşterisine ait {0} hesabı bulunamadı.,
{0} Account: {1} ({2}) must be in either customer billing currency: {3} or Company default currency: {4},"{0} Hesabı: {1} ({2}), ya müşteri fatura para biriminde ({3}) ya da şirket varsayılan para biriminde ({4}) olmalıdır.",
{0} Budget for Account {1} against {2} {3} is {4}. It {5} exceed by {6},"{0} Hesabı için {2} {3} karşılığı bütçe {1} tutarında. Bu, {4} tarafından {6} {5} aşılabilir.",
{0} Coupon used are {1}. Allowed quantity is exhausted,{0} Kupon kullanıldı {1}. İzin verilen miktar tükendi,
{0} Digest,{0} Özeti,
{0} Number {1} is already used in {2} {3},{0} {1} sayısı zaten {2} {3} içinde kullanılıyor,
{0} Operations: {1},{0} Operasyonlar: {1},
{0} Request for {1},{1} için {0} Talebi,
"{0} Retain Sample is based on batch, please check Has Batch No to retain sample of item","{0} Numune Saklama partiye dayalıdır, lütfen Ürünün numunesini saklamak için Parti Numarası Var seçeneğini işaretleyin",
{0} Transaction(s) Reconciled,{0} İşlem Uzlaştırıldı,
{0} account is not of type {1},{0} hesabı {1} türünde değil,
{0} account not found while submitting purchase receipt,{0} Satın Alma İrsaliyesi gönderilirken hesap bulunamadı,
{0} against Bill {1} dated {2},{0} {1} tarihli faturaya karşı {2},
{0} against Purchase Order {1},{0} karşılığı {1} Satın Alma Siparişi,
{0} against Sales Invoice {1},{0} Satış Faturası {1},
{0} against Sales Order {1},{0} Satış Siparişi {1},
{0} already has a Parent Procedure {1}.,{0} zaten bir Üst Prosedüre {1} sahip.,
{0} and {1},{0} ve {1},
{0} and {1} are mandatory,{0} ve {1} zorunludur,
{0} asset cannot be transferred,{0} varlığını aktaramaz,
{0} can not be negative,{0} negatif değer olamaz,
{0} cannot be used as a Main Cost Center because it has been used as child in Cost Center Allocation {1},{0} Maliyet Merkezi Tahsisinde alt maliyet merkezi olarak kullanıldığından Ana Maliyet Merkezi olarak kullanılamaz {1},
{0} cannot be zero,{0} sıfır olamaz,
{0} created,{0} oluşturdu,
{0} currency must be same as company's default currency. Please select another account.,{0} para birimi şirketin varsayılan para birimi ile aynı olmalıdır. Lütfen başka bir hesap seçin.,
"{0} currently has a {1} Supplier Scorecard standing, and Purchase Orders to this supplier should be issued with caution.",{0} şu anda {1} Tedarikçi Puan Kartı durumuna sahiptir ve bu tedarikçiye verilen Satın Alma Siparişleri dikkatli verilmelidir.,
"{0} currently has a {1} Supplier Scorecard standing, and RFQs to this supplier should be issued with caution.",{0} şu anda {1} Tedarikçi Puan Kartı durumuna sahiptir ve bu tedarikçiye verilen Teklif Talepleri dikkatli yapılmalıdır.,
{0} does not belong to Company {1},{0} {1} şirketine ait değildir,
{0} entered twice in Item Tax,{0} iki kere ürün vergisi girildi,
{0} entered twice {1} in Item Taxes,{1} Ürün Vergilerinde iki kez {0} olarak girildi,
{0} for {1},{1} için {0},
{0} has Payment Term based allocation enabled. Select a Payment Term for Row #{1} in Payment References section,{0} için ödeme vadesine dayalı tahsis etkinleştirilmiş. Ödeme Referansları bölümünde Satır #{1} için bir ödeme vadesi seçin,
{0} has been submitted successfully,{0} Başarıyla Gönderildi,
{0} hours,{0} saat,
{0} in row {1},{0} {1} satırında,
{0} is a mandatory Accounting Dimension. <br>Please set a value for {0} in Accounting Dimensions section.,{0} zorunlu bir Muhasebe Boyutudur. <br>Lütfen Muhasebe Boyutları bölümünde {0} için bir değer ayarlayın.,
{0} is added multiple times on rows: {1},{0} satırlara birden çok kez eklendi: {1},
{0} is already running for {1},{0} zaten {1} için çalışıyor,
{0} is blocked so this transaction cannot proceed,"{0} engellendi, bu işleme devam edilemiyor",
{0} is mandatory,{0} zorunludur,
{0} is mandatory for Item {1},{0} {1} Ürünü için zorunludur,
{0} is mandatory for account {1},{0} {1} hesabı için zorunludur,
{0} is mandatory. Maybe Currency Exchange record is not created for {1} to {2},{0} zorunludur. Belki {1} ile {2} arasında Döviz Kuru kaydı oluşturulmamış olabilir,
{0} is mandatory. Maybe Currency Exchange record is not created for {1} to {2}.,{0} zorunludur. Belki {1} ile {2} arasında Döviz Kuru kaydı oluşturulmamış olabilir.,
{0} is not a company bank account,{0} bir şirket banka hesabı değildir,
{0} is not a group node. Please select a group node as parent cost center,{0} bir grup düğümü değil. Lütfen ana maliyet merkezi olarak bir grup düğümü seçin,
{0} is not a stock Item,{0} bir stok ürünü değildir,
{0} is not a valid Value for Attribute {1} of Item {2}.,"{0}, {2} Öğesinin {1} Özniteliği için geçerli bir Değer değil.",
{0} is not added in the table,Tabloya {0} eklenmedi,
{0} is not enabled in {1},"{0}, {1} içinde etkinleştirilmedi",
{0} is not running. Cannot trigger events for this Document,{0} çalışmıyor. Bu Belge için olaylar tetiklenemiyor,
{0} is not the default supplier for any items.,"{0}, hiçbir ürün için varsayılan tedarikçi değildir.",
{0} is on hold till {1},{0} {1} tarihine kadar beklemede,
{0} is required,{0} gerekli,
{0} items in progress,{0} devam eden ürünler,
{0} items lost during process.,İşlem sırasında {0} ürün kayboldu.,
{0} items produced,{0} Ürün Üretildi,
{0} must be negative in return document,{0} iade faturasında negatif değer olmalıdır,
{0} not allowed to transact with {1}. Please change the Company or add the Company in the 'Allowed To Transact With'-Section in the Customer record.,{0} {1} ile işlem yapmaya izin verilmiyor. Lütfen Şirketi değiştirin veya Müşteri kaydındaki 'İşlem Yapmaya İzin Verilenler' bölümüne Şirketi ekleyin.,
{0} not found for item {1},{1} için {0} bulunamadı,
{0} parameter is invalid,{0} parametresi geçersiz,
{0} payment entries can not be filtered by {1},{0} ödeme girişleri {1} ile filtrelenemez,
{0} qty of Item {1} is being received into Warehouse {2} with capacity {3}.,"{1} ürününden {0} miktarı, {3} kapasiteli {2} deposuna alınmaktadır.",
"{0} units are reserved for Item {1} in Warehouse {2}, please un-reserve the same to {3} the Stock Reconciliation.","{0} birim {1} Ürünü için {2} Deposunda rezerve edilmiştir, lütfen Stok Doğrulamasını {3} yapabilmek için stok rezevini kaldırın.",
{0} units of Item {1} is not available in any of the warehouses.,{1} Ürünü için gerekli olan {0} birim herhangi bir depoda bulunamadı.,
{0} units of Item {1} is picked in another Pick List.,{0} adet {1} ürünü başka bir Çekme Listesinde işaretlenmiş.,
{0} units of {1} are required in {2} with the inventory dimension: {3} ({4}) on {5} {6} for {7} to complete the transaction.,{2} içinde {3} ({4}) envanter boyutuyla {0} adet {1} ürünü gereklidir. İşlemi tamamlamak için {5} {6} tarihinde {7} için bu miktarın sağlanması gerekir.,
{0} units of {1} needed in {2} on {3} {4} for {5} to complete this transaction.,Bu işlemi tamamlamak için {5} için {3} {4} üzerinde {2} içinde {0} birim {1} gereklidir.,
{0} units of {1} needed in {2} on {3} {4} to complete this transaction.,Bu işlemi tamamlamak için {3} {4} tarihinde {2} içinde {0} adet {1} gereklidir.,
{0} units of {1} needed in {2} to complete this transaction.,Bu işlemi yapmak için {2} içinde {0} birim {1} gerekli.,
{0} until {1},{0} kadar {1},
{0} valid serial nos for Item {1},"{0}, {1} Ürünü için geçerli bir seri numarası",
{0} variants created.,{0} varyantları oluşturuldu.,
{0} will be given as discount.,{0} indirim olarak verilecektir.,
{0} {1},{0} {1},
{0} {1} Manually,{0} {1} Manuel olarak,
{0} {1} Partially Reconciled,{0} {1} Kısmen Matubakat Sağlandı,
"{0} {1} cannot be updated. If you need to make changes, we recommend canceling the existing entry and creating a new one.","{0} {1} güncellenemez. Değişiklik yapmanız gerekiyorsa, mevcut girişi iptal etmenizi ve yeni bir giriş oluşturmanızı öneririz.",
{0} {1} created,{0} {1} oluşturdu,
{0} {1} does not exist,{0} {1} mevcut değil,
{0} {1} has accounting entries in currency {2} for company {3}. Please select a receivable or payable account with currency {2}.,"{0} {1}, {3} Şirketi için {2} Para Biriminde muhasebe kayıtlarına sahiptir. Lütfen {2} Para Biriminde bir Alacak veya Borç Hesabı seçin.",
{0} {1} has already been fully paid.,{0} {1} zaten tamamen ödendi.,
{0} {1} has already been partly paid. Please use the 'Get Outstanding Invoice' or the 'Get Outstanding Orders' button to get the latest outstanding amounts.,{0} {1} zaten kısmen ödenmiştir. Ödenmemiş en son tutarları almak için lütfen 'Ödenmemiş Faturayı Al' veya 'Ödenmemiş Siparişleri Al' düğmesini kullanın.,
{0} {1} has been modified. Please refresh.,"{0}, {1} düzenledi. Lütfen sayfayı yenileyin.",
{0} {1} has not been submitted so the action cannot be completed,{0} {1} gönderilmedi bu nedenle eylem tamamlanamıyor,
{0} {1} is allocated twice in this Bank Transaction,{0} {1} bu Banka İşleminde iki kez tahsis edilmiştir,
{0} {1} is already linked to Common Code {2}.,{0} {1} zaten Ortak Kod {2} ile bağlantılıdır.,
"{0} {1} is associated with {2}, but Party Account is {3}","{0} {1} {2} ile ilişkilidir, ancak Cari Hesabı {3} olarak tanımlanmıştır",
{0} {1} is cancelled or closed,{0} {1} iptal edildi veya kapatıldı,
{0} {1} is cancelled or stopped,{0} {1} iptal edilmiş veya durdurulmuş,
{0} {1} is cancelled so the action cannot be completed,"{0} {1} iptal edildi, bu nedenle eylem tamamlanamıyor",
{0} {1} is closed,{0} {1} kapatıldı,
{0} {1} is disabled,{0} {1} devre dışı,
{0} {1} is frozen,{0} {1} donduruldu,
{0} {1} is fully billed,{0} {1} tamamen faturalandırıldı,
{0} {1} is not active,{0} {1} etkin değil,
{0} {1} is not associated with {2} {3},{0} {1} {2} {3} ile ilişkili değildir,
{0} {1} is not in any active Fiscal Year,{0} {1} herhangi bir aktif Mali Yılda değil.,
{0} {1} is not submitted,{0} {1} kaydedilmedi,
{0} {1} is on hold,{0} {1} beklemede,
{0} {1} must be submitted,{0} {1} kaydedilmelidir,
{0} {1} not allowed to be reposted. Modify {2} to enable reposting.,{0} {1} yeniden yayınlanmasına izin verilmiyor. Yeniden yayınlamayı etkinleştirmek için {2} öğesini değiştirin.,
{0} {1} status is {2},{0} {1} durumu {2},
{0} {1} via CSV File,{0} {1} CSV Dosyası ile,
{0} {1}: 'Profit and Loss' type account {2} not allowed in Opening Entry,"{0} {1}: ‘Kâr ve Zarar’ türündeki hesap {2}, Defter Girişinde kullanılamaz.",
{0} {1}: Account {2} does not belong to Company {3},{0} {1}: {2} Hesabı {3} Şirketine ait değildir,
{0} {1}: Account {2} is a Group Account and group accounts cannot be used in transactions,{0} {1}: Hesap {2} bir Grup Hesabıdır ve grup hesapları işlemlerde kullanılamaz,
{0} {1}: Account {2} is inactive,{0} {1}: Hesap {2} etkin değil,
{0} {1}: Accounting Entry for {2} can only be made in currency: {3},{0} {1}: {2} için muhasebe kaydı yalnızca bu para birimi ile yapılabilir: {3},
{0} {1}: Cost Center is mandatory for Item {2},{0} {1}: Maliyet Merkezi {2} öğesi için zorunludur,
{0} {1}: Cost Center is required for 'Profit and Loss' account {2}.,{0} {1}: 'Kâr ve Zarar' {2} hesabı için Maliyet Merkezi gereklidir.,
{0} {1}: Cost Center {2} does not belong to Company {3},"{0} {1}: Maliyet Merkezi {2}, {3} Şirketine ait değildir",
{0} {1}: Cost Center {2} is a group cost center and group cost centers cannot be used in transactions,{0} {1}: Maliyet Merkezi {2} bir grup maliyet merkezidir ve grup maliyet merkezleri işlemlerde kullanılamaz,
{0} {1}: Customer is required against Receivable account {2},"{0} {1}: Müşteri, Alacak hesapları için gerekli {2}
",
{0} {1}: Either debit or credit amount is required for {2},{0} {1}: {2} için borç ya da alacak olarak girilmelidir,
{0} {1}: Supplier is required against Payable account {2},{0} {1}: Tedarikçi Borç hesabı için gereklidir {2},
{0}%,{0}%,
{0}% Billed,{0}% Faturalandırıldı,
{0}% Delivered,{0}% Teslim Edildi,
{0}% of total invoice value will be given as discount.,Toplam fatura bedelinin %{0} oranında indirim yapılacaktır.,
{0}'s {1} cannot be after {2}'s Expected End Date.,{0} için {1} alanı {2} için Beklenen Bitiş Tarihinden sonra olamaz.,
"{0}, complete the operation {1} before the operation {2}.","{0}, {1} operasyonunu {2} operasyonundan önce tamamlayın.",
{0}: {1} does not belong to the Company: {2},{0}: {1} Şirketine ait değildir: {2},
{0}: {1} does not exists,{0}: {1} mevcut değil,
{0}: {1} must be less than {2},{0}: {1} {2} değerinden küçük olmalıdır,
{doctype} {name} is cancelled or closed.,{doctype} {name} iptal edildi veya kapatıldı.,
{item_name}'s Sample Size ({sample_size}) cannot be greater than the Accepted Quantity ({accepted_quantity}),{item_name} için Numune Boyutu ({sample_size}) Kabul Edilen Miktardan ({accepted_quantity}) büyük olamaz,
{},{},}
{} can't be cancelled since the Loyalty Points earned has been redeemed. First cancel the {} No {},Kazanılan Sadakat Puanları kullanıldığından {} iptal edilemez. Önce {} No {}'yu iptal edin,
{} has submitted assets linked to it. You need to cancel the assets to create purchase return.,{} kendisine bağlı varlıkları gönderdi. Satın alma iadesi oluşturmak için varlıkları iptal etmeniz gerekiyor.,
{} is a child company.,{} bir alt şirkettir.,
{} {} is already linked with another {},{} {} zaten başka bir {} ile bağlantılı,
{} {} is already linked with {} {},{} {} zaten {} {} ile bağlantılı,
